/*
 Navicat Premium Data Transfer

 Source Server         : test
 Source Server Type    : MySQL
 Source Server Version : 100522
 Source Host           : 202.52.146.145:3306
 Source Schema         : putrasur_dbpsp

 Target Server Type    : MySQL
 Target Server Version : 100522
 File Encoding         : 65001

 Date: 12/09/2023 14:59:46
*/

SET NAMES utf8mb4;
SET FOREIGN_KEY_CHECKS = 0;

-- ----------------------------
-- Table structure for BuktiTagihanKolektor
-- ----------------------------
DROP TABLE IF EXISTS `BuktiTagihanKolektor`;
CREATE TABLE `BuktiTagihanKolektor`  (
  `Id` varchar(50) CHARACTER SET latin1 COLLATE latin1_swedish_ci NOT NULL,
  `Invoice` varchar(50) CHARACTER SET latin1 COLLATE latin1_swedish_ci NULL DEFAULT NULL,
  `IdKolektor` varchar(50) CHARACTER SET latin1 COLLATE latin1_swedish_ci NULL DEFAULT NULL,
  `JmlPenagihan` int NULL DEFAULT NULL,
  `IsCetak` bit(1) NULL DEFAULT NULL,
  `CetakBy` varchar(50) CHARACTER SET latin1 COLLATE latin1_swedish_ci NULL DEFAULT NULL,
  `CetakDate` timestamp NOT NULL DEFAULT current_timestamp ON UPDATE CURRENT_TIMESTAMP,
  `CreateDate` timestamp NOT NULL DEFAULT curdate,
  `CreateBy` varchar(50) CHARACTER SET latin1 COLLATE latin1_swedish_ci NULL DEFAULT 'ADMIN',
  PRIMARY KEY (`Id`) USING BTREE
) ENGINE = InnoDB CHARACTER SET = latin1 COLLATE = latin1_swedish_ci ROW_FORMAT = Dynamic;

-- ----------------------------
-- Records of BuktiTagihanKolektor
-- ----------------------------
INSERT INTO `BuktiTagihanKolektor` VALUES ('SJK-2308120001', 'INV/20230805/0002', 'EMP-2304040001', 450000, b'1', 'EMP-2304040001', '2023-08-12 13:33:56', '2023-08-12 13:33:56', 'EMP-2304040001');
INSERT INTO `BuktiTagihanKolektor` VALUES ('SJK-2308120002', 'INV/20230801/0001', 'EMP-2303200001', 669000, b'1', 'EMP-2303200001', '2023-08-12 17:38:31', '2023-08-12 17:38:31', 'EMP-2303200001');
INSERT INTO `BuktiTagihanKolektor` VALUES ('SJK-2308120003', 'INV/20230801/0001', 'EMP-2304040001', 669000, b'1', 'EMP-2304040001', '2023-08-12 17:39:00', '2023-08-12 17:39:00', 'EMP-2304040001');
INSERT INTO `BuktiTagihanKolektor` VALUES ('SJK-2308120004', 'INV/20230805/0002', 'EMP-2304040001', 450000, b'1', 'EMP-2304040001', '2023-08-12 18:04:37', '2023-08-12 18:04:37', 'EMP-2304040001');
INSERT INTO `BuktiTagihanKolektor` VALUES ('SJK-2308120005', 'INV/20230724/0001', 'EMP-2304040001', 1224000, b'1', 'EMP-2304040001', '2023-08-12 20:00:53', '2023-08-12 20:00:53', 'EMP-2304040001');
INSERT INTO `BuktiTagihanKolektor` VALUES ('SJK-2308120006', 'INV/20230801/0001', 'EMP-2304040001', 669000, b'1', 'EMP-2304040001', '2023-08-12 20:20:34', '2023-08-12 20:20:34', 'EMP-2304040001');
INSERT INTO `BuktiTagihanKolektor` VALUES ('SJK-2308120007', 'INV/20230801/0001', 'EMP-2304040001', 669000, b'1', 'EMP-2304040001', '2023-08-12 21:15:30', '2023-08-12 21:15:30', 'EMP-2304040001');
INSERT INTO `BuktiTagihanKolektor` VALUES ('SJK-2308120008', 'INV/20230805/0001', 'EMP-2305160001', 3234000, b'1', 'EMP-2305160001', '2023-08-12 21:16:55', '2023-08-12 21:16:55', 'EMP-2305160001');
INSERT INTO `BuktiTagihanKolektor` VALUES ('SJK-2308120009', 'INV/20230805/0002', 'EMP-2306270001', 450000, b'1', 'EMP-2306270001', '2023-08-12 21:28:30', '2023-08-12 21:28:30', 'EMP-2306270001');
INSERT INTO `BuktiTagihanKolektor` VALUES ('SJK-2308130001', 'INV/20230801/0001', 'EMP-2305160001', 668100, b'1', 'EMP-2305160001', '2023-08-13 10:45:46', '2023-08-13 10:45:46', 'EMP-2305160001');

-- ----------------------------
-- Table structure for detailpengiriman
-- ----------------------------
DROP TABLE IF EXISTS `detailpengiriman`;
CREATE TABLE `detailpengiriman`  (
  `Id` varchar(50) CHARACTER SET utf8mb4 COLLATE utf8mb4_general_ci NOT NULL,
  `IdMso` longtext CHARACTER SET utf8mb4 COLLATE utf8mb4_general_ci NULL,
  `Sopir` varchar(50) CHARACTER SET utf8mb4 COLLATE utf8mb4_general_ci NULL DEFAULT NULL,
  `Kendaraan` varchar(50) CHARACTER SET utf8mb4 COLLATE utf8mb4_general_ci NULL DEFAULT NULL,
  `OngkosKuli` varchar(100) CHARACTER SET utf8mb4 COLLATE utf8mb4_general_ci NULL DEFAULT NULL,
  `OngkosAkomodasi` varchar(100) CHARACTER SET utf8mb4 COLLATE utf8mb4_general_ci NULL DEFAULT NULL,
  `CreateDate` timestamp NULL DEFAULT current_timestamp,
  `CreateBy` varchar(50) CHARACTER SET utf8mb4 COLLATE utf8mb4_general_ci NULL DEFAULT NULL,
  `OngkosSopir` varchar(100) CHARACTER SET utf8mb4 COLLATE utf8mb4_general_ci NULL DEFAULT NULL,
  PRIMARY KEY (`Id`) USING BTREE
) ENGINE = InnoDB CHARACTER SET = utf8mb4 COLLATE = utf8mb4_general_ci ROW_FORMAT = DYNAMIC;

-- ----------------------------
-- Records of detailpengiriman
-- ----------------------------
INSERT INTO `detailpengiriman` VALUES ('CRG-2307170001', 'INV/20230716/0001', 'EMP-2303200001', 'MOS-2303200001', '0', '0', '2023-07-17 15:54:02', 'emp-0001', '85000');
INSERT INTO `detailpengiriman` VALUES ('CRG-2307300001', 'INV/20230724/0001', 'EMP-2303200001', 'MOS-2304070001', '0', '0', '2023-07-30 17:19:25', 'emp-0001', '2000');

-- ----------------------------
-- Table structure for detailreturnbarang
-- ----------------------------
DROP TABLE IF EXISTS `detailreturnbarang`;
CREATE TABLE `detailreturnbarang`  (
  `IdReturn` varchar(50) CHARACTER SET latin1 COLLATE latin1_swedish_ci NOT NULL,
  `IdProduct` varchar(50) CHARACTER SET latin1 COLLATE latin1_swedish_ci NOT NULL,
  `JmlEdit` int NULL DEFAULT NULL,
  `JmlRusakEdit` int NULL DEFAULT NULL,
  PRIMARY KEY (`IdReturn`, `IdProduct`) USING BTREE
) ENGINE = InnoDB CHARACTER SET = latin1 COLLATE = latin1_swedish_ci ROW_FORMAT = Dynamic;

-- ----------------------------
-- Records of detailreturnbarang
-- ----------------------------
INSERT INTO `detailreturnbarang` VALUES ('RET-2308010001', 'PROD-230004', 1, 0);
INSERT INTO `detailreturnbarang` VALUES ('RET-2308010001', 'PROD-230005', 1, 0);
INSERT INTO `detailreturnbarang` VALUES ('RET-2308030001', '', 0, 0);
INSERT INTO `detailreturnbarang` VALUES ('RET-2308030001', 'PROD-230001', 0, 0);
INSERT INTO `detailreturnbarang` VALUES ('RET-2308030001', 'PROD-230003', 0, 1);
INSERT INTO `detailreturnbarang` VALUES ('RET-2308030001', 'PROD-9B4C813D343F4E73C0812D1683D7B487', 0, 0);

-- ----------------------------
-- Table structure for detailsjkolektor
-- ----------------------------
DROP TABLE IF EXISTS `detailsjkolektor`;
CREATE TABLE `detailsjkolektor`  (
  `Id` varchar(50) CHARACTER SET latin1 COLLATE latin1_swedish_ci NOT NULL,
  `IdDso` varchar(50) CHARACTER SET latin1 COLLATE latin1_swedish_ci NULL DEFAULT NULL,
  `IdProduct` varchar(50) CHARACTER SET latin1 COLLATE latin1_swedish_ci NULL DEFAULT NULL,
  `JmlTerkirim` int NULL DEFAULT NULL,
  `CreateDate` timestamp NOT NULL DEFAULT current_timestamp,
  `CreateBy` varchar(50) CHARACTER SET latin1 COLLATE latin1_swedish_ci NULL DEFAULT NULL,
  PRIMARY KEY (`Id`) USING BTREE
) ENGINE = InnoDB CHARACTER SET = latin1 COLLATE = latin1_swedish_ci ROW_FORMAT = Dynamic;

-- ----------------------------
-- Records of detailsjkolektor
-- ----------------------------
INSERT INTO `detailsjkolektor` VALUES ('DSJ-2307210001', 'DSO-2307210001', 'PROD-230002', 16, '2023-07-21 21:22:33', 'emp-0001');
INSERT INTO `detailsjkolektor` VALUES ('DSJ-2307210002', 'DSO-2307210002', 'PROD-230001', 6, '2023-07-21 21:22:33', 'emp-0001');
INSERT INTO `detailsjkolektor` VALUES ('DSJ-2307310001', 'DSO-2307310003', 'PROD-C5F5951606E7689BD0C55D622D2B00F1', 7, '2023-07-31 19:52:04', 'emp-0001');
INSERT INTO `detailsjkolektor` VALUES ('DSJ-2307310002', 'DSO-2307310001', 'PROD-0FAAC2BF894C1A31E69B3D24BDB57EEF', 1, '2023-07-31 19:52:04', 'emp-0001');
INSERT INTO `detailsjkolektor` VALUES ('DSJ-2307310003', 'DSO-2307310002', 'PROD-062AD13AB70984A7B0A155B95B4446CB', 6, '2023-07-31 19:52:04', 'emp-0001');
INSERT INTO `detailsjkolektor` VALUES ('DSJ-2307310004', 'DSO-2307310005', 'PROD-230005', 4, '2023-07-31 20:48:18', 'emp-0001');
INSERT INTO `detailsjkolektor` VALUES ('DSJ-2307310005', 'DSO-2307310004', 'PROD-230004', 5, '2023-07-31 20:48:18', 'emp-0001');
INSERT INTO `detailsjkolektor` VALUES ('DSJ-2308030001', 'DSO-2308030004', 'PROD-9B4C813D343F4E73C0812D1683D7B487', 1, '2023-08-03 18:36:44', 'emp-0001');
INSERT INTO `detailsjkolektor` VALUES ('DSJ-2308030002', 'DSO-2308030002', 'PROD-230003', 1, '2023-08-03 18:36:44', 'emp-0001');
INSERT INTO `detailsjkolektor` VALUES ('DSJ-2308030003', 'DSO-2308030001', 'PROD-230001', 1, '2023-08-03 18:36:44', 'emp-0001');
INSERT INTO `detailsjkolektor` VALUES ('DSJ-2308050001', 'DSO-2308050001', 'PROD-230016', 49, '2023-08-05 16:52:44', 'EMP-A6E622809C1FE3E89BE43FDEA088C81E');
INSERT INTO `detailsjkolektor` VALUES ('DSJ-2308050002', 'DSO-2308050003', 'PROD-230015', 9, '2023-08-05 17:18:01', 'emp-0001');
INSERT INTO `detailsjkolektor` VALUES ('DSJ-2308050003', 'DSO-2308050002', 'PROD-230003', 0, '2023-08-05 17:18:01', 'emp-0001');
INSERT INTO `detailsjkolektor` VALUES ('DSJ-2308080001', 'DSO-2308050005', 'PROD-230016', 10, '2023-08-08 17:14:50', 'emp-0001');
INSERT INTO `detailsjkolektor` VALUES ('DSJ-2308080002', 'DSO-2308050006', 'PROD-230005', 10, '2023-08-08 17:14:50', 'emp-0001');

-- ----------------------------
-- Table structure for detailso
-- ----------------------------
DROP TABLE IF EXISTS `detailso`;
CREATE TABLE `detailso`  (
  `Id` varchar(50) CHARACTER SET latin1 COLLATE latin1_swedish_ci NOT NULL,
  `IdSo` varchar(50) CHARACTER SET latin1 COLLATE latin1_swedish_ci NULL DEFAULT NULL,
  `IdProduct` varchar(50) CHARACTER SET latin1 COLLATE latin1_swedish_ci NULL DEFAULT NULL,
  `Jml` int NULL DEFAULT NULL,
  `Harga` int NULL DEFAULT NULL,
  `Disc` int NULL DEFAULT NULL,
  `SubTotal` int NULL DEFAULT NULL COMMENT 'Harga * Jml - Disc',
  `StatusBatal` bit(1) NULL DEFAULT b'0',
  `BatalBy` varchar(50) CHARACTER SET latin1 COLLATE latin1_swedish_ci NULL DEFAULT NULL,
  `BatalDate` timestamp NOT NULL DEFAULT current_timestamp ON UPDATE CURRENT_TIMESTAMP,
  `OngkosKuli` int NULL DEFAULT NULL,
  `CreateBy` varchar(50) CHARACTER SET latin1 COLLATE latin1_swedish_ci NULL DEFAULT NULL,
  `CreateDate` timestamp NOT NULL DEFAULT current_timestamp,
  PRIMARY KEY (`Id`) USING BTREE
) ENGINE = InnoDB CHARACTER SET = latin1 COLLATE = latin1_swedish_ci ROW_FORMAT = Dynamic;

-- ----------------------------
-- Records of detailso
-- ----------------------------
INSERT INTO `detailso` VALUES ('DSO-2307210001', 'MSO-2307210001', 'PROD-230002', 2, 41000, 2000, 80000, b'0', NULL, '2023-07-21 19:58:18', 350, 'EMP-55E7B147297B6E1D6CB9C6F336CD69A1', '2023-07-21 19:58:18');
INSERT INTO `detailso` VALUES ('DSO-2307210002', 'MSO-2307210001', 'PROD-230001', 1, 96000, 1000, 95000, b'0', NULL, '2023-07-21 19:58:18', 350, 'EMP-55E7B147297B6E1D6CB9C6F336CD69A1', '2023-07-21 19:58:18');
INSERT INTO `detailso` VALUES ('DSO-2307310001', 'MSO-2307310001', 'PROD-0FAAC2BF894C1A31E69B3D24BDB57EEF', 1, 9898, 1000, 48490, b'0', NULL, '2023-08-02 19:56:17', 10, 'emp-0001', '2023-07-31 19:03:24');
INSERT INTO `detailso` VALUES ('DSO-2307310002', 'MSO-2307310001', 'PROD-062AD13AB70984A7B0A155B95B4446CB', 6, 55000, 2000, 328000, b'0', NULL, '2023-07-31 19:57:18', 20, 'emp-0001', '2023-07-31 19:03:24');
INSERT INTO `detailso` VALUES ('DSO-2307310003', 'MSO-2307310001', 'PROD-C5F5951606E7689BD0C55D622D2B00F1', 7, 22000, 3000, 151000, b'0', NULL, '2023-07-31 19:57:15', 10, 'emp-0001', '2023-07-31 19:03:24');
INSERT INTO `detailso` VALUES ('DSO-2307310004', 'MSO-2307310002', 'PROD-230004', 5, 96000, 1000, 479000, b'0', NULL, '2023-07-31 20:45:32', 350, 'EMP-55E7B147297B6E1D6CB9C6F336CD69A1', '2023-07-31 20:45:32');
INSERT INTO `detailso` VALUES ('DSO-2307310005', 'MSO-2307310002', 'PROD-230005', 4, 96000, 2000, 382000, b'0', NULL, '2023-07-31 20:45:32', 350, 'EMP-55E7B147297B6E1D6CB9C6F336CD69A1', '2023-07-31 20:45:32');
INSERT INTO `detailso` VALUES ('DSO-2308020001', 'MSO-2308020001', 'PROD-0FAAC2BF894C1A31E69B3D24BDB57EEF', 4, 9898, 0, 39592, b'0', NULL, '2023-08-02 19:56:17', 10, 'emp-0001', '2023-08-02 19:56:17');
INSERT INTO `detailso` VALUES ('DSO-2308020002', 'MSO-2308020001', 'PROD-062AD13AB70984A7B0A155B95B4446CB', 1, 55000, 0, 55000, b'0', NULL, '2023-08-02 19:56:17', 20, 'emp-0001', '2023-08-02 19:56:17');
INSERT INTO `detailso` VALUES ('DSO-2308030001', 'MSO-2308030001', 'PROD-230001', 1, 96000, 0, 96000, b'0', NULL, '2023-08-03 18:34:43', 350, 'EMP-55E7B147297B6E1D6CB9C6F336CD69A1', '2023-08-03 18:34:43');
INSERT INTO `detailso` VALUES ('DSO-2308030002', 'MSO-2308030001', 'PROD-230003', 1, 96000, 0, 96000, b'0', NULL, '2023-08-03 18:34:43', 350, 'EMP-55E7B147297B6E1D6CB9C6F336CD69A1', '2023-08-03 18:34:43');
INSERT INTO `detailso` VALUES ('DSO-2308030003', 'MSO-2308030001', 'PROD-230006', 1, 96000, 0, 96000, b'0', NULL, '2023-08-03 18:34:43', 350, 'EMP-55E7B147297B6E1D6CB9C6F336CD69A1', '2023-08-03 18:34:43');
INSERT INTO `detailso` VALUES ('DSO-2308030004', 'MSO-2308030001', 'PROD-9B4C813D343F4E73C0812D1683D7B487', 1, 10000, 0, 10000, b'0', NULL, '2023-08-03 18:34:43', 100, 'emp-0001', '2023-08-03 18:34:43');
INSERT INTO `detailso` VALUES ('DSO-2308050001', 'MSO-2308050001', 'PROD-230016', 50, 66000, 0, 3300000, b'0', NULL, '2023-08-05 16:50:12', 300, 'EMP-55E7B147297B6E1D6CB9C6F336CD69A1', '2023-08-05 16:50:12');
INSERT INTO `detailso` VALUES ('DSO-2308050002', 'MSO-2308050002', 'PROD-230003', 5, 96000, 0, 960000, b'0', NULL, '2023-08-20 16:02:06', 350, 'EMP-55E7B147297B6E1D6CB9C6F336CD69A1', '2023-08-05 17:15:11');
INSERT INTO `detailso` VALUES ('DSO-2308050003', 'MSO-2308050002', 'PROD-230015', 10, 50000, 0, 500000, b'0', NULL, '2023-08-05 17:15:11', 250, 'EMP-55E7B147297B6E1D6CB9C6F336CD69A1', '2023-08-05 17:15:11');
INSERT INTO `detailso` VALUES ('DSO-2308050004', 'MSO-2308050003', 'PROD-230008', 10, 98000, 0, 980000, b'0', NULL, '2023-08-05 17:27:11', 400, 'EMP-55E7B147297B6E1D6CB9C6F336CD69A1', '2023-08-05 17:27:11');
INSERT INTO `detailso` VALUES ('DSO-2308050005', 'MSO-2308050004', 'PROD-230016', 10, 66000, 0, 660000, b'0', NULL, '2023-08-05 17:43:52', 300, 'EMP-55E7B147297B6E1D6CB9C6F336CD69A1', '2023-08-05 17:43:52');
INSERT INTO `detailso` VALUES ('DSO-2308050006', 'MSO-2308050004', 'PROD-230005', 10, 150000, 0, 1500000, b'0', NULL, '2023-08-05 17:43:52', 350, 'EMP-55E7B147297B6E1D6CB9C6F336CD69A1', '2023-08-05 17:43:52');
INSERT INTO `detailso` VALUES ('DSO-2308050007', 'MSO-2308050005', 'PROD-230001', 10, 100000, 0, 1000000, b'0', NULL, '2023-08-05 17:48:55', 350, 'EMP-55E7B147297B6E1D6CB9C6F336CD69A1', '2023-08-05 17:48:55');
INSERT INTO `detailso` VALUES ('DSO-2308050008', 'MSO-2308050005', 'PROD-230004', 11, 125000, 0, 1375000, b'0', NULL, '2023-08-05 17:48:55', 350, 'EMP-55E7B147297B6E1D6CB9C6F336CD69A1', '2023-08-05 17:48:55');
INSERT INTO `detailso` VALUES ('DSO-2308050009', 'MSO-2308050005', 'PROD-230016', 50, 67000, 0, 3350000, b'0', NULL, '2023-08-05 17:48:55', 300, 'EMP-55E7B147297B6E1D6CB9C6F336CD69A1', '2023-08-05 17:48:55');
INSERT INTO `detailso` VALUES ('DSO-2308050010', 'MSO-2308050005', 'PROD-230002', 10, 41000, 0, 410000, b'0', NULL, '2023-08-05 17:48:55', 350, 'EMP-55E7B147297B6E1D6CB9C6F336CD69A1', '2023-08-05 17:48:55');
INSERT INTO `detailso` VALUES ('DSO-2308050011', 'MSO-2308050005', 'PROD-230001', 10, 100000, 0, 1000000, b'0', NULL, '2023-08-05 17:48:55', 350, 'EMP-55E7B147297B6E1D6CB9C6F336CD69A1', '2023-08-05 17:48:55');
INSERT INTO `detailso` VALUES ('DSO-2308050012', 'MSO-2308050005', 'PROD-230004', 11, 125000, 0, 1375000, b'0', NULL, '2023-08-05 17:48:55', 350, 'EMP-55E7B147297B6E1D6CB9C6F336CD69A1', '2023-08-05 17:48:55');
INSERT INTO `detailso` VALUES ('DSO-2308050013', 'MSO-2308050005', 'PROD-230016', 50, 67000, 0, 3350000, b'0', NULL, '2023-08-05 17:48:55', 300, 'EMP-55E7B147297B6E1D6CB9C6F336CD69A1', '2023-08-05 17:48:55');
INSERT INTO `detailso` VALUES ('DSO-2308050014', 'MSO-2308050005', 'PROD-230002', 10, 41000, 0, 410000, b'0', NULL, '2023-08-05 17:48:55', 350, 'EMP-55E7B147297B6E1D6CB9C6F336CD69A1', '2023-08-05 17:48:55');
INSERT INTO `detailso` VALUES ('DSO-2308050015', 'MSO-2308050006', 'PROD-230001', 10, 100000, 0, 1000000, b'0', NULL, '2023-08-05 17:48:55', 350, 'EMP-55E7B147297B6E1D6CB9C6F336CD69A1', '2023-08-05 17:48:55');
INSERT INTO `detailso` VALUES ('DSO-2308050016', 'MSO-2308050006', 'PROD-230004', 11, 125000, 0, 1375000, b'0', NULL, '2023-08-05 17:48:55', 350, 'EMP-55E7B147297B6E1D6CB9C6F336CD69A1', '2023-08-05 17:48:55');
INSERT INTO `detailso` VALUES ('DSO-2308050017', 'MSO-2308050006', 'PROD-230016', 50, 67000, 0, 3350000, b'0', NULL, '2023-08-05 17:48:55', 300, 'EMP-55E7B147297B6E1D6CB9C6F336CD69A1', '2023-08-05 17:48:55');
INSERT INTO `detailso` VALUES ('DSO-2308050018', 'MSO-2308050006', 'PROD-230002', 10, 41000, 0, 410000, b'0', NULL, '2023-08-05 17:48:55', 350, 'EMP-55E7B147297B6E1D6CB9C6F336CD69A1', '2023-08-05 17:48:55');
INSERT INTO `detailso` VALUES ('DSO-2308050019', 'MSO-2308050006', 'PROD-230001', 10, 100000, 0, 1000000, b'0', NULL, '2023-08-05 17:48:55', 350, 'EMP-55E7B147297B6E1D6CB9C6F336CD69A1', '2023-08-05 17:48:55');
INSERT INTO `detailso` VALUES ('DSO-2308050020', 'MSO-2308050006', 'PROD-230004', 11, 125000, 0, 1375000, b'0', NULL, '2023-08-05 17:48:55', 350, 'EMP-55E7B147297B6E1D6CB9C6F336CD69A1', '2023-08-05 17:48:55');
INSERT INTO `detailso` VALUES ('DSO-2308050021', 'MSO-2308050006', 'PROD-230016', 50, 67000, 0, 3350000, b'0', NULL, '2023-08-05 17:48:55', 300, 'EMP-55E7B147297B6E1D6CB9C6F336CD69A1', '2023-08-05 17:48:55');
INSERT INTO `detailso` VALUES ('DSO-2308050022', 'MSO-2308050006', 'PROD-230002', 10, 41000, 0, 410000, b'0', NULL, '2023-08-05 17:48:55', 350, 'EMP-55E7B147297B6E1D6CB9C6F336CD69A1', '2023-08-05 17:48:55');
INSERT INTO `detailso` VALUES ('DSO-2308050023', 'MSO-2308050006', 'PROD-230001', 10, 100000, 0, 1000000, b'0', NULL, '2023-08-05 17:48:56', 350, 'EMP-55E7B147297B6E1D6CB9C6F336CD69A1', '2023-08-05 17:48:56');
INSERT INTO `detailso` VALUES ('DSO-2308050024', 'MSO-2308050006', 'PROD-230004', 11, 125000, 0, 1375000, b'0', NULL, '2023-08-05 17:48:56', 350, 'EMP-55E7B147297B6E1D6CB9C6F336CD69A1', '2023-08-05 17:48:56');
INSERT INTO `detailso` VALUES ('DSO-2308050025', 'MSO-2308050006', 'PROD-230016', 50, 67000, 0, 3350000, b'0', NULL, '2023-08-05 17:48:56', 300, 'EMP-55E7B147297B6E1D6CB9C6F336CD69A1', '2023-08-05 17:48:56');
INSERT INTO `detailso` VALUES ('DSO-2308050026', 'MSO-2308050006', 'PROD-230002', 10, 41000, 0, 410000, b'0', NULL, '2023-08-05 17:48:56', 350, 'EMP-55E7B147297B6E1D6CB9C6F336CD69A1', '2023-08-05 17:48:56');
INSERT INTO `detailso` VALUES ('DSO-2308050027', 'MSO-2308050006', 'PROD-230001', 10, 100000, 0, 1000000, b'0', NULL, '2023-08-05 17:48:57', 350, 'EMP-55E7B147297B6E1D6CB9C6F336CD69A1', '2023-08-05 17:48:57');
INSERT INTO `detailso` VALUES ('DSO-2308050028', 'MSO-2308050006', 'PROD-230004', 11, 125000, 0, 1375000, b'0', NULL, '2023-08-05 17:48:57', 350, 'EMP-55E7B147297B6E1D6CB9C6F336CD69A1', '2023-08-05 17:48:57');
INSERT INTO `detailso` VALUES ('DSO-2308050029', 'MSO-2308050006', 'PROD-230016', 50, 67000, 0, 3350000, b'0', NULL, '2023-08-05 17:48:57', 300, 'EMP-55E7B147297B6E1D6CB9C6F336CD69A1', '2023-08-05 17:48:57');
INSERT INTO `detailso` VALUES ('DSO-2308050030', 'MSO-2308050006', 'PROD-230002', 10, 41000, 0, 410000, b'0', NULL, '2023-08-05 17:48:57', 350, 'EMP-55E7B147297B6E1D6CB9C6F336CD69A1', '2023-08-05 17:48:57');
INSERT INTO `detailso` VALUES ('DSO-2308200001', 'MSO-2308200001', 'PROD-230001', 1, 96000, 0, 96000, b'0', NULL, '2023-08-20 16:02:05', 350, 'EMP-55E7B147297B6E1D6CB9C6F336CD69A1', '2023-08-20 16:02:05');
INSERT INTO `detailso` VALUES ('DSO-2308200002', 'MSO-2308200001', 'PROD-230003', 5, 96000, 0, 480000, b'0', NULL, '2023-08-20 16:02:05', 350, 'EMP-55E7B147297B6E1D6CB9C6F336CD69A1', '2023-08-20 16:02:05');
INSERT INTO `detailso` VALUES ('DSO-2308220001', 'MSO-2308220001', 'PROD-230005', 15, 132000, 0, 1980000, b'0', NULL, '2023-08-22 08:49:14', 350, 'EMP-55E7B147297B6E1D6CB9C6F336CD69A1', '2023-08-22 08:49:14');
INSERT INTO `detailso` VALUES ('DSO-2308220002', 'MSO-2308220001', 'PROD-230002', 20, 42000, 0, 840000, b'0', NULL, '2023-08-22 08:49:14', 350, 'EMP-55E7B147297B6E1D6CB9C6F336CD69A1', '2023-08-22 08:49:14');
INSERT INTO `detailso` VALUES ('DSO-2308220003', 'MSO-2308220001', 'PROD-230010', 1, 928000, 0, 928000, b'0', NULL, '2023-08-22 08:49:14', 2000, 'EMP-55E7B147297B6E1D6CB9C6F336CD69A1', '2023-08-22 08:49:14');
INSERT INTO `detailso` VALUES ('DSO-2308220004', 'MSO-2308220002', 'PROD-230016', 50, 0, 0, 0, b'0', NULL, '2023-08-22 08:53:15', 300, 'EMP-55E7B147297B6E1D6CB9C6F336CD69A1', '2023-08-22 08:53:15');

-- ----------------------------
-- Table structure for detailsoOLD
-- ----------------------------
DROP TABLE IF EXISTS `detailsoOLD`;
CREATE TABLE `detailsoOLD`  (
  `Id` varchar(50) CHARACTER SET latin1 COLLATE latin1_swedish_ci NOT NULL,
  `IdSo` varchar(50) CHARACTER SET latin1 COLLATE latin1_swedish_ci NULL DEFAULT NULL,
  `IdProduct` varchar(50) CHARACTER SET latin1 COLLATE latin1_swedish_ci NULL DEFAULT NULL,
  `Jml` int NULL DEFAULT NULL,
  `Harga` int NULL DEFAULT NULL,
  `Disc` int NULL DEFAULT NULL,
  `SubTotal` int NULL DEFAULT NULL,
  `CreateBy` varchar(50) CHARACTER SET latin1 COLLATE latin1_swedish_ci NULL DEFAULT NULL,
  `CreateDate` timestamp NULL DEFAULT current_timestamp,
  `StatusBatal` varchar(5) CHARACTER SET latin1 COLLATE latin1_swedish_ci NULL DEFAULT NULL,
  `BatalDate` timestamp NULL DEFAULT NULL,
  `OngkosKuli` int NULL DEFAULT NULL,
  `BatalBy` varchar(50) CHARACTER SET latin1 COLLATE latin1_swedish_ci NULL DEFAULT NULL,
  PRIMARY KEY (`Id`) USING BTREE
) ENGINE = InnoDB CHARACTER SET = latin1 COLLATE = latin1_swedish_ci ROW_FORMAT = COMPACT;

-- ----------------------------
-- Records of detailsoOLD
-- ----------------------------
INSERT INTO `detailsoOLD` VALUES ('DSO-2303120001', 'MSO-2303120001', 'PROD-230003', 2, 96000, 0, 192000, 'emp-0001', '2023-03-12 16:43:43', '1', '2023-03-12 18:20:24', 350, 'emp-0001');
INSERT INTO `detailsoOLD` VALUES ('DSO-2303120002', 'MSO-2303120001', 'PROD-230002', 1, 41000, 0, 41000, 'emp-0001', '2023-03-12 16:44:00', '1', '2023-03-12 18:20:24', 350, 'emp-0001');
INSERT INTO `detailsoOLD` VALUES ('DSO-2303120003-1', 'MSO-2303120002', 'PROD-230003', 1, 96000, 0, 96000, 'emp-0001', '2023-03-12 18:20:24', '1', '2023-04-12 20:25:47', 350, 'emp-0001');
INSERT INTO `detailsoOLD` VALUES ('DSO-2303120003-2', 'MSO-2303120002', 'PROD-230002', 0, 41000, 0, 0, 'emp-0001', '2023-03-12 18:20:24', '1', '2023-04-12 20:25:47', 350, 'emp-0001');
INSERT INTO `detailsoOLD` VALUES ('DSO-2303130001', 'MSO-2303130001', 'PROD-230003', 1, 96000, 0, 96000, 'emp-0001', '2023-03-13 13:47:02', '1', '2023-04-12 20:29:25', 350, 'emp-0001');
INSERT INTO `detailsoOLD` VALUES ('DSO-2303160001', 'MSO-2303160001', 'PROD-9B4C813D343F4E73C0812D1683D7B487', 1, 10000, 0, 10000, 'emp-0001', '2023-03-16 19:54:29', '1', '2023-04-14 14:42:17', 100, 'emp-0001');
INSERT INTO `detailsoOLD` VALUES ('DSO-2303160002', 'MSO-2303160001', 'PROD-230012', 1, 1024000, 0, 1024000, 'emp-0001', '2023-03-16 19:54:39', '1', '2023-04-14 14:42:17', 2000, 'emp-0001');
INSERT INTO `detailsoOLD` VALUES ('DSO-2304040001', 'MSO-2304040001', 'PROD-230002', 25, 41000, 0, 1025000, 'EMP-A6E622809C1FE3E89BE43FDEA088C81E', '2023-04-04 16:51:15', '', NULL, 350, NULL);
INSERT INTO `detailsoOLD` VALUES ('DSO-2304040002', 'MSO-2304040001', 'PROD-230008', 10, 98000, 0, 980000, 'EMP-A6E622809C1FE3E89BE43FDEA088C81E', '2023-04-04 16:51:28', '', NULL, 400, NULL);
INSERT INTO `detailsoOLD` VALUES ('DSO-2304070001', 'MSO-2304070001', 'PROD-230003', 1, 96000, 2000, 190000, 'EMP-A6E622809C1FE3E89BE43FDEA088C81E', '2023-04-07 11:26:07', '1', '2023-04-07 13:23:17', 350, 'EMP-A6E622809C1FE3E89BE43FDEA088C81E');
INSERT INTO `detailsoOLD` VALUES ('DSO-2304070002', 'MSO-2304070001', 'PROD-230002', 1, 41000, 0, 41000, 'EMP-A6E622809C1FE3E89BE43FDEA088C81E', '2023-04-07 11:26:33', '1', '2023-04-07 13:23:17', 350, 'EMP-A6E622809C1FE3E89BE43FDEA088C81E');
INSERT INTO `detailsoOLD` VALUES ('DSO-2304070003-1', 'MSO-2304070002', 'PROD-230003', 1, 96000, 2000, 96000, 'EMP-A6E622809C1FE3E89BE43FDEA088C81E', '2023-04-07 13:23:17', NULL, NULL, 350, NULL);
INSERT INTO `detailsoOLD` VALUES ('DSO-2304070003-2', 'MSO-2304070002', 'PROD-230002', 0, 41000, 0, 0, 'EMP-A6E622809C1FE3E89BE43FDEA088C81E', '2023-04-07 13:23:17', NULL, NULL, 350, NULL);
INSERT INTO `detailsoOLD` VALUES ('DSO-2304120001', 'MSO-2304120001', 'PROD-230002', 2, 41000, 1000, 81000, 'emp-0001', '2023-04-12 11:03:15', '1', '2023-04-12 20:32:02', 350, 'emp-0001');
INSERT INTO `detailsoOLD` VALUES ('DSO-2304120002', 'MSO-2304120001', 'PROD-9B4C813D343F4E73C0812D1683D7B487', 3, 10000, 1000, 29000, 'emp-0001', '2023-04-12 11:03:25', '1', '2023-04-12 20:32:02', 100, 'emp-0001');
INSERT INTO `detailsoOLD` VALUES ('DSO-2304120003-1', 'MSO-2304120002', 'PROD-230003', 2, 96000, 0, 192000, 'emp-0001', '2023-04-12 20:21:47', '1', '2023-04-17 09:57:58', 350, 'emp-0001');
INSERT INTO `detailsoOLD` VALUES ('DSO-2304120007-1', 'MSO-2304120006', 'PROD-230003', 2, 96000, 1000, 192000, 'emp-0001', '2023-04-12 20:29:25', '1', '2023-04-17 09:59:52', 350, 'emp-0001');
INSERT INTO `detailsoOLD` VALUES ('DSO-2304120008-1', 'MSO-2304120007', 'PROD-230002', 5, 41000, 1000, 205000, 'emp-0001', '2023-04-12 20:32:02', NULL, NULL, 350, NULL);
INSERT INTO `detailsoOLD` VALUES ('DSO-2304120008-2', 'MSO-2304120007', 'PROD-9B4C813D343F4E73C0812D1683D7B487', 5, 10000, 1000, 50000, 'emp-0001', '2023-04-12 20:32:02', NULL, NULL, 100, NULL);
INSERT INTO `detailsoOLD` VALUES ('DSO-2304140001-1', 'MSO-2304140001', 'PROD-9B4C813D343F4E73C0812D1683D7B487', 1, 10000, 0, 10000, 'emp-0001', '2023-04-14 14:42:17', NULL, NULL, 100, NULL);
INSERT INTO `detailsoOLD` VALUES ('DSO-2304140001-2', 'MSO-2304140001', 'PROD-230012', 0, 1024000, 0, 0, 'emp-0001', '2023-04-14 14:42:17', NULL, NULL, 2000, NULL);
INSERT INTO `detailsoOLD` VALUES ('DSO-2304140002', 'MSO-2304140002', 'PROD-230009', 1, 1568000, 0, 1568000, 'emp-0001', '2023-04-14 19:35:59', '', NULL, 2000, NULL);
INSERT INTO `detailsoOLD` VALUES ('DSO-2304140003', 'MSO-2304140003', 'PROD-9B4C813D343F4E73C0812D1683D7B487', 10, 10000, 0, 100000, 'emp-0001', '2023-04-14 20:55:33', '', NULL, 100, NULL);
INSERT INTO `detailsoOLD` VALUES ('DSO-2304140004', 'MSO-2304140004', 'PROD-9B4C813D343F4E73C0812D1683D7B487', 1, 10000, 0, 10000, 'emp-0001', '2023-04-14 21:00:46', '', NULL, 100, NULL);
INSERT INTO `detailsoOLD` VALUES ('DSO-2304140005', 'MSO-2304140005', 'PROD-9B4C813D343F4E73C0812D1683D7B487', 1, 10000, 0, 10000, 'emp-0001', '2023-04-14 21:11:19', '', NULL, 100, NULL);
INSERT INTO `detailsoOLD` VALUES ('DSO-2304200001', 'MSO-2304200001', 'PROD-230003', 5, 96000, 2000, 478000, 'emp-0001', '2023-04-20 09:30:35', '', NULL, 350, NULL);
INSERT INTO `detailsoOLD` VALUES ('DSO-2304200002', 'MSO-2304200001', 'PROD-062AD13AB70984A7B0A155B95B4446CB', 1, 55000, 2000, 53000, 'emp-0001', '2023-04-20 09:30:49', '', NULL, 20, NULL);
INSERT INTO `detailsoOLD` VALUES ('DSO-2305040001', 'MSO-2305040001', 'PROD-230002', 50, 41000, 1000, 2049000, 'EMP-A6E622809C1FE3E89BE43FDEA088C81E', '2023-05-04 17:17:02', '', NULL, 350, NULL);
INSERT INTO `detailsoOLD` VALUES ('DSO-2305040002', 'MSO-2305040001', 'PROD-230014', 2, 305000, 500, 609500, 'EMP-A6E622809C1FE3E89BE43FDEA088C81E', '2023-05-04 17:18:14', '', NULL, 500, NULL);
INSERT INTO `detailsoOLD` VALUES ('DSO-2305040003', 'MSO-2305040001', 'PROD-230003', 50, 96000, 1000, 4799000, 'EMP-A6E622809C1FE3E89BE43FDEA088C81E', '2023-05-04 17:19:56', '', NULL, 350, NULL);
INSERT INTO `detailsoOLD` VALUES ('DSO-2305040004', 'MSO-2305040002', 'PROD-230013', 25, 80000, 0, 2000000, 'EMP-A6E622809C1FE3E89BE43FDEA088C81E', '2023-05-04 18:49:14', '1', '2023-05-04 19:06:34', 250, 'EMP-A6E622809C1FE3E89BE43FDEA088C81E');
INSERT INTO `detailsoOLD` VALUES ('DSO-2305040005', 'MSO-2305040002', 'PROD-230006', 40, 182000, 40000, 7240000, 'EMP-A6E622809C1FE3E89BE43FDEA088C81E', '2023-05-04 18:50:00', '1', '2023-05-04 19:06:34', 350, 'EMP-A6E622809C1FE3E89BE43FDEA088C81E');
INSERT INTO `detailsoOLD` VALUES ('DSO-2305040006-1', 'MSO-2305040003', 'PROD-230013', 0, 80000, 0, 0, 'EMP-A6E622809C1FE3E89BE43FDEA088C81E', '2023-05-04 19:06:34', NULL, NULL, 250, NULL);
INSERT INTO `detailsoOLD` VALUES ('DSO-2305040006-2', 'MSO-2305040003', 'PROD-230006', 0, 182000, 40000, 0, 'EMP-A6E622809C1FE3E89BE43FDEA088C81E', '2023-05-04 19:06:34', NULL, NULL, 350, NULL);
INSERT INTO `detailsoOLD` VALUES ('DSO-2305040007', 'MSO-2305040004', 'PROD-230016', 75, 70000, 75000, 5175000, 'EMP-A6E622809C1FE3E89BE43FDEA088C81E', '2023-05-04 19:13:06', '', NULL, 300, NULL);
INSERT INTO `detailsoOLD` VALUES ('DSO-2305040008', 'MSO-2305040004', 'PROD-230008', 5, 98000, 5000, 485000, 'EMP-A6E622809C1FE3E89BE43FDEA088C81E', '2023-05-04 19:13:33', '', NULL, 400, NULL);
INSERT INTO `detailsoOLD` VALUES ('DSO-2305040009', 'MSO-2305040005', 'PROD-230012', 2, 1024000, 0, 2048000, 'EMP-A6E622809C1FE3E89BE43FDEA088C81E', '2023-05-04 19:14:51', '', NULL, 2000, NULL);
INSERT INTO `detailsoOLD` VALUES ('DSO-2305040010', 'MSO-2305040005', 'PROD-230011', 1, 1440000, 0, 1440000, 'EMP-A6E622809C1FE3E89BE43FDEA088C81E', '2023-05-04 19:14:55', '', NULL, 2000, NULL);
INSERT INTO `detailsoOLD` VALUES ('DSO-2305040011', 'MSO-2305040006', 'PROD-230001', 49, 150000, 0, 7350000, 'EMP-A6E622809C1FE3E89BE43FDEA088C81E', '2023-05-04 19:20:33', '', NULL, 350, NULL);
INSERT INTO `detailsoOLD` VALUES ('DSO-2305040012', 'MSO-2305040006', 'PROD-230009', 1, 1568000, 15000, 1553000, 'EMP-A6E622809C1FE3E89BE43FDEA088C81E', '2023-05-04 19:21:51', '', NULL, 2000, NULL);
INSERT INTO `detailsoOLD` VALUES ('DSO-2305040013', 'MSO-2305040007', 'PROD-230014', 5, 305000, 5000, 1520000, 'EMP-A6E622809C1FE3E89BE43FDEA088C81E', '2023-05-04 19:29:27', '1', '2023-05-04 19:32:12', 500, 'EMP-A6E622809C1FE3E89BE43FDEA088C81E');
INSERT INTO `detailsoOLD` VALUES ('DSO-2305040014', 'MSO-2305040007', 'PROD-230015', 20, 50000, 0, 1000000, 'EMP-A6E622809C1FE3E89BE43FDEA088C81E', '2023-05-04 19:30:05', '1', '2023-05-04 19:32:12', 250, 'EMP-A6E622809C1FE3E89BE43FDEA088C81E');
INSERT INTO `detailsoOLD` VALUES ('DSO-2305040015', 'MSO-2305040008', 'PROD-062AD13AB70984A7B0A155B95B4446CB', 1, 55000, 0, 55000, 'emp-0001', '2023-05-04 19:59:42', '1', '2023-05-04 20:00:34', 20, 'emp-0001');
INSERT INTO `detailsoOLD` VALUES ('DSO-2305040016', 'MSO-2305040009', 'PROD-062AD13AB70984A7B0A155B95B4446CB', 1, 55000, 0, 55000, 'emp-0001', '2023-05-04 20:05:33', '', NULL, 20, NULL);
INSERT INTO `detailsoOLD` VALUES ('DSO-2305060001', 'MSO-2305060001', 'PROD-230001', 20, 100000, 0, 2000000, 'EMP-A6E622809C1FE3E89BE43FDEA088C81E', '2023-05-06 16:26:32', '', NULL, 350, NULL);
INSERT INTO `detailsoOLD` VALUES ('DSO-2305060002', 'MSO-2305060001', 'PROD-230005', 30, 150000, 0, 4500000, 'EMP-A6E622809C1FE3E89BE43FDEA088C81E', '2023-05-06 16:27:00', '', NULL, 350, NULL);
INSERT INTO `detailsoOLD` VALUES ('DSO-2305060003', 'MSO-2305060001', 'PROD-230013', 50, 80000, 0, 4000000, 'EMP-A6E622809C1FE3E89BE43FDEA088C81E', '2023-05-06 16:27:42', '', NULL, 250, NULL);
INSERT INTO `detailsoOLD` VALUES ('DSO-2305060004', 'MSO-2305060002', 'PROD-230004', 50, 125000, 50000, 6200000, 'EMP-A6E622809C1FE3E89BE43FDEA088C81E', '2023-05-06 16:31:57', '', NULL, 350, NULL);
INSERT INTO `detailsoOLD` VALUES ('DSO-2305060005', 'MSO-2305060002', 'PROD-230013', 50, 80000, 0, 4000000, 'EMP-A6E622809C1FE3E89BE43FDEA088C81E', '2023-05-06 16:32:10', '', NULL, 250, NULL);
INSERT INTO `detailsoOLD` VALUES ('DSO-2305160001', 'MSO-2305160003', 'PROD-C8ACF6C1ACF8A948C9E755ECA5A8598F', 90, 300000, 90000, 26910000, 'EMP-A6E622809C1FE3E89BE43FDEA088C81E', '2023-05-16 15:25:40', '', NULL, 600, NULL);
INSERT INTO `detailsoOLD` VALUES ('DSO-2305160002', 'MSO-2305160003', 'PROD-230016', 20, 70000, 0, 1400000, 'EMP-A6E622809C1FE3E89BE43FDEA088C81E', '2023-05-16 15:26:15', '', NULL, 300, NULL);
INSERT INTO `detailsoOLD` VALUES ('DSO-2305160003', 'MSO-2305160003', 'PROD-230016', 20, 70000, 0, 1400000, 'EMP-A6E622809C1FE3E89BE43FDEA088C81E', '2023-05-16 15:26:23', '', NULL, 300, NULL);
INSERT INTO `detailsoOLD` VALUES ('DSO-2305160004', 'MSO-2305160003', 'PROD-230016', 20, 70000, 0, 1400000, 'EMP-A6E622809C1FE3E89BE43FDEA088C81E', '2023-05-16 15:26:23', '', NULL, 300, NULL);
INSERT INTO `detailsoOLD` VALUES ('DSO-2305260001', 'MSO-2305260001', 'PROD-230003', 3, 96000, 200, 287800, 'emp-0001', '2023-05-26 15:19:47', '', NULL, 1050, NULL);
INSERT INTO `detailsoOLD` VALUES ('DSO-2306130001', 'MSO-2306270001', 'PROD-230003', 33, 96000, 0, 3168000, 'EMP-A6E622809C1FE3E89BE43FDEA088C81E', '2023-06-13 13:59:00', '', NULL, 700, NULL);
INSERT INTO `detailsoOLD` VALUES ('DSO-2306270001', 'MSO-2306270001', 'PROD-230001', 40, 100000, 0, 4000000, 'EMP-A6E622809C1FE3E89BE43FDEA088C81E', '2023-06-27 10:17:56', '', NULL, 1400, NULL);
INSERT INTO `detailsoOLD` VALUES ('DSO-2306270002', 'MSO-2306270002', 'PROD-230006', 19, 175000, 0, 3325000, 'EMP-A6E622809C1FE3E89BE43FDEA088C81E', '2023-06-27 10:24:45', '', NULL, 350, NULL);
INSERT INTO `detailsoOLD` VALUES ('DSO-2306270003', 'MSO-2306270002', 'PROD-230004', 50, 125000, 50000, 6200000, 'EMP-A6E622809C1FE3E89BE43FDEA088C81E', '2023-06-27 10:25:12', '', NULL, 350, NULL);
INSERT INTO `detailsoOLD` VALUES ('DSO-2306270004', 'MSO-2306270003', 'PROD-230014', 5, 305000, 0, 1525000, 'EMP-A6E622809C1FE3E89BE43FDEA088C81E', '2023-06-27 10:30:02', '', NULL, 500, NULL);
INSERT INTO `detailsoOLD` VALUES ('DSO-2306270005', NULL, 'PROD-230013', -51, 87000, -4437000, 0, 'EMP-A6E622809C1FE3E89BE43FDEA088C81E', '2023-06-27 10:31:43', NULL, NULL, 250, NULL);
INSERT INTO `detailsoOLD` VALUES ('DSO-2306270006', 'MSO-2306270004', 'PROD-230002', 85, 41000, 0, 3485000, 'EMP-A6E622809C1FE3E89BE43FDEA088C81E', '2023-06-27 10:32:12', '', NULL, 700, NULL);
INSERT INTO `detailsoOLD` VALUES ('DSO-2306270007', 'MSO-2306270006', 'PROD-230010', 2, 928000, 0, 1856000, 'EMP-A6E622809C1FE3E89BE43FDEA088C81E', '2023-06-27 10:56:18', '', NULL, 4000, NULL);
INSERT INTO `detailsoOLD` VALUES ('DSO-2306270008', 'MSO-2306270006', 'PROD-230015', 75, 50000, 0, 3750000, 'EMP-A6E622809C1FE3E89BE43FDEA088C81E', '2023-06-27 10:56:44', '', NULL, 750, NULL);

-- ----------------------------
-- Table structure for historybeliproduct
-- ----------------------------
DROP TABLE IF EXISTS `historybeliproduct`;
CREATE TABLE `historybeliproduct`  (
  `Id` varchar(50) CHARACTER SET latin1 COLLATE latin1_swedish_ci NOT NULL,
  `IdSupplier` varchar(50) CHARACTER SET latin1 COLLATE latin1_swedish_ci NULL DEFAULT NULL,
  `DpToSupplier` int NULL DEFAULT NULL,
  `KodeJenisBayarToSup` varchar(50) CHARACTER SET latin1 COLLATE latin1_swedish_ci NULL DEFAULT NULL,
  `JatuhTempoToSup` int NULL DEFAULT NULL,
  `TglJatuhTempoToSup` timestamp NOT NULL DEFAULT current_timestamp ON UPDATE CURRENT_TIMESTAMP,
  `CreateBy` varchar(50) CHARACTER SET latin1 COLLATE latin1_swedish_ci NULL DEFAULT 'Admin',
  `CreateDate` timestamp NOT NULL DEFAULT current_timestamp,
  PRIMARY KEY (`Id`) USING BTREE
) ENGINE = InnoDB CHARACTER SET = latin1 COLLATE = latin1_swedish_ci ROW_FORMAT = Dynamic;

-- ----------------------------
-- Records of historybeliproduct
-- ----------------------------

-- ----------------------------
-- Table structure for historyeditinvoice
-- ----------------------------
DROP TABLE IF EXISTS `historyeditinvoice`;
CREATE TABLE `historyeditinvoice`  (
  `Id` varchar(50) CHARACTER SET latin1 COLLATE latin1_swedish_ci NOT NULL,
  `Invoice` varchar(50) CHARACTER SET latin1 COLLATE latin1_swedish_ci NULL DEFAULT NULL,
  `IdProduct` varchar(50) CHARACTER SET latin1 COLLATE latin1_swedish_ci NULL DEFAULT NULL,
  `JmlEdit` int NULL DEFAULT NULL,
  `JmlEditRusak` int NULL DEFAULT NULL,
  `Keterangan` varchar(255) CHARACTER SET latin1 COLLATE latin1_swedish_ci NULL DEFAULT NULL,
  `CreateDate` timestamp NULL DEFAULT current_timestamp,
  `CreateBy` varchar(50) CHARACTER SET latin1 COLLATE latin1_swedish_ci NULL DEFAULT NULL,
  PRIMARY KEY (`Id`) USING BTREE
) ENGINE = InnoDB CHARACTER SET = latin1 COLLATE = latin1_swedish_ci ROW_FORMAT = Dynamic;

-- ----------------------------
-- Records of historyeditinvoice
-- ----------------------------
INSERT INTO `historyeditinvoice` VALUES ('INV/20230724/0001/0001', 'INV/20230724/0001', 'PROD-230002', 2, NULL, '', '2023-07-30 14:07:04', 'emp-0001');
INSERT INTO `historyeditinvoice` VALUES ('INV/20230724/0001/0002', 'INV/20230724/0001', 'PROD-230002', 2, NULL, 'test', '2023-07-30 14:07:23', 'emp-0001');
INSERT INTO `historyeditinvoice` VALUES ('INV/20230724/0001/0003', 'INV/20230724/0001', 'PROD-230002', 4, NULL, '', '2023-07-30 14:22:46', 'emp-0001');
INSERT INTO `historyeditinvoice` VALUES ('INV/20230724/0001/0004', 'INV/20230724/0001', 'PROD-230002', 5, NULL, 'tst lagi', '2023-07-30 14:25:24', 'emp-0001');
INSERT INTO `historyeditinvoice` VALUES ('INV/20230724/0001/0005', 'INV/20230724/0001', 'PROD-230002', 5, NULL, 'tst lagi', '2023-07-30 14:26:32', 'emp-0001');
INSERT INTO `historyeditinvoice` VALUES ('INV/20230724/0001/0006', 'INV/20230724/0001', 'PROD-230002', 5, NULL, '', '2023-07-30 14:30:02', 'emp-0001');
INSERT INTO `historyeditinvoice` VALUES ('INV/20230724/0001/0007', 'INV/20230724/0001', 'PROD-230002', 6, NULL, '', '2023-07-30 14:30:35', 'emp-0001');
INSERT INTO `historyeditinvoice` VALUES ('INV/20230724/0001/0008', 'INV/20230724/0001', 'PROD-230002', 8, NULL, '', '2023-07-30 14:33:31', 'emp-0001');
INSERT INTO `historyeditinvoice` VALUES ('INV/20230724/0001/0009', 'INV/20230724/0001', 'PROD-230002', 9, NULL, '', '2023-07-30 14:36:35', 'emp-0001');
INSERT INTO `historyeditinvoice` VALUES ('INV/20230724/0001/0010', 'INV/20230724/0001', 'PROD-230002', 10, NULL, '', '2023-07-30 14:37:40', 'emp-0001');
INSERT INTO `historyeditinvoice` VALUES ('INV/20230724/0001/0011', 'INV/20230724/0001', 'PROD-230002', 11, NULL, '', '2023-07-30 14:38:37', 'emp-0001');
INSERT INTO `historyeditinvoice` VALUES ('INV/20230724/0001/0012', 'INV/20230724/0001', 'PROD-230002', 12, NULL, '', '2023-07-30 14:44:08', 'emp-0001');
INSERT INTO `historyeditinvoice` VALUES ('INV/20230724/0001/0013', 'INV/20230724/0001', 'PROD-230002', 12, NULL, '', '2023-07-30 14:45:15', 'emp-0001');
INSERT INTO `historyeditinvoice` VALUES ('INV/20230724/0001/0014', 'INV/20230724/0001', 'PROD-230002', 13, NULL, '', '2023-07-30 14:46:25', 'emp-0001');
INSERT INTO `historyeditinvoice` VALUES ('INV/20230724/0001/0015', 'INV/20230724/0001', 'PROD-230002', 13, NULL, '', '2023-07-30 14:47:51', 'emp-0001');
INSERT INTO `historyeditinvoice` VALUES ('INV/20230724/0001/0016', 'INV/20230724/0001', 'PROD-230002', 14, NULL, '', '2023-07-31 20:29:14', 'emp-0001');
INSERT INTO `historyeditinvoice` VALUES ('INV/20230724/0001/0017', 'INV/20230724/0001', 'PROD-230002', 15, NULL, '', '2023-07-31 20:36:38', 'emp-0001');
INSERT INTO `historyeditinvoice` VALUES ('INV/20230724/0001/0018', 'INV/20230724/0001', 'PROD-230002', 15, NULL, '', '2023-07-31 20:37:29', 'emp-0001');
INSERT INTO `historyeditinvoice` VALUES ('INV/20230724/0001/0019', 'INV/20230724/0001', 'PROD-230002', 16, NULL, '', '2023-08-08 09:17:57', 'emp-0001');
INSERT INTO `historyeditinvoice` VALUES ('INV/20230724/0001/0020', 'INV/20230724/0001', 'PROD-230001', 2, NULL, '', '2023-08-08 09:17:57', 'emp-0001');
INSERT INTO `historyeditinvoice` VALUES ('INV/20230724/0001/0021', 'INV/20230724/0001', 'PROD-230002', 16, NULL, '', '2023-08-08 09:17:58', 'emp-0001');
INSERT INTO `historyeditinvoice` VALUES ('INV/20230724/0001/0022', 'INV/20230724/0001', 'PROD-230001', 2, NULL, '', '2023-08-08 09:17:58', 'emp-0001');
INSERT INTO `historyeditinvoice` VALUES ('INV/20230724/0001/0023', 'INV/20230724/0001', 'PROD-230002', 16, NULL, '`', '2023-08-08 09:24:57', 'emp-0001');
INSERT INTO `historyeditinvoice` VALUES ('INV/20230724/0001/0024', 'INV/20230724/0001', 'PROD-230001', 2, NULL, '`', '2023-08-08 09:24:57', 'emp-0001');
INSERT INTO `historyeditinvoice` VALUES ('INV/20230724/0001/0025', 'INV/20230724/0001', 'PROD-230002', 16, NULL, '`', '2023-08-08 09:24:58', 'emp-0001');
INSERT INTO `historyeditinvoice` VALUES ('INV/20230724/0001/0026', 'INV/20230724/0001', 'PROD-230001', 2, NULL, '`', '2023-08-08 09:24:58', 'emp-0001');
INSERT INTO `historyeditinvoice` VALUES ('INV/20230724/0001/0027', 'INV/20230724/0001', 'PROD-230002', 16, NULL, '`', '2023-08-08 09:25:14', 'emp-0001');
INSERT INTO `historyeditinvoice` VALUES ('INV/20230724/0001/0028', 'INV/20230724/0001', 'PROD-230001', 2, NULL, '`', '2023-08-08 09:25:14', 'emp-0001');
INSERT INTO `historyeditinvoice` VALUES ('INV/20230724/0001/0029', 'INV/20230724/0001', 'PROD-230002', 16, NULL, '`', '2023-08-08 09:25:18', 'emp-0001');
INSERT INTO `historyeditinvoice` VALUES ('INV/20230724/0001/0030', 'INV/20230724/0001', 'PROD-230001', 2, NULL, '`', '2023-08-08 09:25:18', 'emp-0001');
INSERT INTO `historyeditinvoice` VALUES ('INV/20230724/0001/0031', 'INV/20230724/0001', 'PROD-230002', 16, NULL, 'revisi', '2023-08-08 09:25:28', 'emp-0001');
INSERT INTO `historyeditinvoice` VALUES ('INV/20230724/0001/0032', 'INV/20230724/0001', 'PROD-230001', 2, NULL, 'revisi', '2023-08-08 09:25:28', 'emp-0001');
INSERT INTO `historyeditinvoice` VALUES ('INV/20230724/0001/0033', 'INV/20230724/0001', 'PROD-230002', 16, NULL, 'revisi', '2023-08-08 09:25:29', 'emp-0001');
INSERT INTO `historyeditinvoice` VALUES ('INV/20230724/0001/0034', 'INV/20230724/0001', 'PROD-230001', 2, NULL, 'revisi', '2023-08-08 09:25:29', 'emp-0001');
INSERT INTO `historyeditinvoice` VALUES ('INV/20230724/0001/0035', 'INV/20230724/0001', 'PROD-230002', 16, NULL, '', '2023-08-08 09:29:56', 'emp-0001');
INSERT INTO `historyeditinvoice` VALUES ('INV/20230724/0001/0036', 'INV/20230724/0001', 'PROD-230001', 2, NULL, '', '2023-08-08 09:29:56', 'emp-0001');
INSERT INTO `historyeditinvoice` VALUES ('INV/20230724/0001/0037', 'INV/20230724/0001', 'PROD-230002', 16, NULL, '', '2023-08-08 09:29:56', 'emp-0001');
INSERT INTO `historyeditinvoice` VALUES ('INV/20230724/0001/0038', 'INV/20230724/0001', 'PROD-230001', 2, NULL, '', '2023-08-08 09:29:56', 'emp-0001');
INSERT INTO `historyeditinvoice` VALUES ('INV/20230724/0001/0039', 'INV/20230724/0001', 'PROD-230002', 16, NULL, '', '2023-08-08 09:29:56', 'emp-0001');
INSERT INTO `historyeditinvoice` VALUES ('INV/20230724/0001/0040', 'INV/20230724/0001', 'PROD-230001', 2, NULL, '', '2023-08-08 09:29:56', 'emp-0001');
INSERT INTO `historyeditinvoice` VALUES ('INV/20230724/0001/0041', 'INV/20230724/0001', 'PROD-230002', 16, NULL, '', '2023-08-08 09:29:56', 'emp-0001');
INSERT INTO `historyeditinvoice` VALUES ('INV/20230724/0001/0042', 'INV/20230724/0001', 'PROD-230001', 2, NULL, '', '2023-08-08 09:29:56', 'emp-0001');
INSERT INTO `historyeditinvoice` VALUES ('INV/20230724/0001/0043', 'INV/20230724/0001', 'PROD-230002', 16, NULL, '', '2023-08-08 09:31:31', 'emp-0001');
INSERT INTO `historyeditinvoice` VALUES ('INV/20230724/0001/0044', 'INV/20230724/0001', 'PROD-230001', 2, NULL, '', '2023-08-08 09:31:31', 'emp-0001');
INSERT INTO `historyeditinvoice` VALUES ('INV/20230724/0001/0045', 'INV/20230724/0001', 'PROD-230002', 16, NULL, '', '2023-08-08 09:31:32', 'emp-0001');
INSERT INTO `historyeditinvoice` VALUES ('INV/20230724/0001/0046', 'INV/20230724/0001', 'PROD-230001', 2, NULL, '', '2023-08-08 09:31:32', 'emp-0001');
INSERT INTO `historyeditinvoice` VALUES ('INV/20230724/0001/0047', 'INV/20230724/0001', 'PROD-230002', 15, NULL, 'test', '2023-08-09 15:28:27', 'emp-0001');
INSERT INTO `historyeditinvoice` VALUES ('INV/20230724/0001/0048', 'INV/20230724/0001', 'PROD-230001', 3, NULL, 'test', '2023-08-09 15:28:27', 'emp-0001');
INSERT INTO `historyeditinvoice` VALUES ('INV/20230724/0001/0049', 'INV/20230724/0001', 'PROD-230002', 15, NULL, 'test', '2023-08-09 15:28:30', 'emp-0001');
INSERT INTO `historyeditinvoice` VALUES ('INV/20230724/0001/0050', 'INV/20230724/0001', 'PROD-230001', 3, NULL, 'test', '2023-08-09 15:28:30', 'emp-0001');
INSERT INTO `historyeditinvoice` VALUES ('INV/20230724/0001/0051', 'INV/20230724/0001', 'PROD-230002', 16, NULL, 'test', '2023-08-09 15:29:08', 'emp-0001');
INSERT INTO `historyeditinvoice` VALUES ('INV/20230724/0001/0052', 'INV/20230724/0001', 'PROD-230001', 5, NULL, 'test', '2023-08-09 15:29:08', 'emp-0001');
INSERT INTO `historyeditinvoice` VALUES ('INV/20230724/0001/0053', 'INV/20230724/0001', 'PROD-230002', 16, NULL, 'test', '2023-08-09 15:29:10', 'emp-0001');
INSERT INTO `historyeditinvoice` VALUES ('INV/20230724/0001/0054', 'INV/20230724/0001', 'PROD-230001', 5, NULL, 'test', '2023-08-09 15:29:10', 'emp-0001');
INSERT INTO `historyeditinvoice` VALUES ('INV/20230724/0001/0055', 'INV/20230724/0001', 'PROD-230002', 17, NULL, '', '2023-08-09 15:33:15', 'emp-0001');
INSERT INTO `historyeditinvoice` VALUES ('INV/20230724/0001/0056', 'INV/20230724/0001', 'PROD-230001', 6, NULL, '', '2023-08-09 15:33:15', 'emp-0001');
INSERT INTO `historyeditinvoice` VALUES ('INV/20230724/0001/0057', 'INV/20230724/0001', 'PROD-230002', 17, NULL, '', '2023-08-09 15:33:24', 'emp-0001');
INSERT INTO `historyeditinvoice` VALUES ('INV/20230724/0001/0058', 'INV/20230724/0001', 'PROD-230001', 6, NULL, '', '2023-08-09 15:33:24', 'emp-0001');
INSERT INTO `historyeditinvoice` VALUES ('INV/20230724/0001/0059', 'INV/20230724/0001', 'PROD-230002', 16, NULL, '', '2023-08-09 15:38:32', 'emp-0001');
INSERT INTO `historyeditinvoice` VALUES ('INV/20230724/0001/0060', 'INV/20230724/0001', 'PROD-230001', 5, NULL, '', '2023-08-09 15:38:32', 'emp-0001');
INSERT INTO `historyeditinvoice` VALUES ('INV/20230724/0001/0061', 'INV/20230724/0001', 'PROD-230002', 16, NULL, '', '2023-08-10 13:22:38', 'emp-0001');
INSERT INTO `historyeditinvoice` VALUES ('INV/20230724/0001/0062', 'INV/20230724/0001', 'PROD-230001', 6, NULL, '', '2023-08-10 13:22:38', 'emp-0001');
INSERT INTO `historyeditinvoice` VALUES ('INV/20230731/0001/0001', 'INV/20230731/0001', 'PROD-C5F5951606E7689BD0C55D622D2B00F1', 7, NULL, '', '2023-07-31 20:42:40', 'emp-0001');
INSERT INTO `historyeditinvoice` VALUES ('INV/20230731/0001/0002', 'INV/20230731/0001', 'PROD-0FAAC2BF894C1A31E69B3D24BDB57EEF', 2, NULL, '', '2023-07-31 20:42:40', 'emp-0001');
INSERT INTO `historyeditinvoice` VALUES ('INV/20230731/0001/0003', 'INV/20230731/0001', 'PROD-062AD13AB70984A7B0A155B95B4446CB', 6, NULL, '', '2023-07-31 20:42:40', 'emp-0001');
INSERT INTO `historyeditinvoice` VALUES ('INV/20230731/0001/0004', 'INV/20230731/0001', 'PROD-C5F5951606E7689BD0C55D622D2B00F1', 7, NULL, '', '2023-07-31 20:42:41', 'emp-0001');
INSERT INTO `historyeditinvoice` VALUES ('INV/20230731/0001/0005', 'INV/20230731/0001', 'PROD-0FAAC2BF894C1A31E69B3D24BDB57EEF', 2, NULL, '', '2023-07-31 20:42:41', 'emp-0001');
INSERT INTO `historyeditinvoice` VALUES ('INV/20230731/0001/0006', 'INV/20230731/0001', 'PROD-062AD13AB70984A7B0A155B95B4446CB', 6, NULL, '', '2023-07-31 20:42:41', 'emp-0001');
INSERT INTO `historyeditinvoice` VALUES ('INV/20230731/0001/0007', 'INV/20230731/0001', 'PROD-C5F5951606E7689BD0C55D622D2B00F1', 7, NULL, '', '2023-07-31 20:42:41', 'emp-0001');
INSERT INTO `historyeditinvoice` VALUES ('INV/20230731/0001/0008', 'INV/20230731/0001', 'PROD-0FAAC2BF894C1A31E69B3D24BDB57EEF', 2, NULL, '', '2023-07-31 20:42:41', 'emp-0001');
INSERT INTO `historyeditinvoice` VALUES ('INV/20230731/0001/0009', 'INV/20230731/0001', 'PROD-062AD13AB70984A7B0A155B95B4446CB', 6, NULL, '', '2023-07-31 20:42:41', 'emp-0001');
INSERT INTO `historyeditinvoice` VALUES ('INV/20230731/0001/0010', 'INV/20230731/0001', 'PROD-C5F5951606E7689BD0C55D622D2B00F1', 7, NULL, '', '2023-07-31 20:42:57', 'emp-0001');
INSERT INTO `historyeditinvoice` VALUES ('INV/20230731/0001/0011', 'INV/20230731/0001', 'PROD-0FAAC2BF894C1A31E69B3D24BDB57EEF', 1, NULL, '', '2023-07-31 20:42:57', 'emp-0001');
INSERT INTO `historyeditinvoice` VALUES ('INV/20230731/0001/0012', 'INV/20230731/0001', 'PROD-062AD13AB70984A7B0A155B95B4446CB', 6, NULL, '', '2023-07-31 20:42:57', 'emp-0001');
INSERT INTO `historyeditinvoice` VALUES ('INV/20230731/0001/0013', 'INV/20230731/0001', 'PROD-C5F5951606E7689BD0C55D622D2B00F1', 7, NULL, '', '2023-07-31 20:42:57', 'emp-0001');
INSERT INTO `historyeditinvoice` VALUES ('INV/20230731/0001/0014', 'INV/20230731/0001', 'PROD-0FAAC2BF894C1A31E69B3D24BDB57EEF', 1, NULL, '', '2023-07-31 20:42:57', 'emp-0001');
INSERT INTO `historyeditinvoice` VALUES ('INV/20230731/0001/0015', 'INV/20230731/0001', 'PROD-062AD13AB70984A7B0A155B95B4446CB', 6, NULL, '', '2023-07-31 20:42:57', 'emp-0001');
INSERT INTO `historyeditinvoice` VALUES ('INV/20230731/0001/0016', 'INV/20230731/0001', 'PROD-C5F5951606E7689BD0C55D622D2B00F1', 7, NULL, '', '2023-07-31 20:42:57', 'emp-0001');
INSERT INTO `historyeditinvoice` VALUES ('INV/20230731/0001/0017', 'INV/20230731/0001', 'PROD-0FAAC2BF894C1A31E69B3D24BDB57EEF', 1, NULL, '', '2023-07-31 20:42:57', 'emp-0001');
INSERT INTO `historyeditinvoice` VALUES ('INV/20230731/0001/0018', 'INV/20230731/0001', 'PROD-062AD13AB70984A7B0A155B95B4446CB', 6, NULL, '', '2023-07-31 20:42:57', 'emp-0001');
INSERT INTO `historyeditinvoice` VALUES ('INV/20230805/0001/0001', 'INV/20230805/0001', 'PROD-230016', 50, NULL, '', '2023-08-05 17:21:23', 'emp-0001');
INSERT INTO `historyeditinvoice` VALUES ('INV/20230805/0001/0002', 'INV/20230805/0001', 'PROD-230016', 50, NULL, '', '2023-08-05 17:21:23', 'emp-0001');
INSERT INTO `historyeditinvoice` VALUES ('INV/20230805/0001/0003', 'INV/20230805/0001', 'PROD-230016', 50, NULL, '', '2023-08-05 17:21:28', 'emp-0001');
INSERT INTO `historyeditinvoice` VALUES ('INV/20230805/0001/0004', 'INV/20230805/0001', 'PROD-230016', 50, NULL, '', '2023-08-05 17:21:29', 'emp-0001');
INSERT INTO `historyeditinvoice` VALUES ('INV/20230805/0001/0005', 'INV/20230805/0001', 'PROD-230016', 50, NULL, '', '2023-08-05 17:21:30', 'emp-0001');
INSERT INTO `historyeditinvoice` VALUES ('INV/20230805/0001/0006', 'INV/20230805/0001', 'PROD-230016', 50, NULL, '', '2023-08-05 17:21:30', 'emp-0001');
INSERT INTO `historyeditinvoice` VALUES ('INV/20230805/0001/0007', 'INV/20230805/0001', 'PROD-230016', 50, NULL, '', '2023-08-05 17:21:30', 'emp-0001');
INSERT INTO `historyeditinvoice` VALUES ('INV/20230805/0001/0008', 'INV/20230805/0001', 'PROD-230016', 50, NULL, '', '2023-08-05 17:21:32', 'emp-0001');
INSERT INTO `historyeditinvoice` VALUES ('INV/20230805/0001/0009', 'INV/20230805/0001', 'PROD-230016', 50, NULL, '', '2023-08-05 17:21:32', 'emp-0001');
INSERT INTO `historyeditinvoice` VALUES ('INV/20230805/0001/0010', 'INV/20230805/0001', 'PROD-230016', 50, NULL, '', '2023-08-05 17:21:32', 'emp-0001');
INSERT INTO `historyeditinvoice` VALUES ('INV/20230805/0001/0011', 'INV/20230805/0001', 'PROD-230016', 50, NULL, '', '2023-08-05 17:21:33', 'emp-0001');
INSERT INTO `historyeditinvoice` VALUES ('INV/20230805/0001/0012', 'INV/20230805/0001', 'PROD-230016', 50, NULL, '', '2023-08-05 17:21:33', 'emp-0001');
INSERT INTO `historyeditinvoice` VALUES ('INV/20230805/0001/0013', 'INV/20230805/0001', 'PROD-230016', 50, NULL, '', '2023-08-05 17:21:33', 'emp-0001');
INSERT INTO `historyeditinvoice` VALUES ('INV/20230805/0001/0014', 'INV/20230805/0001', 'PROD-230016', 50, NULL, '', '2023-08-05 17:21:34', 'emp-0001');
INSERT INTO `historyeditinvoice` VALUES ('INV/20230805/0001/0015', 'INV/20230805/0001', 'PROD-230016', 50, NULL, '', '2023-08-05 17:21:37', 'emp-0001');
INSERT INTO `historyeditinvoice` VALUES ('INV/20230805/0001/0016', 'INV/20230805/0001', 'PROD-230016', 50, NULL, '', '2023-08-05 17:21:38', 'emp-0001');
INSERT INTO `historyeditinvoice` VALUES ('INV/20230805/0001/0017', 'INV/20230805/0001', 'PROD-230016', 50, NULL, '', '2023-08-05 17:21:39', 'emp-0001');
INSERT INTO `historyeditinvoice` VALUES ('INV/20230805/0001/0018', 'INV/20230805/0001', 'PROD-230016', 49, NULL, '', '2023-08-05 17:21:42', 'emp-0001');
INSERT INTO `historyeditinvoice` VALUES ('INV/20230805/0001/0019', 'INV/20230805/0001', 'PROD-230016', 49, NULL, '', '2023-08-05 17:21:44', 'emp-0001');
INSERT INTO `historyeditinvoice` VALUES ('INV/20230805/0001/0020', 'INV/20230805/0001', 'PROD-230016', 49, NULL, 'TERKIRIM 49', '2023-08-05 17:22:24', 'emp-0001');
INSERT INTO `historyeditinvoice` VALUES ('INV/20230805/0001/0021', 'INV/20230805/0001', 'PROD-230016', 49, NULL, 'TERKIRIM 49', '2023-08-05 17:22:30', 'emp-0001');
INSERT INTO `historyeditinvoice` VALUES ('INV/20230805/0002/0001', 'INV/20230805/0002', 'PROD-230015', 10, NULL, '', '2023-08-05 17:52:28', 'EMP-A6E622809C1FE3E89BE43FDEA088C81E');
INSERT INTO `historyeditinvoice` VALUES ('INV/20230805/0002/0002', 'INV/20230805/0002', 'PROD-230003', 0, NULL, '', '2023-08-05 17:52:28', 'EMP-A6E622809C1FE3E89BE43FDEA088C81E');
INSERT INTO `historyeditinvoice` VALUES ('INV/20230805/0002/0003', 'INV/20230805/0002', 'PROD-230015', 10, NULL, '', '2023-08-05 17:52:29', 'EMP-A6E622809C1FE3E89BE43FDEA088C81E');
INSERT INTO `historyeditinvoice` VALUES ('INV/20230805/0002/0004', 'INV/20230805/0002', 'PROD-230003', 0, NULL, '', '2023-08-05 17:52:29', 'EMP-A6E622809C1FE3E89BE43FDEA088C81E');
INSERT INTO `historyeditinvoice` VALUES ('INV/20230805/0002/0005', 'INV/20230805/0002', 'PROD-230015', 10, NULL, '', '2023-08-05 17:52:30', 'EMP-A6E622809C1FE3E89BE43FDEA088C81E');
INSERT INTO `historyeditinvoice` VALUES ('INV/20230805/0002/0006', 'INV/20230805/0002', 'PROD-230003', 0, NULL, '', '2023-08-05 17:52:30', 'EMP-A6E622809C1FE3E89BE43FDEA088C81E');
INSERT INTO `historyeditinvoice` VALUES ('INV/20230805/0002/0007', 'INV/20230805/0002', 'PROD-230015', 10, NULL, '', '2023-08-05 17:52:30', 'EMP-A6E622809C1FE3E89BE43FDEA088C81E');
INSERT INTO `historyeditinvoice` VALUES ('INV/20230805/0002/0008', 'INV/20230805/0002', 'PROD-230003', 0, NULL, '', '2023-08-05 17:52:30', 'EMP-A6E622809C1FE3E89BE43FDEA088C81E');
INSERT INTO `historyeditinvoice` VALUES ('INV/20230805/0002/0009', 'INV/20230805/0002', 'PROD-230015', 10, NULL, 'AURI 3M KOSONG', '2023-08-05 17:52:38', 'EMP-A6E622809C1FE3E89BE43FDEA088C81E');
INSERT INTO `historyeditinvoice` VALUES ('INV/20230805/0002/0010', 'INV/20230805/0002', 'PROD-230003', 0, NULL, 'AURI 3M KOSONG', '2023-08-05 17:52:38', 'EMP-A6E622809C1FE3E89BE43FDEA088C81E');
INSERT INTO `historyeditinvoice` VALUES ('INV/20230805/0002/0011', 'INV/20230805/0002', 'PROD-230015', 10, NULL, 'AURI 3M KOSONG', '2023-08-05 17:52:38', 'EMP-A6E622809C1FE3E89BE43FDEA088C81E');
INSERT INTO `historyeditinvoice` VALUES ('INV/20230805/0002/0012', 'INV/20230805/0002', 'PROD-230003', 0, NULL, 'AURI 3M KOSONG', '2023-08-05 17:52:38', 'EMP-A6E622809C1FE3E89BE43FDEA088C81E');
INSERT INTO `historyeditinvoice` VALUES ('INV/20230805/0002/0013', 'INV/20230805/0002', 'PROD-230015', 10, NULL, 'AURI 3M KOSONG', '2023-08-05 17:52:40', 'EMP-A6E622809C1FE3E89BE43FDEA088C81E');
INSERT INTO `historyeditinvoice` VALUES ('INV/20230805/0002/0014', 'INV/20230805/0002', 'PROD-230003', 0, NULL, 'AURI 3M KOSONG', '2023-08-05 17:52:40', 'EMP-A6E622809C1FE3E89BE43FDEA088C81E');
INSERT INTO `historyeditinvoice` VALUES ('INV/20230805/0002/0015', 'INV/20230805/0002', 'PROD-230015', 10, NULL, 'AURI 3M KOSONG', '2023-08-05 17:52:40', 'EMP-A6E622809C1FE3E89BE43FDEA088C81E');
INSERT INTO `historyeditinvoice` VALUES ('INV/20230805/0002/0016', 'INV/20230805/0002', 'PROD-230003', 0, NULL, 'AURI 3M KOSONG', '2023-08-05 17:52:40', 'EMP-A6E622809C1FE3E89BE43FDEA088C81E');
INSERT INTO `historyeditinvoice` VALUES ('INV/20230805/0002/0017', 'INV/20230805/0002', 'PROD-230015', 10, NULL, 'AURI 3M KOSONG', '2023-08-05 17:52:46', 'EMP-A6E622809C1FE3E89BE43FDEA088C81E');
INSERT INTO `historyeditinvoice` VALUES ('INV/20230805/0002/0018', 'INV/20230805/0002', 'PROD-230003', 0, NULL, 'AURI 3M KOSONG', '2023-08-05 17:52:46', 'EMP-A6E622809C1FE3E89BE43FDEA088C81E');
INSERT INTO `historyeditinvoice` VALUES ('INV/20230805/0002/0019', 'INV/20230805/0002', 'PROD-230015', 10, NULL, 'AURI 3M KOSONG', '2023-08-05 17:52:47', 'EMP-A6E622809C1FE3E89BE43FDEA088C81E');
INSERT INTO `historyeditinvoice` VALUES ('INV/20230805/0002/0020', 'INV/20230805/0002', 'PROD-230003', 0, NULL, 'AURI 3M KOSONG', '2023-08-05 17:52:47', 'EMP-A6E622809C1FE3E89BE43FDEA088C81E');
INSERT INTO `historyeditinvoice` VALUES ('INV/20230805/0002/0021', 'INV/20230805/0002', 'PROD-230015', 10, NULL, 'AURI 3M KOSONG', '2023-08-05 17:52:52', 'EMP-A6E622809C1FE3E89BE43FDEA088C81E');
INSERT INTO `historyeditinvoice` VALUES ('INV/20230805/0002/0022', 'INV/20230805/0002', 'PROD-230003', 0, NULL, 'AURI 3M KOSONG', '2023-08-05 17:52:52', 'EMP-A6E622809C1FE3E89BE43FDEA088C81E');
INSERT INTO `historyeditinvoice` VALUES ('INV/20230805/0002/0023', 'INV/20230805/0002', 'PROD-230015', 10, NULL, 'AURI 3M KOSONG', '2023-08-05 17:52:52', 'EMP-A6E622809C1FE3E89BE43FDEA088C81E');
INSERT INTO `historyeditinvoice` VALUES ('INV/20230805/0002/0024', 'INV/20230805/0002', 'PROD-230003', 0, NULL, 'AURI 3M KOSONG', '2023-08-05 17:52:52', 'EMP-A6E622809C1FE3E89BE43FDEA088C81E');
INSERT INTO `historyeditinvoice` VALUES ('INV/20230805/0002/0025', 'INV/20230805/0002', 'PROD-230015', 10, NULL, 'AURI 3M KOSONG', '2023-08-05 17:52:56', 'EMP-A6E622809C1FE3E89BE43FDEA088C81E');
INSERT INTO `historyeditinvoice` VALUES ('INV/20230805/0002/0026', 'INV/20230805/0002', 'PROD-230003', 0, NULL, 'AURI 3M KOSONG', '2023-08-05 17:52:56', 'EMP-A6E622809C1FE3E89BE43FDEA088C81E');
INSERT INTO `historyeditinvoice` VALUES ('INV/20230805/0002/0027', 'INV/20230805/0002', 'PROD-230015', 10, NULL, 'AURI 3M KOSONG', '2023-08-05 17:52:57', 'EMP-A6E622809C1FE3E89BE43FDEA088C81E');
INSERT INTO `historyeditinvoice` VALUES ('INV/20230805/0002/0028', 'INV/20230805/0002', 'PROD-230003', 0, NULL, 'AURI 3M KOSONG', '2023-08-05 17:52:57', 'EMP-A6E622809C1FE3E89BE43FDEA088C81E');
INSERT INTO `historyeditinvoice` VALUES ('INV/20230805/0002/0029', 'INV/20230805/0002', 'PROD-230015', 9, NULL, '', '2023-08-08 09:26:55', 'emp-0001');
INSERT INTO `historyeditinvoice` VALUES ('INV/20230805/0002/0030', 'INV/20230805/0002', 'PROD-230015', 9, NULL, '', '2023-08-08 09:26:57', 'emp-0001');
INSERT INTO `historyeditinvoice` VALUES ('INV/20230805/0002/0031', 'INV/20230805/0002', 'PROD-230015', 9, NULL, '', '2023-08-08 09:27:00', 'emp-0001');
INSERT INTO `historyeditinvoice` VALUES ('INV/20230805/0002/0032', 'INV/20230805/0002', 'PROD-230015', 9, NULL, '', '2023-08-08 17:15:42', 'emp-0001');
INSERT INTO `historyeditinvoice` VALUES ('INV/20230808/0001/0001', 'INV/20230808/0001', 'PROD-230016', 10, NULL, '', '2023-08-08 17:17:31', 'emp-0001');
INSERT INTO `historyeditinvoice` VALUES ('INV/20230808/0001/0002', 'INV/20230808/0001', 'PROD-230005', 10, NULL, '', '2023-08-08 17:17:31', 'emp-0001');
INSERT INTO `historyeditinvoice` VALUES ('INV/20230808/0001/0003', 'INV/20230808/0001', 'PROD-230016', 10, NULL, '', '2023-08-08 17:17:31', 'emp-0001');
INSERT INTO `historyeditinvoice` VALUES ('INV/20230808/0001/0004', 'INV/20230808/0001', 'PROD-230005', 10, NULL, '', '2023-08-08 17:17:31', 'emp-0001');
INSERT INTO `historyeditinvoice` VALUES ('INV/20230808/0001/0005', 'INV/20230808/0001', 'PROD-230016', 10, NULL, '', '2023-08-08 17:17:32', 'emp-0001');
INSERT INTO `historyeditinvoice` VALUES ('INV/20230808/0001/0006', 'INV/20230808/0001', 'PROD-230005', 10, NULL, '', '2023-08-08 17:17:32', 'emp-0001');
INSERT INTO `historyeditinvoice` VALUES ('INV/20230808/0001/0007', 'INV/20230808/0001', 'PROD-230016', 10, NULL, '', '2023-08-08 17:17:33', 'emp-0001');
INSERT INTO `historyeditinvoice` VALUES ('INV/20230808/0001/0008', 'INV/20230808/0001', 'PROD-230005', 10, NULL, '', '2023-08-08 17:17:33', 'emp-0001');

-- ----------------------------
-- Table structure for historyperpindahandso
-- ----------------------------
DROP TABLE IF EXISTS `historyperpindahandso`;
CREATE TABLE `historyperpindahandso`  (
  `Id` varchar(50) CHARACTER SET latin1 COLLATE latin1_swedish_ci NULL DEFAULT NULL,
  `IdDsoLama` varchar(50) CHARACTER SET latin1 COLLATE latin1_swedish_ci NULL DEFAULT NULL,
  `IdDsoBaru` varchar(50) CHARACTER SET latin1 COLLATE latin1_swedish_ci NULL DEFAULT NULL,
  `IdProduct` varchar(50) CHARACTER SET latin1 COLLATE latin1_swedish_ci NULL DEFAULT NULL,
  `JmlDsoLama` int NULL DEFAULT NULL,
  `JmlBlmKirimLama` int NULL DEFAULT NULL,
  `JmlDsoBaru` int NULL DEFAULT NULL,
  `ValueUpdateDsoLama` int NULL DEFAULT NULL,
  `CrateDate` timestamp NULL DEFAULT current_timestamp,
  `CreateBy` varchar(50) CHARACTER SET latin1 COLLATE latin1_swedish_ci NULL DEFAULT NULL
) ENGINE = InnoDB CHARACTER SET = latin1 COLLATE = latin1_swedish_ci ROW_FORMAT = Dynamic;

-- ----------------------------
-- Records of historyperpindahandso
-- ----------------------------
INSERT INTO `historyperpindahandso` VALUES ('DSO-2307310001/DSO-2308020001', 'DSO-2307310001', 'DSO-2308020001', 'PROD-0FAAC2BF894C1A31E69B3D24BDB57EEF', 5, 4, 4, 1, '2023-08-02 19:56:17', 'emp-0001');
INSERT INTO `historyperpindahandso` VALUES ('DSO-2308050002/DSO-2308200002', 'DSO-2308050002', 'DSO-2308200002', 'PROD-230003', 10, 10, 5, 5, '2023-08-20 16:02:06', 'emp-0001');

-- ----------------------------
-- Table structure for mastercv
-- ----------------------------
DROP TABLE IF EXISTS `mastercv`;
CREATE TABLE `mastercv`  (
  `Id` varchar(50) CHARACTER SET latin1 COLLATE latin1_swedish_ci NOT NULL,
  `Nama` varchar(255) CHARACTER SET latin1 COLLATE latin1_swedish_ci NULL DEFAULT NULL,
  `Aktif` varchar(10) CHARACTER SET latin1 COLLATE latin1_swedish_ci NULL DEFAULT '1',
  `CreateBy` varchar(50) CHARACTER SET latin1 COLLATE latin1_swedish_ci NULL DEFAULT NULL,
  `CreateDate` timestamp NULL DEFAULT current_timestamp,
  `Alamat` varchar(255) CHARACTER SET latin1 COLLATE latin1_swedish_ci NULL DEFAULT NULL,
  `Phone` varchar(20) CHARACTER SET latin1 COLLATE latin1_swedish_ci NULL DEFAULT NULL,
  `KeteranganInv` longtext CHARACTER SET latin1 COLLATE latin1_swedish_ci NULL,
  `Keterangan2` longtext CHARACTER SET latin1 COLLATE latin1_swedish_ci NULL,
  PRIMARY KEY (`Id`) USING BTREE
) ENGINE = InnoDB CHARACTER SET = latin1 COLLATE = latin1_swedish_ci ROW_FORMAT = Dynamic;

-- ----------------------------
-- Records of mastercv
-- ----------------------------
INSERT INTO `mastercv` VALUES ('MCV-24EFBC8C2D21272B04DC72882DBEE6BB', 'tst4', '1', 'emp-0001', '2022-12-26 15:19:28', 'asdf4', '654', NULL, NULL);
INSERT INTO `mastercv` VALUES ('MCV-351CC5A9AF1CE5CD3F57435D8418C418', 'KSM', '1', 'emp-0001', '2022-12-27 10:34:47', 'asdf', '645', NULL, NULL);
INSERT INTO `mastercv` VALUES ('MCV-AC647D5EB841AC1CC92A46A0B736132E', 'MBD Sukses Bersama', '1', 'emp-0001', '2023-01-07 15:13:28', 'JL.Lettu suyitno 7A', '08130303030303030030', NULL, NULL);
INSERT INTO `mastercv` VALUES ('MCV-C13BD916F6C799114D2BADE8D5389099', 'PSP', '1', 'emp-0001', '2022-12-27 10:27:34', 'asdf', '8888', NULL, NULL);
INSERT INTO `mastercv` VALUES ('MCV-D021D18A919D16EEFE8166B99E3E74EB', 'Maju Mundur Syahdu', '1', 'emp-0001', '2023-01-07 15:14:11', 'jalan mangga', '089835172521', NULL, NULL);

-- ----------------------------
-- Table structure for masteremploye
-- ----------------------------
DROP TABLE IF EXISTS `masteremploye`;
CREATE TABLE `masteremploye`  (
  `Id` varchar(50) CHARACTER SET utf8mb4 COLLATE utf8mb4_general_ci NOT NULL,
  `Username` varchar(255) CHARACTER SET utf8mb4 COLLATE utf8mb4_general_ci NULL DEFAULT NULL,
  `Password` varchar(255) CHARACTER SET utf8mb4 COLLATE utf8mb4_general_ci NULL DEFAULT NULL,
  `Phone` varchar(25) CHARACTER SET utf8mb4 COLLATE utf8mb4_general_ci NULL DEFAULT NULL,
  `Email` varchar(100) CHARACTER SET utf8mb4 COLLATE utf8mb4_general_ci NULL DEFAULT NULL,
  `Alamat` varchar(255) CHARACTER SET utf8mb4 COLLATE utf8mb4_general_ci NULL DEFAULT NULL,
  `TokenFB` varchar(255) CHARACTER SET utf8mb4 COLLATE utf8mb4_general_ci NULL DEFAULT NULL,
  `Aktif` varchar(5) CHARACTER SET utf8mb4 COLLATE utf8mb4_general_ci NULL DEFAULT NULL,
  `Device` varchar(255) CHARACTER SET utf8mb4 COLLATE utf8mb4_general_ci NULL DEFAULT NULL,
  `IdDevice` varchar(255) CHARACTER SET utf8mb4 COLLATE utf8mb4_general_ci NULL DEFAULT NULL,
  `CreateDate` timestamp NULL DEFAULT current_timestamp,
  `Gender` varchar(10) CHARACTER SET utf8mb4 COLLATE utf8mb4_general_ci NULL DEFAULT NULL,
  `Jabatan` varchar(50) CHARACTER SET utf8mb4 COLLATE utf8mb4_general_ci NULL DEFAULT NULL,
  `NamaBank` varchar(50) CHARACTER SET utf8mb4 COLLATE utf8mb4_general_ci NULL DEFAULT NULL,
  `NoRek` varchar(100) CHARACTER SET utf8mb4 COLLATE utf8mb4_general_ci NULL DEFAULT NULL,
  `NPWP` varchar(100) CHARACTER SET utf8mb4 COLLATE utf8mb4_general_ci NULL DEFAULT NULL,
  `IdCV` varchar(50) CHARACTER SET utf8mb4 COLLATE utf8mb4_general_ci NULL DEFAULT NULL,
  PRIMARY KEY (`Id`) USING BTREE
) ENGINE = InnoDB CHARACTER SET = utf8mb4 COLLATE = utf8mb4_general_ci ROW_FORMAT = COMPACT;

-- ----------------------------
-- Records of masteremploye
-- ----------------------------
INSERT INTO `masteremploye` VALUES ('emp-0001', 'Administrator', 'Root123', '0858585858', 'Administrator@putrasuryaperdana.co.id', 'sokosari', NULL, '1', NULL, NULL, '2022-09-17 11:39:38', 'Laki-Laki', 'jbtn-0001', NULL, NULL, NULL, NULL);
INSERT INTO `masteremploye` VALUES ('EMP-079C0D1C95E886AFCE18E1A7ACBC8FAA', 'DIREKTUR', 'Direktur', '085236172454', 'ower@psp.co.id', 'jl.lettu suyitno 7A', NULL, '1', NULL, NULL, '2023-01-17 10:28:30', 'Perempuan', 'JBTN-F17C3', 'BNI', '666677', '19281777', 'MCV-C13BD916F6C799114D2BADE8D5389099');
INSERT INTO `masteremploye` VALUES ('EMP-230001', 'SUKET TEKI', '88888888', '081234656876876', 'aselole@gmail.com', 'gondang', NULL, '1', NULL, NULL, '2023-02-18 11:45:42', 'Laki-Laki', 'JBTN-B38F9', 'BCA', '812781387937', '000000000', 'MCV-AC647D5EB841AC1CC92A46A0B736132E');
INSERT INTO `masteremploye` VALUES ('EMP-230002', 'LISANG GENI', '88888888', '081631736638', 'welut@gmail.com', 'soko', NULL, '1', NULL, NULL, '2023-02-18 11:46:57', 'Laki-Laki', 'JBTN-B38F9', 'BCA', '9999999', '0000000', 'MCV-AC647D5EB841AC1CC92A46A0B736132E');
INSERT INTO `masteremploye` VALUES ('EMP-2303200001', 'MINTO', '11111111', '084767658697', 'ESDKUGFLHGKI', 'SOKO', NULL, '1', NULL, NULL, '2023-03-20 10:24:08', 'Laki-Laki', 'JBTN-23032', 'BCA', '4765858768', '254365476', 'MCV-AC647D5EB841AC1CC92A46A0B736132E');
INSERT INTO `masteremploye` VALUES ('EMP-2304040001', 'APRIL', 'aselole', '08130303030303030', 'kucinggering@gmail.com', 'gondang', NULL, '1', NULL, NULL, '2023-04-04 13:51:22', 'Perempuan', 'JBTN-4E21B', 'BCA', '90986809', '089868687', 'MCV-AC647D5EB841AC1CC92A46A0B736132E');
INSERT INTO `masteremploye` VALUES ('EMP-2305040001', 'PSP', '123456', '1234', 'mbd', 'Jl Lettu Suyitno ', NULL, '1', NULL, NULL, '2023-05-04 19:17:50', 'Laki-Laki', 'JBTN-F17C3', 'BCA', '123456', '12345', 'MCV-AC647D5EB841AC1CC92A46A0B736132E');
INSERT INTO `masteremploye` VALUES ('EMP-2305060001', 'IKSAN', 'FGj3tsSEEYn42fj', '0000000', 'iksandriver@gmail.com', 'BAURENO', NULL, '1', NULL, NULL, '2023-05-06 16:16:37', 'Laki-Laki', 'JBTN-23032', 'BCA', '0', '000000', 'MCV-AC647D5EB841AC1CC92A46A0B736132E');
INSERT INTO `masteremploye` VALUES ('EMP-2305160001', 'YONAS', '88888888', '0000', '0000', 'TUBAN', NULL, '1', NULL, NULL, '2023-05-16 15:53:04', 'Laki-Laki', 'JBTN-B38F9', 'BCA', '0', '0', 'MCV-AC647D5EB841AC1CC92A46A0B736132E');
INSERT INTO `masteremploye` VALUES ('EMP-2306270001', 'ARIF', 'arif2023', '0000', '0000', 'TUBAN', NULL, '1', NULL, NULL, '2023-06-27 10:42:54', 'Laki-Laki', 'JBTN-B38F9', 'BCA', '0', '0', 'MCV-AC647D5EB841AC1CC92A46A0B736132E');
INSERT INTO `masteremploye` VALUES ('EMP-2306270002', 'TANTA', 'TANTA2023', '0000', '0000', 'BOJONEGORO', NULL, '1', NULL, NULL, '2023-06-27 10:44:24', 'Laki-Laki', 'JBTN-B38F9', 'BCA', '0', '0000', 'MCV-AC647D5EB841AC1CC92A46A0B736132E');
INSERT INTO `masteremploye` VALUES ('EMP-2306270003', 'SUGIONO', 'SUGIK2023', '0000', '0000', 'BOJONEGORO', NULL, '1', NULL, NULL, '2023-06-27 10:45:31', 'Laki-Laki', 'JBTN-B38F9', 'BCA', '0', '0000', 'MCV-AC647D5EB841AC1CC92A46A0B736132E');
INSERT INTO `masteremploye` VALUES ('EMP-2306270004', 'NURIL', 'NURIL2023', '0000', '0000', 'TUBAN', NULL, '1', NULL, NULL, '2023-06-27 10:46:44', 'Laki-Laki', 'JBTN-B38F9', 'BCA', '0', '0000', 'MCV-AC647D5EB841AC1CC92A46A0B736132E');
INSERT INTO `masteremploye` VALUES ('EMP-3942E45C735A382B3F8300694B4206EC', 'MANAGER', 'Manager', '081216747070', 'MBDbersama57@gmail.com', 'Bojonegoro', NULL, '1', NULL, NULL, '2022-12-21 15:04:43', 'Laki-Laki', 'JBTN-60A62', 'BCA', '86400000000', '0000000000', 'MCV-AC647D5EB841AC1CC92A46A0B736132E');
INSERT INTO `masteremploye` VALUES ('EMP-55E7B147297B6E1D6CB9C6F336CD69A1', 'PUNGKY', 'Logistik', '08152422225', 'sitimarkonah@psp.co.id', 'baureno', NULL, '1', NULL, NULL, '2022-11-19 13:25:02', 'Perempuan', 'JBTN-B9397', 'BCA', '984681693619738', '872868732739273', 'MCV-C13BD916F6C799114D2BADE8D5389099');
INSERT INTO `masteremploye` VALUES ('EMP-71F6F1EABB06FA009D8C035702493EF3', 'kolektor', 'kolektor', '089098098', 'kolektor@psp.com', 'soko', NULL, '0', NULL, NULL, '2022-12-29 19:40:46', 'Laki-Laki', 'JBTN-58EBA', NULL, NULL, NULL, NULL);
INSERT INTO `masteremploye` VALUES ('EMP-9CE4BDFDF1B9883B16B1BAE3253DBECF', 'sales', 'asdf', '085555', 'sales@sales.com', 'suhat ', NULL, '0', NULL, NULL, '2022-12-19 11:42:37', 'Laki-Laki', 'JBTN-B38F9', NULL, NULL, NULL, NULL);
INSERT INTO `masteremploye` VALUES ('EMP-A6E622809C1FE3E89BE43FDEA088C81E', 'yosi', 'Marketing1', '081234567', 'icikiwir@gmail.com', 'ngambon', NULL, '1', NULL, NULL, '2023-01-07 14:51:47', 'Perempuan', 'JBTN-C6DE5', 'BCA', '565494316547', '00000000000', 'MCV-AC647D5EB841AC1CC92A46A0B736132E');
INSERT INTO `masteremploye` VALUES ('EMP-DD13C4EE9A897673199C3435764C9DF1', 'DINA', 'yukskuy', '08162821382372837', 'mbeweh@gmail.com', 'sumberrejo', NULL, '1', NULL, NULL, '2023-02-03 08:23:37', 'Perempuan', 'JBTN-4E21B', 'BCA', '864909090', '197982717298173819083', 'MCV-C13BD916F6C799114D2BADE8D5389099');

-- ----------------------------
-- Table structure for masterfilterreport
-- ----------------------------
DROP TABLE IF EXISTS `masterfilterreport`;
CREATE TABLE `masterfilterreport`  (
  `Id` varchar(50) CHARACTER SET latin1 COLLATE latin1_swedish_ci NOT NULL,
  `IdReport` varchar(50) CHARACTER SET latin1 COLLATE latin1_swedish_ci NULL DEFAULT NULL,
  `TitleInput` varchar(255) CHARACTER SET latin1 COLLATE latin1_swedish_ci NULL DEFAULT NULL,
  `JenisInput` varchar(255) CHARACTER SET latin1 COLLATE latin1_swedish_ci NULL DEFAULT NULL,
  `CreateBy` varchar(50) CHARACTER SET latin1 COLLATE latin1_swedish_ci NULL DEFAULT NULL,
  `CreateDate` timestamp NULL DEFAULT current_timestamp,
  PRIMARY KEY (`Id`) USING BTREE
) ENGINE = InnoDB CHARACTER SET = latin1 COLLATE = latin1_swedish_ci ROW_FORMAT = Dynamic;

-- ----------------------------
-- Records of masterfilterreport
-- ----------------------------

-- ----------------------------
-- Table structure for masterinvoice
-- ----------------------------
DROP TABLE IF EXISTS `masterinvoice`;
CREATE TABLE `masterinvoice`  (
  `Id` varchar(50) CHARACTER SET latin1 COLLATE latin1_swedish_ci NOT NULL,
  `IdSJ` varchar(50) CHARACTER SET latin1 COLLATE latin1_swedish_ci NULL DEFAULT NULL,
  `PPH` int NULL DEFAULT NULL,
  `IsClose` bit(1) NULL DEFAULT b'0',
  `CloseDate` timestamp NOT NULL DEFAULT current_timestamp ON UPDATE CURRENT_TIMESTAMP,
  `CloseBy` varchar(50) CHARACTER SET latin1 COLLATE latin1_swedish_ci NULL DEFAULT NULL,
  `BatalDate` timestamp NOT NULL DEFAULT '0000-00-00 00:00:00',
  `BatalBy` varchar(50) CHARACTER SET latin1 COLLATE latin1_swedish_ci NULL DEFAULT NULL,
  `KeteranganBatal` varchar(255) CHARACTER SET latin1 COLLATE latin1_swedish_ci NULL DEFAULT NULL,
  `Keterangan` varchar(255) CHARACTER SET latin1 COLLATE latin1_swedish_ci NULL DEFAULT NULL,
  `PotongReturnOrSisa` varchar(50) CHARACTER SET latin1 COLLATE latin1_swedish_ci NULL DEFAULT NULL,
  `JatuhTempo` int NULL DEFAULT NULL,
  `CreateBy` varchar(50) CHARACTER SET latin1 COLLATE latin1_swedish_ci NULL DEFAULT NULL,
  `CreateDate` timestamp NOT NULL DEFAULT current_timestamp,
  `IsCetak` bit(1) NULL DEFAULT b'0',
  `CetakBy` varchar(50) CHARACTER SET latin1 COLLATE latin1_swedish_ci NULL DEFAULT 'SA',
  `CetakDate` timestamp NOT NULL DEFAULT '0000-00-00 00:00:00',
  PRIMARY KEY (`Id`) USING BTREE
) ENGINE = InnoDB CHARACTER SET = latin1 COLLATE = latin1_swedish_ci ROW_FORMAT = Dynamic;

-- ----------------------------
-- Records of masterinvoice
-- ----------------------------
INSERT INTO `masterinvoice` VALUES ('INV/20230724/0001', 'SJ-2307210001', 0, b'0', '2023-07-24 19:46:43', NULL, '0000-00-00 00:00:00', NULL, NULL, 'teset cetak invoice', NULL, NULL, 'emp-0001', '2023-07-24 19:46:43', b'1', 'emp-0001', '2023-07-24 19:46:43');
INSERT INTO `masterinvoice` VALUES ('INV/20230731/0001', 'SJ-2307310001', 0, b'0', '2023-07-31 19:58:04', NULL, '0000-00-00 00:00:00', NULL, NULL, 'cetak sj', NULL, 0, 'emp-0001', '2023-07-31 19:58:04', b'1', 'emp-0001', '2023-07-31 19:58:04');
INSERT INTO `masterinvoice` VALUES ('INV/20230801/0001', 'SJ-2307310002', 0, b'0', '2023-08-01 00:25:30', NULL, '0000-00-00 00:00:00', NULL, NULL, 'test invoice dirumah', NULL, 60, 'emp-0001', '2023-08-01 00:25:30', b'1', 'emp-0001', '2023-08-01 00:25:30');
INSERT INTO `masterinvoice` VALUES ('INV/20230803/0001', 'SJ-2308030001', 0, b'0', '2023-08-03 18:39:22', NULL, '0000-00-00 00:00:00', NULL, NULL, 'tst cetak invoice last', NULL, 30, 'emp-0001', '2023-08-03 18:39:22', b'1', 'emp-0001', '2023-08-03 18:39:22');
INSERT INTO `masterinvoice` VALUES ('INV/20230805/0001', 'SJ-2308050001', 0, b'0', '2023-08-05 17:05:31', NULL, '0000-00-00 00:00:00', NULL, NULL, 'OK', NULL, 1, 'EMP-A6E622809C1FE3E89BE43FDEA088C81E', '2023-08-05 17:05:31', b'1', 'EMP-A6E622809C1FE3E89BE43FDEA088C81E', '2023-08-05 17:05:31');
INSERT INTO `masterinvoice` VALUES ('INV/20230805/0002', 'SJ-2308050002', 0, b'0', '2023-08-05 17:30:43', NULL, '0000-00-00 00:00:00', NULL, NULL, 'OK', NULL, 30, 'emp-0001', '2023-08-05 17:30:43', b'1', 'emp-0001', '2023-08-05 17:30:43');
INSERT INTO `masterinvoice` VALUES ('INV/20230808/0001', 'SJ-2308080001', 0, b'0', '2023-08-08 17:16:32', NULL, '0000-00-00 00:00:00', NULL, NULL, 'OK', NULL, 1, 'emp-0001', '2023-08-08 17:16:32', b'1', 'emp-0001', '2023-08-08 17:16:32');

-- ----------------------------
-- Table structure for masterjabatan
-- ----------------------------
DROP TABLE IF EXISTS `masterjabatan`;
CREATE TABLE `masterjabatan`  (
  `Id` varchar(10) CHARACTER SET utf8mb4 COLLATE utf8mb4_general_ci NOT NULL,
  `Nama` varchar(200) CHARACTER SET utf8mb4 COLLATE utf8mb4_general_ci NULL DEFAULT NULL,
  `CreateDate` timestamp NULL DEFAULT current_timestamp,
  PRIMARY KEY (`Id`) USING BTREE
) ENGINE = InnoDB CHARACTER SET = utf8mb4 COLLATE = utf8mb4_general_ci ROW_FORMAT = COMPACT;

-- ----------------------------
-- Records of masterjabatan
-- ----------------------------
INSERT INTO `masterjabatan` VALUES ('jbtn-0001', 'Administrator', '2022-09-17 10:06:52');
INSERT INTO `masterjabatan` VALUES ('JBTN-23032', 'DRIVER', '2023-03-20 10:22:22');
INSERT INTO `masterjabatan` VALUES ('JBTN-4E21B', 'ADM FINANCE', '2022-11-19 13:23:05');
INSERT INTO `masterjabatan` VALUES ('JBTN-58EBA', 'KOLEKTOR', '2022-12-29 19:40:07');
INSERT INTO `masterjabatan` VALUES ('JBTN-60A62', 'MANAGER', '2022-12-21 15:01:23');
INSERT INTO `masterjabatan` VALUES ('JBTN-B38F9', 'SALES', '2022-12-19 11:42:01');
INSERT INTO `masterjabatan` VALUES ('JBTN-B9397', 'ADM LOGISTIK', '2023-02-03 08:27:59');
INSERT INTO `masterjabatan` VALUES ('JBTN-C6DE5', 'ADM MARKETING', '2023-01-07 14:49:23');
INSERT INTO `masterjabatan` VALUES ('JBTN-F17C3', 'OWNER', '2023-01-17 10:23:32');

-- ----------------------------
-- Table structure for masterjenisbayar
-- ----------------------------
DROP TABLE IF EXISTS `masterjenisbayar`;
CREATE TABLE `masterjenisbayar`  (
  `Id` varchar(50) CHARACTER SET utf8mb4 COLLATE utf8mb4_general_ci NOT NULL,
  `JenisBayar` varchar(100) CHARACTER SET utf8mb4 COLLATE utf8mb4_general_ci NULL DEFAULT NULL,
  `JatuhTempo` varchar(50) CHARACTER SET utf8mb4 COLLATE utf8mb4_general_ci NULL DEFAULT NULL,
  `Aktif` varchar(5) CHARACTER SET utf8mb4 COLLATE utf8mb4_general_ci NULL DEFAULT NULL,
  `CreateBy` varchar(50) CHARACTER SET utf8mb4 COLLATE utf8mb4_general_ci NULL DEFAULT NULL,
  `CreateDate` timestamp NULL DEFAULT current_timestamp,
  PRIMARY KEY (`Id`) USING BTREE
) ENGINE = InnoDB CHARACTER SET = utf8mb4 COLLATE = utf8mb4_general_ci ROW_FORMAT = DYNAMIC;

-- ----------------------------
-- Records of masterjenisbayar
-- ----------------------------
INSERT INTO `masterjenisbayar` VALUES ('MJB-08FDBB0BA319C5A550E103CAAE799D6B', 'TERMIN 1', '30', '1', 'emp-0001', '2023-02-14 16:12:20');
INSERT INTO `masterjenisbayar` VALUES ('MJB-230001', 'TESTING', '1', '1', 'emp-0001', '2023-02-17 16:36:08');
INSERT INTO `masterjenisbayar` VALUES ('MJB-43611DCF9FD7F86F49E311F7BCA05CB3', 'CBD', '0', '1', 'emp-0004', '2022-10-06 14:49:01');
INSERT INTO `masterjenisbayar` VALUES ('MJB-7F9858790B5C9E59CB81DFD9E698FF84', 'TERMIN 3', '60', '1', 'emp-0001', '2023-02-16 10:27:57');
INSERT INTO `masterjenisbayar` VALUES ('MJB-B26ED288D7445C12449FDA050E5E4936', 'TERMIN 2', '45', '1', 'emp-0001', '2023-02-14 16:25:24');

-- ----------------------------
-- Table structure for masterongkossopir
-- ----------------------------
DROP TABLE IF EXISTS `masterongkossopir`;
CREATE TABLE `masterongkossopir`  (
  `Id` varchar(50) CHARACTER SET latin1 COLLATE latin1_swedish_ci NOT NULL,
  `Nama` varchar(100) CHARACTER SET latin1 COLLATE latin1_swedish_ci NULL DEFAULT NULL,
  `Ongkos` int NULL DEFAULT NULL,
  `Keterangan` varchar(255) CHARACTER SET latin1 COLLATE latin1_swedish_ci NULL DEFAULT NULL,
  `Aktif` bit(1) NULL DEFAULT b'1',
  `CreateBy` varchar(50) CHARACTER SET latin1 COLLATE latin1_swedish_ci NULL DEFAULT NULL,
  `CreateDate` timestamp NULL DEFAULT current_timestamp,
  PRIMARY KEY (`Id`) USING BTREE
) ENGINE = InnoDB CHARACTER SET = latin1 COLLATE = latin1_swedish_ci ROW_FORMAT = Dynamic;

-- ----------------------------
-- Records of masterongkossopir
-- ----------------------------
INSERT INTO `masterongkossopir` VALUES ('MOS-2303200001', 'Pengiriman x', 85000, 'veh-0002', b'1', 'EMP-55E7B147297B6E1D6CB9C6F336CD69A1', '2023-03-20 10:07:48');
INSERT INTO `masterongkossopir` VALUES ('MOS-2304070001', 'Pengiriman y', 2000, 'VEH-230001', b'1', 'EMP-55E7B147297B6E1D6CB9C6F336CD69A1', '2023-04-07 10:10:04');
INSERT INTO `masterongkossopir` VALUES ('MOS-2305060001', 'PENGIRIMAN X', 100000, 'VEH-2305060001', b'1', 'EMP-55E7B147297B6E1D6CB9C6F336CD69A1', '2023-05-06 16:09:49');

-- ----------------------------
-- Table structure for masterpelanggan
-- ----------------------------
DROP TABLE IF EXISTS `masterpelanggan`;
CREATE TABLE `masterpelanggan`  (
  `Id` varchar(50) CHARACTER SET utf8mb4 COLLATE utf8mb4_general_ci NOT NULL,
  `NamaPelanggan` varchar(255) CHARACTER SET utf8mb4 COLLATE utf8mb4_general_ci NULL DEFAULT NULL,
  `Alamat` varchar(255) CHARACTER SET utf8mb4 COLLATE utf8mb4_general_ci NULL DEFAULT NULL,
  `Phone` varchar(25) CHARACTER SET utf8mb4 COLLATE utf8mb4_general_ci NULL DEFAULT NULL,
  `Aktif` varchar(10) CHARACTER SET utf8mb4 COLLATE utf8mb4_general_ci NULL DEFAULT NULL,
  `Email` varchar(100) CHARACTER SET utf8mb4 COLLATE utf8mb4_general_ci NULL DEFAULT NULL,
  `CreateDate` timestamp NULL DEFAULT current_timestamp,
  `Sales` varchar(50) CHARACTER SET utf8mb4 COLLATE utf8mb4_general_ci NULL DEFAULT NULL,
  `TglLahir` datetime NULL DEFAULT NULL,
  `NIK` varchar(100) CHARACTER SET utf8mb4 COLLATE utf8mb4_general_ci NULL DEFAULT NULL,
  `CreateBy` varchar(50) CHARACTER SET utf8mb4 COLLATE utf8mb4_general_ci NULL DEFAULT NULL,
  `Owner` varchar(255) CHARACTER SET utf8mb4 COLLATE utf8mb4_general_ci NULL DEFAULT NULL,
  `LimitPlafon` varchar(100) CHARACTER SET utf8mb4 COLLATE utf8mb4_general_ci NULL DEFAULT NULL,
  PRIMARY KEY (`Id`) USING BTREE
) ENGINE = InnoDB CHARACTER SET = utf8mb4 COLLATE = utf8mb4_general_ci ROW_FORMAT = COMPACT;

-- ----------------------------
-- Records of masterpelanggan
-- ----------------------------
INSERT INTO `masterpelanggan` VALUES ('cust-0001', 'abp', 'sokosari', '0999', '0', 'abp@gmail.com', '2022-09-18 08:36:12', 'emp-0003', NULL, NULL, NULL, 'wahyu j', '500000000');
INSERT INTO `masterpelanggan` VALUES ('CUST-230001', 'RAJAWALI HIYOTO', 'BOJONEGORO', '93187737209831', '1', '', '2023-02-17 16:52:49', NULL, '2023-02-24 00:00:00', '853863612738273', 'emp-0001', 'owner', '100');
INSERT INTO `masterpelanggan` VALUES ('CUST-230002', 'DUA PUTRA SEJATI', 'DANDER', '081265351853', '1', '', '2023-02-17 16:56:37', NULL, '1994-05-01 00:00:00', '3315786285878527', 'emp-0001', NULL, NULL);
INSERT INTO `masterpelanggan` VALUES ('CUST-230003', 'INDAH JAYA SELALU', 'KALISARI', '0827517365537', '1', '', '2023-02-17 16:58:32', NULL, '1980-01-02 00:00:00', '331557257817687', 'emp-0001', NULL, NULL);
INSERT INTO `masterpelanggan` VALUES ('CUST-230004', 'SIMALAKAMA', 'KALISARI', '089657457698798', '1', '', '2023-02-17 16:59:50', NULL, '1989-01-13 00:00:00', '1313756135761368', 'emp-0001', NULL, NULL);
INSERT INTO `masterpelanggan` VALUES ('CUST-230005', 'TOKO PSP ', 'JL. LETTU SUYITNO 7 A', '082136789206', '1', '', '2023-02-18 15:44:41', NULL, '2023-02-28 00:00:00', '0', 'emp-0001', 'owner psp', '10000000');
INSERT INTO `masterpelanggan` VALUES ('CUST-230006', 'MBD Sukses Bersama', 'Bojonegoro', '081362465815', '1', '', '2023-02-18 15:46:32', NULL, '1111-11-11 00:00:00', '1111', 'emp-0001', 'Ko Rio', '1000000000');
INSERT INTO `masterpelanggan` VALUES ('CUST-230007', 'YUDA ADITAMA (MBING BALEN)', 'PEREMPATAN BALEN KE UTARA', '000000000000', '1', '', '2023-02-18 15:48:04', NULL, '2023-02-15 00:00:00', '0', 'emp-0001', 'ANI', '2000000000');
INSERT INTO `masterpelanggan` VALUES ('CUST-230008', 'BUMI AGUNG', 'RAYA BANGILAN - TUBAN\n', '081233856953', '1', '', '2023-02-18 15:50:42', NULL, '1900-01-01 00:00:00', '3523030406710002', 'emp-0001', 'Cik Susan', '1000000000');
INSERT INTO `masterpelanggan` VALUES ('CUST-230009', 'BRAGA', 'BANGILAN', '089619888883', '1', '', '2023-02-18 15:52:48', NULL, '1900-01-01 00:00:00', '3523031406830002', 'emp-0001', 'Mas Budi', '200000000');
INSERT INTO `masterpelanggan` VALUES ('CUST-230010', 'BINTANG ARUT JAYA ', 'JL JOMBANG NO 5, RT01/RW01\n', '082337059757', '1', '', '2023-02-18 16:01:43', NULL, '2022-12-15 00:00:00', '0', 'emp-0001', 'wes', '100000000');
INSERT INTO `masterpelanggan` VALUES ('CUST-230011', 'BINTANG ARUT CV.', 'JL. BASUKI RAHMAT NO. 107\n', '085723298925', '1', '', '2023-02-18 16:03:46', NULL, '1980-01-10 00:00:00', '3524224106650001', 'emp-0001', 'hayuk', '100000000');
INSERT INTO `masterpelanggan` VALUES ('CUST-230012', 'test2', 'asdf2', '+62857184533932', '1', '', '2023-02-20 16:04:15', NULL, '2023-02-20 00:00:00', '2342', 'emp-0001', 'jw2', '2342');
INSERT INTO `masterpelanggan` VALUES ('CUST-2302240001', 'GAUL', 'DANDER', '081624626521', '1', '', '2023-02-24 17:04:38', NULL, '2015-02-03 00:00:00', '9999999', 'emp-0001', 'INA', '1000000000');
INSERT INTO `masterpelanggan` VALUES ('CUST-2306270001', 'INDAH JAYA / H. ANIS', 'PRAMBON', '082301310299', '1', '', '2023-06-27 09:45:54', NULL, '1900-01-01 00:00:00', '0', 'emp-0001', 'HAJI ANIS', '100000000');
INSERT INTO `masterpelanggan` VALUES ('CUST-2306270002', 'UBIN ANDA', 'DANDER', '085259000210', '1', '', '2023-06-27 09:49:39', NULL, '1900-01-01 00:00:00', '0', 'emp-0001', 'SULTON FATONI', '100000000');
INSERT INTO `masterpelanggan` VALUES ('CUST-2306270003', 'CAHAYA ', 'PURWOSARI', '085233517070', '1', '', '2023-06-27 09:49:41', NULL, '1900-01-01 00:00:00', '0', 'emp-0001', 'YUDI', '100000000');
INSERT INTO `masterpelanggan` VALUES ('CUST-2306270004', 'BERKAH JAYA SUMBERREJO', 'SUMBERREJO (500M SELATAN PONDOK TALUN)', '081335430053', '1', '', '2023-06-27 09:51:45', NULL, '1900-01-01 00:00:00', '0', 'emp-0001', 'NN', '50000000');
INSERT INTO `masterpelanggan` VALUES ('CUST-2306270005', 'BESI BAJA', 'MRENUNG - RANDUBLATUNG', '081367047399', '1', '', '2023-06-27 09:51:45', NULL, '1900-01-01 00:00:00', '0', 'emp-0001', 'NAFI', '500000000');
INSERT INTO `masterpelanggan` VALUES ('CUST-DECB97B01BBEC7DADAE5A373916D5F4C', 'cust 1', 'teat', '08888', '0', '', '2023-01-17 13:16:45', NULL, '2023-01-17 00:00:00', '3333', 'emp-0001', NULL, NULL);

-- ----------------------------
-- Table structure for masterperiode
-- ----------------------------
DROP TABLE IF EXISTS `masterperiode`;
CREATE TABLE `masterperiode`  (
  `Id` varchar(50) CHARACTER SET latin1 COLLATE latin1_swedish_ci NOT NULL,
  `Keterangan` varchar(100) CHARACTER SET latin1 COLLATE latin1_swedish_ci NULL DEFAULT NULL,
  `TglMulai` timestamp NOT NULL DEFAULT current_timestamp ON UPDATE CURRENT_TIMESTAMP,
  `TglAkhir` timestamp NOT NULL DEFAULT '0000-00-00 00:00:00',
  `IsAktif` bit(1) NULL DEFAULT b'1',
  `Penjualan` int NULL DEFAULT NULL,
  `Pembelian` int NULL DEFAULT NULL,
  `CreateDate` timestamp NOT NULL DEFAULT current_timestamp,
  `CreateBy` varchar(50) CHARACTER SET latin1 COLLATE latin1_swedish_ci NULL DEFAULT 'Admin',
  PRIMARY KEY (`Id`) USING BTREE
) ENGINE = InnoDB CHARACTER SET = latin1 COLLATE = latin1_swedish_ci ROW_FORMAT = Dynamic;

-- ----------------------------
-- Records of masterperiode
-- ----------------------------
INSERT INTO `masterperiode` VALUES ('202309', '2023 September', '2023-09-24 00:00:00', '2023-10-24 00:00:00', b'1', 0, 0, '2023-09-04 19:20:10', 'emp-0001');

-- ----------------------------
-- Table structure for masterpiutang
-- ----------------------------
DROP TABLE IF EXISTS `masterpiutang`;
CREATE TABLE `masterpiutang`  (
  `Id` varchar(50) CHARACTER SET utf8mb4 COLLATE utf8mb4_general_ci NOT NULL,
  `InvSo` varchar(50) CHARACTER SET utf8mb4 COLLATE utf8mb4_general_ci NULL DEFAULT NULL,
  `Nominal` varchar(50) CHARACTER SET utf8mb4 COLLATE utf8mb4_general_ci NULL DEFAULT NULL,
  `CreateDate` timestamp NULL DEFAULT current_timestamp,
  `CreateBy` varchar(50) CHARACTER SET utf8mb4 COLLATE utf8mb4_general_ci NULL DEFAULT NULL,
  `CheckBy` varchar(50) CHARACTER SET utf8mb4 COLLATE utf8mb4_general_ci NULL DEFAULT NULL,
  `CheckDate` timestamp NULL DEFAULT NULL,
  `Image` varchar(255) CHARACTER SET utf8mb4 COLLATE utf8mb4_general_ci NULL DEFAULT NULL,
  `IdKolektor` varchar(50) CHARACTER SET utf8mb4 COLLATE utf8mb4_general_ci NULL DEFAULT NULL,
  `KolektorDate` timestamp NULL DEFAULT NULL,
  `Ttd` text CHARACTER SET utf8mb4 COLLATE utf8mb4_general_ci NULL,
  `Photo` text CHARACTER SET utf8mb4 COLLATE utf8mb4_general_ci NULL,
  `IsBatal` varchar(5) CHARACTER SET utf8mb4 COLLATE utf8mb4_general_ci NULL DEFAULT '0',
  PRIMARY KEY (`Id`) USING BTREE
) ENGINE = InnoDB CHARACTER SET = utf8mb4 COLLATE = utf8mb4_general_ci ROW_FORMAT = DYNAMIC;

-- ----------------------------
-- Records of masterpiutang
-- ----------------------------
INSERT INTO `masterpiutang` VALUES ('MPU-2307290001', 'INV/20230724/0001', '4000', '2023-07-29 20:00:20', 'emp-0001', 'emp-0001', '2023-07-29 20:24:57', NULL, 'emp-0001', '2023-07-29 20:00:20', 'data:image/png;base64,iVBORw0KGgoAAAANSUhEUgAAA6gAAAH0CAYAAAAwkgCNAAAAAXNSR0IArs4c6QAAIABJREFUeF7t3Qn0tf9c7//nqZwoYyIklAwpUshQCGXKPPwo6jgJ5V+S4RQqVEoUOTol4ypNhjJ0iKJkCpnLFBkPZQiVMac661P7/tu+fe/f/R32/f1+9t6Pa63Wct/3dX2u9/vx/iytl733df2XHAQIECBAgAABAgQIECBAYAKB/zJBDUogQIAAAQIECBAgQIAAAQIJqDYBAQIECBAgQIAAAQIECEwhIKBOMQZFECBAgAABAgQIECBAgICAag8QIECAAAECBAgQIECAwBQCAuoUY1AEAQIECBAgQIAAAQIECAio9gABAgQIECBAgAABAgQITCEgoE4xBkUQIECAAAECBAgQIECAgIBqDxAgQIAAAQIECBAgQIDAFAIC6hRjUAQBAgQIECBAgAABAgQICKj2AAECBAgQIECAAAECBAhMISCgTjEGRRAgQIAAAQIECBAgQICAgGoPECBAgAABAgQIECBAgMAUAgLqFGNQBAECBAgQIECAAAECBAgIqPYAAQIECBAgQIAAAQIECEwhIKBOMQZFECBAgAABAgQIECBAgICAag8QIECAAAECBAgQIECAwBQCAuoUY1AEAQIECBAgQIAAAQIECAio9gABAgQIECBAgAABAgQITCEgoE4xBkUQIECAAAECBAgQIECAgIBqDxAgQIAAAQIECBAgQIDAFAIC6hRjUAQBAgQIECBAgAABAgQICKj2AAECBAgQIECAAAECBAhMISCgTjEGRRAgQIAAAQIECBAgQICAgGoPECBAgAABAgQIECBAgMAUAgLqFGNQBAECBAgQIECAAAECBAgIqPYAAQIECBAgQIAAAQIECEwhIKBOMQZFECBAgAABAgQIECBAgICAag8QIECAAAECBAgQIECAwBQCAuoUY1AEAQIECBAgQIAAAQIECAio9gABAgQIECBAgAABAgQITCEgoE4xBkUQIECAAAECBAgQIECAgIBqDxAgQIAAAQIECBAgQIDAFAIC6hRjUAQBAgQIECBAgAABAgQICKj2AAECBAgQIECAAAECBAhMISCgTjEGRRAgQIAAAQIECBAgQICAgGoPECBAgAABAgQIECBAgMAUAgLqFGNQBAECBAgQIECAAAECBAgIqPYAAQIECBAgQIAAAQIECEwhIKBOMQZFECBAgAABAgQIECBAgICAag8QIECAAAECBAgQIECAwBQCAuoUY1AEAQIECBAgQIAAAQIECAio9gABAgQIECBAgAABAgQITCEgoE4xBkUQIECAAAECBAgQIECAgIBqDxAgQIAAAQIECBAgQIDAFAIC6hRjUAQBAgQIECBAgAABAgQICKj2AAECBAgQIECAAAECBAhMISCgTjEGRRAgQIAAAQIECBAgQICAgGoPECBAgAABAgQIECBAgMAUAgLqFGNQBAECBAgQIECAAAECBAgIqPYAAQIECBAgQIAAAQIECEwhIKBOMQZFECBAgAABAgQIECBAgICAag8QIECAAAECBAgQIECAwBQCAuoUY1AEAQIECBAgQIAAAQIECAio9gABAgQIECBAgAABAgQITCEgoE4xBkUQIECAAAECBAgQIECAgIBqDxAgQIAAAQIECBAgQIDAFAIC6hRjUAQBAgQIECBAgAABAgQICKj2AAECBAgQIECAAAECBAhMISCgTjEGRRAgQIAAAQIECBAgQICAgGoPECBAgAABAgQIECBAgMAUAgLqFGNQBAECBAgQIECAAAECBAgIqPYAAQIECBAgQIAAAQIECEwhIKBOMQZFECBAgAABAgQIECBAgICAag8QIECAAAECBAgQIECAwBQCAuoUY1AEAQIECBAgQIAAAQIECAio9gABAgQIECBAgAABAgQITCEgoE4xBkUQIECAAAECBAgQIECAgIBqDxAgQIAAAQIECBAgQIDAFAIC6hRjUAQBAgQIECBAgAABAgQICKj2AAECBAgQIECAAAECBAhMISCgTjEGRRAgQIAAAQIECBAgQICAgGoPECBAgAABAgQIECBAgMAUAgLqFGNQBAECBAgQIECAAAECBAgIqPYAAQIECBAgQIAAAQIECEwhIKBOMQZFECBAgAABAgQIECBAgICAag8QIECAAAECBAgQIECAwBQCAuoUY1AEAQIECBAgQIAAAQIECAio9gABAgQIECBAgAABAgQITCEgoE4xBkUQIECAAAECBAgQIECAgIBqDxAgQIAAAQIECBAgQIDAFAIC6hRjUAQBAgQIECBAgAABAgQICKj2AAECBAgQIECAAAECBAhMISCgTjEGRRAgQIAAAQIECBAgQICAgGoPECBAgAABAgQIECBAgMAUAgLqFGNQBAECBAgQIECAAAECBAgIqPYAAQIECBAgQIAAAQIECEwhIKBOMQZFECBAgAABAgQIECBAgICAag8QIECAAAECBAgQIECAwBQCAuoUY1AEAQIECBAgQIAAAQIECAio9gABAgQIECBAgAABAgQITCEgoE4xBkUQIECAAAECBAgQIECAgIBqDxAgQIAAAQIECBAgQIDAFAIC6hRjUAQBAgQIECBAgAABAgQICKj2AAECBAgQIECAAAECBAhMISCgTjEGRRAgQIAAAQIECBAgQICAgGoPECBAgAABAgQIECBAgMAUAgLqFGNQBAECBAgQIECAAAECBAgIqPYAAQIECBAgQIAAAQIECEwhIKBOMQZFECBAgAABAgQIECBAgICAag8QIECAAAECBAgQIECAwBQCAuoUY1AEAQIECBAgQIAAAQIECAio9gABAgQIECBAgAABAgQITCEgoE4xBkUQIECAAAECBAgQIECAgIBqDxAgQIAAAQIECBAgQIDAFAIC6hRjUAQBAgQIECBAgAABAgQICKj2AAECBAgQIECAAAECBAhMISCgTjEGRRAgQIAAAQIECBAgQICAgGoPECBAgAABAgQIECBAgMAUAgLqFGNQBAECBAgQIECAAAECBAgIqPYAAQIECBAgQIAAAQIECEwhIKBOMQZFECBAgAABAgQIECBAgICAag8QIECAAAECBAgQIECAwBQCAuoUY1AEAQIECBAgQIAAAQIECAio9gABAgQIECBAgAABAgQITCEgoE4xBkUQIECAAAECBAgQIECAgIBqDxAgQIAAAQIECBAgQIDAFAIC6hRjUAQBAgQIECBAgAABAgQICKj2AAECBAgQIECAAAECBAhMISCgTjEGRRAgQIAAAQIECBAgQICAgGoPECBAgAABAgQIECBAgMAUAgLqFGNQBAECBAgQIECAAAECBAgIqPYAAQIECBAgQIAAAQIECEwhIKBOMQZFECBAgAABAgQIECBAgICAag8QIECAAAECBAgQIECAwBQCAuoUY1AEAQIECBAgQIAAAQIECAio9gABAgQIECBAgAABAgQITCEgoE4xBkUQIECAAAECBAgQIECAgIBqDxAgQIAAAQIECBAgQIDAFAIC6hRjUAQBAgQIECBAgAABAgQICKj2AAECBAgQIECAAAECBAhMISCgTjEGRRAgQIAAAQIECBAgQICAgGoPECBAgAABAgQIECBAgMAUAgLqFGNQBAECBAgQIECAAAECBAgIqPYAAQIECBAgQIAAAQIECEwhIKBOMQZFECBAgAABAgQIECBAgICAag8QIECAAAECBAgQIECAwBQCAuoUY1AEAQIECBAgQIAAAQIECAio9gABAgQIECBAgAABAgQITCEgoE4xBkUQIECAAAECBAgQIECAgIBqDxAgQIAAAQIECBAgQIDAFAIC6hRjUAQBAgQIECBAgAABAgQICKj2AAECBAgQIECAAAECBAhMISCgTjEGRRAgQIAAAQIECBAgQICAgGoPECBAgAABAgQIECBAgMAUAgLqFGNQBAECBAgQIECAAAECBAgIqPYAAQIECBAgQIAAAQIECEwhIKBOMQZFECBAgAABAgQIECBAgICAag8QIECAAAECBAgQIECAwBQCAuoUY1AEAQIECBAgQIAAAQIECAio9gABAgQIECBAgAABAgQITCEgoE4xBkUQIECAAAECBAgQIECAgIBqDxAgQIAAAQIECBAgQIDAFAIC6hRjUAQBAgQIECBAgAABAgQICKj2AAECBAgQIECAAAECBAhMISCgTjEGRRAgQIAAAQIECBAgQICAgGoPECBAgAABAgQIECBAgMAUAgLqFGNQBAECBAgQIECAAAECBAgIqPYAAQIECBAgQIAAAQIECEwhIKBOMQZFECBAgAABAgQIECBAgICAag8QIECAAAECBAgQIECAwBQCAuoUY1AEAQIECBAgQIAAAQIECAio9gABAgQIECBAgAABAgQITCEgoE4xBkUQIECAAAECBAgQIECAgIBqDxAgQIAAAQIECBAgQIDAFAIC6hRjUAQBAgQIECBAgAABAgQICKj2AAECBAgQIECAAAECBAhMISCgTjEGRRAgQIAAAQIECBAgQICAgGoPECBAgAABAgQIECBAgMAUAgLqFGNQBAECBAgQIECAAAECBAgIqPYAAQIECBAgQIAAAQIECEwhIKBOMQZFECBAgAABAgQIECBAgICAag8QIECAAAECBAgQIECAwBQCAuoUY1AEAQIECBAgQIAAAQIECAio9gABAgQIECBAgAABAgQITCEgoE4xBkUQIECAAAECBAgQIECAgIBqDxAgQIAAAQIECBAgQIDAFAIC6hRjUAQBAgQIECBAgAABAgQICKj2AAECBAgQIECAAAECBAhMISCgTjEGRRAgQIAAAQIECBAgQICAgGoPECBAgAABAgQIECBAgMAUAgLqFGNQBAECBAgQIECAAAECBAgIqPYAAQIECBAgQIAAAQIECEwhIKBOMQZFECBAgAABAgQIECBAgICAag8QIECAAAECBAgQIECAwBQCAuoUY1AEAQIECBAgQIAAAQIECAio9gABAgQIECBAgAABAgQITCEgoE4xBkUQIECAAAECBAgQIECAgIBqDxAgQIAAAQIECBAgQIDAFAIC6hRjUAQBAgQIECBAgAABAgQICKj2AAECBAgQIECAAAECBAhMISCgTjEGRRAgQIAAAQIECBAgQICAgGoPECBAgAABAgQIECBAgMAUAgLqFGNQBAECBAgQIECAAAECBAgIqPYAAQIECBAgQIAAAQIECEwhIKBOMQZFECBAgAABAgQIECBAgICAag8QIECAAAECBAgQIECAwBQCAuoUY1AEAQIECBAgQIAAAQIECAio9gABAgQIECBAgAABAgQITCEgoE4xBkUQIECAAAECBAgQIECAgIBqDxAgQIAAAQIECBAgQIDAFAIC6hRjUAQBAgQIECBAgAABAgQICKj2AAECBAgQIECAAAECBAhMISCgTjEGRRAgQIAAAQIECBAgQICAgGoPECBAgAABAgQIECBAgMAUAgLqFGNQBAECBAgQIECAAAECBAgIqPYAAQIECBAgQIAAAQIECEwhIKBOMQZFECBAgAABAgQIECBAgICAag8QIECAAAECBAgQIECAwBQCAuoUY1AEAQIECBAgQIAAAQIECAio9gABAgQIECBAgAABAgQITCEgoE4xBkUQIECAAAECBAgQIECAgIBqDxAgQIAAAQIECBAgQIDAFAIC6hRjUAQBAgQIECBAgAABAgQICKj2AAECBAgQIECAAAECBAhMISCgTjEGRRAgQIAAAQIECBAgQICAgGoPECBAgAABAgQIECBAgMAUAgLqFGNQBAECBAgQIECAAAECBAgIqPYAAQIECBAgQIAAAQIECEwhIKBOMQZFECBAgAABAgQIECBAgICAag8QIECAAAECBAgQIECAwBQCAuoUY1AEAQIECBAgQIAAAQIECAio9gABAgQIECBAgAABAgQITCEgoE4xBkUQIECAAAECBAgQIECAgIBqDxAgQIAAAQIECBAgQIDAFAIC6hRjUAQBAgQIECBAgAABAgQICKj2AAECBAgQIECAAAECBAhMISCgTjEGRRAgQIAAAQIECBAgQICAgGoPECBAgAABAgQIECBAgMAUAgLqFGNQBAECBAgQIECAAAECBAgIqPYAAQIECBAgQIAAAQIECEwhIKBOMQZFECBAgAABAgQIECBAgICAag8QIECAAAECBAgQIECAwBQCAuoUY1AEAQIECBAgQIAAAQIECAio9gABAgQIECBAgAABAgQITCEgoE4xBkUQIECAAAECBAgQIECAgIBqDxAgQIAAAQIECBAgQIDAFAIC6hRjUAQBAgQIECBAgAABAgQICKj2AAECBAgQIECAAAECBAhMISCgTjEGRRAgQIAAAQIECBAgQICAgGoPECBAgAABAgQIECBAgMAUAgLqFGNQBAECBAgQIECAAAECBAgIqPYAAQIECBAgQIAAAQIECEwhIKBOMQZFECBAgMCaCHxVdZ7q7dVH1qRmZRIgQIAAgbUREFDXZlQKJUCAAIFjFPjW6j7VdZdqeED1wGOsya0JECBAgMDGCQioGzdSDREgQIDAigV+s7rdSdY8o3rKiu9nOQIECBAgsLUCAurWjl7jBAgQIHAKgatWj6m+9hTnnbf6ME0CBAgQIEDg8AIC6uENrUCAAAECmydw6+rJe2zrKtXL93iu0wgQIECAAIEzERBQbQ8CBAgQIPC5Apep3rAPlEtUb9vH+U4lQIAAAQIETiIgoNoaBAgQIEDgswL7+eR0XDV+fzp+h+ogQIAAAQIEViAgoK4A0RIECBAgsBEC+w2nH6rOtxGda4IAAQIECEwiIKBOMghlECBAgMCxCoxw+rDqwnusYrxeZrxmxkGAAAECBAisUEBAXSGmpQgQIEBgLQWeU11vj5W/vbpj9YI9nu80AgQIECBAYB8CAuo+sJxKgAABAhsn8IzqJnvs6uHVPfZ4rtMIECBAgACBAwgIqAdAcwkBAgQIbITAv+2jCw9D2geWUwkQIECAwEEFBNSDyrmOAAECBNZZYLzjdPzudC+HcLoXJecQIECAAIEVCAioK0C0BAECBAisncBnqi/YQ9WPru6yh/OcQoAAAQIECKxAQEBdAaIlCBAgQGCtBG5QPXsPFf/BPn6fuoflnEKAAAECBAicSkBAPZWQfydAgACBTRN4c3WpUzTlNTKbNnX9ECBAgMBaCAioazEmRRIgQIDAigTuUD3hTNb6ePXD1eNWdD/LECBAgAABAvsQEFD3geVUAgQIEFh7gVO9VmY8OOmpa9+lBggQIECAwJoKCKhrOjhlEyBAgMC+Ba5QvfJMrjqjGk/sdRAgQIAAAQLHJCCgHhO82xIgQIDAkQs8oLr/Se46ntQ7ntjrIECAAAECBI5RQEA9Rny3JkCAAIEjFRifno5PUXce96gefqSVuBkBAgQIECCwq4CAamMQIECAwDYInOzrveMrveOrvQ4CBAgQIEBgAgEBdYIhKIEAAQIETrvAz1T32+UuXidz2undgAABAgQI7F1AQN27lTMJECBAYD0FzlG9vzrbjvLfV3199aH1bEvVBAgQIEBg8wQE1M2bqY4IECBA4HMF7ln9wi4or62+ARYBAgQIECAwj4CAOs8sVEKAAAECp0fgI9W5d1nak3tPj7dVCRAgQIDAgQUE1APTuZAAAQIE1kDgDtUTdqnzM9UFq79fgx6USIAAAQIEtkZAQN2aUWuUAAECWynw5OrWu3T+c9V9t1JE0wQIECBAYGIBAXXi4SiNAAECBA4l8LXVX+2ywr9UF6nGQ5IcBAgQIECAwEQCAupEw1AKAQIECKxU4Bere+yy4q9V37/SO1mMAAECBAgQWImAgLoSRosQIECAwGQCX1y9pzrPjro+XV2qetdk9SqHAAECBAgQqARU24AAAQIENlHgO6vf3qWxx1Z32sSG9USAAAECBDZBQEDdhCnqgQABAgR2Cry4+uZdWMbvUt+IiwABAgQIEJhTQECdcy6qIkCAAIGDC5zs4UjPqm508GVdSYAAAQIECJxuAQH1dAtbnwABAgSOWuCnqx/f5abfXj3vqItxPwIECBAgQGDvAgLq3q2cSYAAAQLzC/zX6r3Vl+4o9U3VZeYvX4UECBAgQGC7BQTU7Z6/7gkQILBpAteunr9LU3euHrNpzeqHAAECBAhsmoCAumkT1Q8BAgS2W+D3qlvsIPhIdYHqn7ebRvcECBAgQGB+AQF1/hmpkAABAgT2JvDl1Tuqs+w4/WHVPfe2hLMIECBAgACB4xQQUI9T370JECBAYJUC96oeusuCF6/evsobWYsAAQIECBA4PQIC6ulxtSoBAgQIHL3Au6qL7Ljt06ubH30p7kiAAAECBAgcREBAPYiaawgQIEBgNoFLVH+9S1HfUT17tmLVQ4AAAQIECOwuIKDaGQQIECCwCQI/XP3SjkY+XZ11E5rTAwECBAgQ2BYBAXVbJq1PAgQIbLbAi6pv2dHiM6qbbXbbuiNAgAABApslIKBu1jx1Q4AAgW0U+LJq/P70C3c0f6XqldsIomcCBAgQILCuAgLquk5O3QQIECBwQuB61XN2cLytGr9LdRAgQIAAAQJrJCCgrtGwlEqAAAECuwo8svrBHf/yc9V9eREgQIAAAQLrJSCgrte8VEuAAAECnyvwedU7q69Y+usPVt9QvRcWAQIECBAgsF4CAup6zUu1BAgQIPC5AlerXrID5derO4AiQIAAAQIE1k9AQF2/mamYAAECBD4r8JDq3ksg/1KN36Q+HxIBAgQIECCwfgIC6vrNTMUECBAg8B8Cn7/4eu+Fl0DeUV2q+gwkAgQIECBAYP0EBNT1m5mKCRAgQOA/BK5bPXcHxmOrOwEiQIAAAQIE1lNAQF3PuamaAAECBOqp1S2XID5eXaN6NRwCBAgQIEBgPQUE1PWcm6oJECCw7QJfWr2vOssSxAura247jP4JECBAgMA6Cwio6zw9tRMgQGB7Be5WPWKp/X+tblI9a3tJdE6AAAECBNZfQEBd/xnqgAABAtso8Mbqa5Yaf3d16eqT24ihZwIECBAgsCkCAuqmTFIfBAgQ2B6Bq1fj67zLx4OqH98eAp0SIECAAIHNFBBQN3OuuiJAgMAmC/xOddulBj9UXaEan6I6CBAgQIAAgTUWEFDXeHhKJ0CAwBYKfHE1AulZl3p/SnXGFlpomQABAgQIbJyAgLpxI9UQgWkEzlHdoPra6gsX//f5i2DxkepF1f+eplqFrIvAzocj/d/qRru8D3Vd+lEnAQIECBAgsCQgoNoOBAgcVuBEEB3vn7xwde1q/N1ej7dVf1j9evWqvV7kvK0VeEV1paXux5+vvLUaGidAgAABAhsmIKBu2EC1Q+AIBb6z+qXq/Cu85+uqu1YvXeGaltocgctUb1hq51+qn1r83+Z0qRMCBAgQILDFAgLqFg9f6wQOIbAzKBxiqV0vfUv1mOqZ1VtXvbj11lZg/A8iP7xU/Uery1XvWduOFE6AAAECBAh8joCAakMQIHAQgYdW9zrIhQe45nHV66t3VK+u3nuANVyy/gLj/1+NIPrlS614ONL6z1UHBAgQIEBAQLUHCBA4tMD/WnwV99ALHWCBEVL+ufrX6i+qJ1fPOMA6LlkvgWtWL1iUPGb/suonqj9ZrzZUS4AAAQIECJyZgE9Q7Q8CBA4isJev+I5PPd9cja/rjkBx4jjX4um+lzrIjU9yzc9XP7bC9Sw1n8CvVXdeKusD1VdVH5+vVBURIECAAAECBxUQUA8q5zoCBL6rGsFwPLl3fKr5qOo11bt3PMjmZFLfVN2qGussf23zoLLPq24msByUb+rrzlJ9uDr7osp/q8an+D80ddWKI0CAAAECBPYtIKDum8wFBAisWOCManw6du4VrDseqHT96u0rWMsS8wh8xy7vzL159fR5SlQJAQIECBAgsAoBAXUVitYgQOCwAhetfre6ymEXqsaTXW9avXAFa1liDoHxO9NrLUr5ZPWk6r/PUZoqCBAgQIAAgVUKCKir1LQWAQKHFbh19csrerfq7avfOmxBrj92gQvt8uTmR1d3OfbKFECAAAECBAisXEBAXTmpBQkQOKTAearvre5Yfc0h17pP9eBDruHy4xV4QnWHpRLG70/HE31fdLxluTsBAgQIECBwOgQE1NOhak0CBFYhcInFQ4++r7rkIRZ8SXU9D086hODxXfoV1ZuqL14q4WnVLY6vJHcmQIAAAQIETqeAgHo6da1NgMAqBL5kETAvX/1w9YUHWHS87mZ86jZeTeJYH4GfrB64VO7fVN9evWN9WlApAQIECBAgsB8BAXU/Ws4lQGAGgfEb1f/vAIWMV+HcsPqrA1zrkqMXOGs1nso8XmN04hivlRnzdxAgQIAAAQIbKiCgbuhgtUVgwwXGw5R+vTrbAfocT/h95gGuc8nRCnzPYsYn7jo+Nf266hNHW4a7ESBAgAABAkcpIKAepbZ7ESCwSoHxld/nHvCJv3evHrHKYqy1coGXVVdeWvUHqket/C4WJECAAAECBKYSEFCnGodiCBDYp8CXVX96wKf9jveu3qn62D7v6fTTL3D1He+xHQ9KuqJPT08/vDsQIECAAIHjFhBQj3sC7k+AwCoEfrr68QMs9KxqfF34kwe41iWnT+A3qu9eWn6883S8+9RBgAABAgQIbLiAgLrhA9YegS0SGA9OeugBfpf6huoa1Ye3yGrmVi9QjQdafUH1r9Urq+tXH5m5aLURIECAAAECqxEQUFfjaBUCBOYQOGPxO8Xz7LOcD1bXqf5yn9c5ffUCO18tc+fqMau/jRUJECBAgACBGQUE1BmnoiYCBA4jcNHqBdXF9rnIp6pbVeNrv47jERifmr536cFXL6q+dfFJ6vFU5K4ECBAgQIDAkQoIqEfK7WYECByRwJcvHp50iQPc7/urXzvAdS45vMDtqycuLXPL6vcPv6wVCBAgQIAAgXUREFDXZVLqJEBgvwIXqsbDdsZXd/d7PKT60f1e5PxDC7yuutxilZdXV61rLVTuAAAgAElEQVT+7dCrWoAAAQIECBBYGwEBdW1GpVACBA4ocNAn/P5KNR685DgagatVL1m61e2q3z6aW7sLAQIECBAgMIuAgDrLJNRBgMDpFPjZ6j4HuMHjq3tU/3CAa12yP4GnVzddXPK2xSepXv+zP0NnEyBAgACBtRcQUNd+hBogQGCPAuMBSE/Z47nLp72quq7X0BxAbu+XXKX688Xp43Uy47Uyr9j75c4kQIAAAQIENkVAQN2USeqDAIG9CFy5enb1JXs5eemcEZZuXr1vn9c5fW8CT63GA5HG8bfVpap/2tulziJAgAABAgQ2SUBA3aRp6oUAgb0IXKT6w+oyezl56Zz3VNeo3rnP65x+5gLjfzR42dIpnqJsxxAgQIAAgS0WEFC3ePhaJ7DFAuerfq+6+j4N3rj4+ukIq47VCDynut5iqfE13xtWH13N0lYhQIAAAQIE1k1AQF23iamXAIFVCZxt8ZvU79jngu+trlj93T6vc/p/Fhhfmz7xntP3V2dULwRFgAABAgQIbK+AgLq9s9c5AQL/ITDelfrd+8T4UHXjHV9N3ecSTq9eX112IfH86kbVp8gQIECAAAEC2ysgoG7v7HVOgMBnBX6gGu893c/x4cVXhMfXfh37F7h99cTFZX9T3bn6k/0v4woCBAgQIEBgkwQE1E2apl4IEDiMwB2qJ+xzgfFKlK+v/CZ1f3BfWr2kumT1meqPFp+e7m8VZxMgQIAAAQIbJyCgbtxINUSAwCEEvnXxhN+z7mON8ZvU8bCld+zjmm0/9cHVjy4hXKl65baj6J8AAQIECBAoAdUuIECAwOcKXLt6WnXOfcC8tbpq9ff7uGZbTx3voH1XdfYFwAiqD9lWDH0TIECAAAECnysgoNoRBAgQ+M8C31i9uBpP+t3r8erqOl6Rckqu+1U/szhrPBDpotUHTnmVEwgQIECAAIGtEBBQt2LMmiRA4AACl1h87XQ/n6S+vLrKAe61LZecq/rr6vyLhn+quv+2NK9PAgQIECBA4NQCAuqpjZxBgMD2Cnxt9Yzq4vsgeFz1ffs4f5tOHV/nHb8/PXEM17dvE4BeCRAgQIAAgTMXEFDtEAIECJy5wIWq11XjybN7PUYIu89eT96S88aDp8ZXec+x6PfnqvtuSe/aJECAAAECBPYoIKDuEcppBAhstcBXVM+qLrsPhestXp+yj0s2+tQfqR626PAt1fAZD0tyECBAgAABAgT+fwEB1WYgQIDA3gQuU72gOt/eTu+T1dWq1+7x/E0+bXz6/ObqvNXHql/Z8ZqZTe5dbwQIECBAgMA+BATUfWA5lQCBrRcYD056XnWRPUqMTwrHE4E/scfzN/W0H6vGV3rHMYL7Dao/29Rm9UWAAAECBAgcXEBAPbidKwkQ2E6B8XXf8bTeC+6x/d+qbr/HczfxtPHE3tdU47e84/jN6rs3sVE9ESBAgAABAocXEFAPb2gFAgS2T+Aa1XP28Z7UW1W/t31M/97x/6h+fqn3a1d/uqUW2iZAgAABAgROISCg2iIECBA4mMC3Vs/eY0gdX/H9murdB7vV2l71xdUbqosuOnhmddO17UbhBAgQIECAwGkXEFBPO7EbECCwwQLjt5QjpO7lGL9d/fa9nLhB59y9evhSP99cvXSD+tMKAQIECBAgsGIBAXXFoJYjQGDrBB60j/d53mNHYNtkrPHp6XhI1JcvmhzBdARUBwECBAgQIEDgpAICqs1BgACBwws8rvrePSyzTV/1/cHqkUsm16+euwcjpxAgQIAAAQJbLCCgbvHwtU6AwEoF/ry6yh5WfGF1zT2ct86nnLV6Y/WViyZeVl11nRtSOwECBAgQIHA0AgLq0Ti7CwECmy8wHgQ0gtgF9tDq+G3mI/Zw3rqesvO3p+PBSOMBSQ4CBAgQIECAwJkKCKg2CAECBFYncMXqT6pznGLJj1XfWL11dbeeZqXx6embl57c+1fVZaepTiEECBAgQIDA1AIC6tTjURwBAmso8EPV/9xD3X9ZXW4P563bKeO3uOM3uSeOO1aPX7cm1EuAAAECBAgcj4CAejzu7kqAwGYLjFfPjFfQnOq4Z/WwU520Zv/+nurCi5qfVn1PNT4xdhAgQIAAAQIETikgoJ6SyAkECBDYt8D4Heorl16xcrIFPlB9dfVP+77DnBfctvqdpdLuUj16zlJVRYAAAQIECMwoIKDOOBU1ESCwCQLjd5ev30Mjj63utIfz1uGU8ZvaEbjH8TdL/3kdalcjAQIECBAgMIGAgDrBEJRAgMDGCoyv7/7IHrr7uuoNezhv5lNGyF7+tPQ+1YNnLlhtBAgQIECAwHwCAup8M1ERAQKbI3Ce6m3Vl5yipfEKlvEqlnU+3lVdZNHA+M+Xrz66zg2pnQABAgQIEDh6AQH16M3dkQCB7RK4WTUeFnSq45rVC0910qT/PsL105dqe2D1gElrVRYBAgQIECAwsYCAOvFwlEaAwMYIjN+ZjtetnNnx8uoqa9rxeCDUFRa1jyf2jt+hvn9Ne1E2AQIECBAgcIwCAuox4rs1AQJbI3DB6mVLX4E9WeO3rp66Ziq3q35zqebHVHdesx6US4AAAQIECEwiIKBOMghlECCw8QJX38NXeN9dXar61BppvHlR8yj5ddXNq3esUf1KJUCAAAECBCYSEFAnGoZSCBDYeIEnVHc4RZd3qx65JhK3qp6yVOvo73vXpHZlEiBAgAABAhMKCKgTDkVJBAhsrMB4mu/4remJd4Xu1uj7qktWH18DhdcsntY7Sv1Idb3qL9agbiUSIECAAAECkwoIqJMORlkECGyswHWr556iu5+sfnpygfFV3t9f1PjJ6lere05es/IIECBAgACByQUE1MkHpDwCBDZS4KHVvc6ksxH4LlZ9YOLux0OfrrxU3xWrV01cr9IIECBAgACBNRAQUNdgSEokQGAjBd5UXfpMOvu56r6Tdn6d6nlLtY1PUm85aa3KIkCAAAECBNZIQEBdo2EplQCBjRL4psXvUU/W1Hif6FdWH5qw6xdV37Koa7zvdDz46TkT1qkkAgQIECBAYM0EBNQ1G5hyCRDYKIHxKemPnUlHT6puO1nHO1+X88TqeyarUTkECBAgQIDAmgoIqGs6OGUTILARAuep/qy67Jl0M37n+YqJun1GdZOlem5RPW2i+pRCgAABAgQIrLGAgLrGw1M6AQIbIXCt6k/OpJPnV982SafXrF6wVMuLq/GJqoMAAQIECBAgsBIBAXUljBYhQIDAoQQeXt39TFb4xmq8c/S4j6dXN10UMd7TOt57+pLjLsr9CRAgQIAAgc0REFA3Z5Y6IUBgfQXOXf1N9SUnaeHJ1W2Oub3LVG9YquHN1dccc01uT4AAAQIECGyYgIC6YQPVDgECayswftc5ft95suNK1SuPsbvxKpmbL+7/vupO1bOPsR63JkCAAAECBDZQQEDdwKFqiQCBtRX4terOJ6n+udX1j6mz8RCn1y/de7zDdXyi6iBAgAABAgQIrFRAQF0pp8UIECBwKIHzVuOTymucZJXx7tS/ONQdDnbxeN3NGUuX3q767YMt5SoCBAgQIECAwMkFBFS7gwABAnMJjBD68pOU9KIzCa+nq4uvrt66tPh7qstVHz1dN7QuAQIECBAgsL0CAur2zl7nBAjMK/DQ6l4nKe9G1bOOsPTHVd+7uN8nqx+r/ucR3t+tCBAgQIAAgS0SEFC3aNhaJUBgrQReWl11l4rftXh67giLp/s4T/V/qi9a3Gj8DvZm1adO942tT4AAAQIECGyngIC6nXPXNQEC8wuMJ+aO36PudtyxevwRtPCL1T0W9/lY9TPVzx/Bfd2CAAECBAgQ2FIBAXVLB69tAgTWQmA8iOg7d6l0vDN1/Db0dB5fvnjv6bkWN/nH6uLVh07nTa1NgAABAgQIbLeAgLrd89c9AQLzC4ww+lW7lPn91Xgtzek6HlDdf2nx8Unqw0/XzaxLgAABAgQIEBgCAqp9QIAAgbkFvr36o11KfH91gdNU+rmr8VvXcy7WH0/xvXH1ltN0P8sSIECAAAECBP5dQEC1EQgQIDC/wGOr8bvTncd4ou7p+E3o3Xd8Wjo+OT3xW9T5tVRIgAABAgQIrK2AgLq2o1M4AQJbJHD26nnVlXfp+RzVeIDRKo/xrtMLLy04fo/6vlXewFoECBAgQIAAgd0EBFT7ggABAushcMOTvP/0EdX4xHNVxw9Xv7S02HhQ0+1Wtbh1CBAgQIAAAQJnJiCg2h8ECBBYH4HHVN+3o9x/qC5RfXBFbby3utBirQ9XV6/euKK1LUOAAAECBAgQOFMBAdUGIUCAwHoJvK663I6Sx+9Qx+9RD3v89x3vV71P9eDDLup6AgQIECBAgMBeBQTUvUo5jwABAnMIjE9L/3qXUr6heu0hS3zb4l2nY5nxFN9rVe845JouJ0CAAAECBAjsWUBA3TOVEwkQIDCNwPWr36zOu1TRE6vvOUSFt61+Z+n6J1Xj7xwECBAgQIAAgSMTEFCPjNqNCBAgsDKB8eTeB1XfW33x0qoXr95+wLu8uPrmxbXjqcDfVr38gGu5jAABAgQIECBwIAEB9UBsLiJAgMCxC3zT4veh42u4J44/r652gMpGGP3jpeueVt3iAOu4hAABAgQIECBwKAEB9VB8LiZAgMCxCoyHGP3sUgWfrr6o+td9VvXK6gqLaz5eXcenp/sUdDoBAgQIECCwEgEBdSWMFiFAgMCxCbyq+salu+/3a75XrV66dP1rdqx3bI25MQECBAgQILB9AgLq9s1cxwQIbJbAM6sbL7V03R1f1z1Vt0+ubr04afz29LuqPzjVRf6dAAECBAgQIHA6BATU06FqTQIECBydwEOqey/d7geqR+3x9peu3rR07njH6uX3eK3TCBAgQIAAAQIrFxBQV05qQQIECBypwBnVeCXMieO3q9vtsYLxqpoT5/5D9UPVeF2NgwABAgQIECBwLAIC6rGwuykBAgRWJrDzU9BXVFfew+pfXf1lddbqU9V4cu/4eq+DAAECBAgQIHBsAgLqsdG7MQECBFYicPbqg4ugORb85+qc1Xii75kdv1KNrwOfOO5SPXolFVmEAAECBAgQIHBAAQH1gHAuI0CAwEQCb6gus1TPlarx6piTHReq3rv0jx+pvmSifpRCgAABAgQIbKmAgLqlg9c2AQIbJTA++bzTUkfjt6S/fCYdPqi67+LfRzi9zT6f/LtReJohQIAAAQIE5hEQUOeZhUoIECBwUIE7V7+2dPF4dcwInbsdF6j+dukfxitlvrsaD0lyECBAgAABAgSOVUBAPVZ+NydAgMBKBC5VvXlppRFAx9d4dzseUd1t8Q8fr8af77eSKixCgAABAgQIEDikgIB6SECXEyBAYBKB8VXdcy/VcpHqPTtqGw9UeteO35uet/rwJD0ogwABAgQIENhyAQF1yzeA9gkQ2BiBZ1c3WOrmv1W/saO7O1aPXfq7X63uujECGiFAgAABAgTWXkBAXfsRaoAAAQL/LnDv6iFLFo+vRiBdPsanp+OT1XG8tLpF9X5+BAgQIECAAIFZBATUWSahDgIECBxO4Our1y4t8aHqfEt/Hg9N+t3Fnz9RPaW6w+Fu6WoCBAgQIECAwGoFBNTVelqNAAECxykw3m26/HCkb1gKreO9qFdYKu7a1Z8eZ7HuTYAAAQIECBDYKSCg2hMECBDYHIHxqpnxypkTx09WP11dt3ru0t+P875/c9rWCQECBAgQILApAgLqpkxSHwQIEKhbLb66e8LiJdW3VC+uvnkJ6PLV64ARIECAAAECBGYTEFBnm4h6CBAgcHCBc1bjt6dnWSzxmepGOz49/bPqWw9+C1cSIECAAAECBE6fgIB6+mytTIAAgeMQeFZ1w6Ubv2rpt6fjXanjyb5PO47C3JMAAQIECBAgcCoBAfVUQv6dAAEC6yUwfoM6fmO62/HHi9+jrldHqiVAgAABAgS2RkBA3ZpRa5QAgS0RGE/xHU/z3e24bfWkLXHQJgECBAgQILCGAgLqGg5NyQQIEDiFwHgA0uV2nPPkarwL1UGAAAECBAgQmFZAQJ12NAojQIDAgQUeUt17x9V3qR594BVdSIAAAQIECBA4AgEB9QiQ3YIAAQJHLHDL6qlL9xxP8/2yajwkyUGAAAECBAgQmFZAQJ12NAojQIDAgQV+qvqJHVeft/rwgVd0IQECBAgQIEDgCAQE1CNAdgsCBAgcocC5q3dX59hxz+tW4ym+DgIECBAgQIDAtAIC6rSjURgBAgQOJHD/6gG7XDl+k/oLB1rRRQQIECBAgACBIxIQUI8I2m0IECBwBAJnq/62Otcu9/rV6q5HUINbECBAgAABAgQOLCCgHpjOhQQIEJhO4H7Vzyyq+lh19qUKn1tdf7qKFUSAAAECBAgQWBIQUG0HAgQIbIbA+PT0b6oLLtoZn6Se+M/jr15VXXEzWtUFAQIECBAgsKkCAuqmTlZfBAhsm8Adq8cuNT3eeXrnpT+/sfrabUPRLwECBAgQILBeAgLqes1LtQQIEDiZwNuqiy/+8TXVHarXLZ38nuoi+AgQIECAAAECMwsIqDNPR20ECBDYm8DNq99fOvWJ1V2qTyz93Zuqy+xtOWcRIECAAAECBI5HQEA9Hnd3JUCAwCoF3rAUPsc7UG9Uva/60NJN3lJdepU3tRYBAgQIECBAYNUCAuqqRa1HgACBoxW4cfXMpVs+vRqfqJ5/8cqZz1v82wurax5tae5GgAABAgQIENifgIC6Py9nEyBAYDaB11eXXRT1keom1YsXn6iOT1ZPHE+ubjNb8eohQIAAAQIECCwLCKj2AwECBNZX4NuqP14q/5erH1r8ebzz9A+X/u2Xqh9Z31ZVToAAAQIECGyDgIC6DVPWIwECmyrwgh1f2/326nmLZsdDkh611Phdq1/dVAh9ESBAgAABApshIKBuxhx1QYDA9gns/PR0vAP1TksMD6/uvvTn61V/tH1MOiZAgAABAgTWSUBAXadpqZUAAQKfFRiflF5nCWR8pfe5S39+dnWDpT9/RfV/ABIgQIAAAQIEZhYQUGeejtoIECCwu8BVq5cu/dMfLB6OtHz2O6uLLv7iH6tzwSRAgAABAgQIzC4goM4+IfURIEDgPws8YymQfrQavzcdT+k9cVxg8YqZE38eT/W9OkgCBAgQIECAwOwCAursE1IfAQIEPlfg66vXLv3V+KrveDjS8jF+b/qcpb/4qer+IAkQIECAAAECswsIqLNPSH0ECBD4XIHlT0/Hv9yy+v0dSPepfnbp786ongKSAAECBAgQIDC7gIA6+4TUR4AAgc8KfGX19iWQ8UnqN+wCtPMBSRes/g4kAQIECBAgQGB2AQF19gmpjwABAp8VeEz1fUsgN6z+cBegT1ZnXfz9W6tLQiRAgAABAgQIrIOAgLoOU1IjAQIE6muqNy5BvKa6WvWpHThXrP5i6e9+tborQAIECBAgQIDAOggIqOswJTUSIECgHrV4Wu+w+IfqR6on7AJzj+oXl/7+5tXTARIgQIAAAQIE1kFAQF2HKamRAIFtFzhf9a7qbAuI8Z8vU31iF5jfrW6z9Pfnrz647YD6J0CAAAECBNZDQEBdjzmpkgCB7RYYr4h5wIJg/L70btVjdyH5vMWnq2df/NurqytsN53uCRAgQIAAgXUSEFDXaVpqJUBgGwXOU314qfE/rq57EohrVH+29G8Pr8ZXfh0ECBAgQIAAgbUQEFDXYkyKJEBgiwXuXT1kqf/77XjH6TLNT1YPXPqLb6uev8V2WidAgAABAgTWTEBAXbOBKZcAga0SGK+KeU/1pYuu31t99S5P7j2B8qbq0os/fLwan75+ZqvENEuAAAECBAistYCAutbjUzwBAhsusPOJvPfa8YTe5fYvWL1v6S+eVt1iw320R4AAAQIECGyYgIC6YQPVDgECGyXw19UlFh39fXWRkzy5d5xyy+qpS92Pd5+Od6A6CBAgQIAAAQJrIyCgrs2oFEqAwJYJ3Kl69FLPj1w8vfdkDDs/bb3Y4tU0W8amXQIECBAgQGCdBQTUdZ6e2gkQ2GSB11eXXTT4d9VVq3eeScPjib13X/z7/63Gu1M/uslAeiNAgAABAgQ2T0BA3byZ6ogAgfUXuHH1zKU2Hlr9j1O09QfVjRbnjK8Dn3iw0vpr6IAAAQIECBDYGgEBdWtGrVECBNZI4C3VJRf1jif3jsD6mlPUv3zNC6trrlG/SiVAgAABAgQI/LuAgGojECBAYC6Bm1TPWJT0qep/V7c+RYlfUH2wOvfivCdVt52rLdUQIECAAAECBE4tIKCe2sgZBAgQOEqB8dXe8YnpOP6pukb12lMUcP7q/UvnPGLp96hHWbt7ESBAgAABAgQOJSCgHorPxQQIEFipwPha7guWVtzrV3Uvv+MrwD9QPWqllVmMAAECBAgQIHAEAgLqESC7BQECBPYoML6me+LhRp+orlO9bA/X3qx62tJ5Z1RP2cN1TiFAgAABAgQITCUgoE41DsUQILDFAk+sbr/U/yuqK+/RY7xeZrxm5sQxrhvXOwgQIECAAAECayUgoK7VuBRLgMCGCly7Gq+J+aJFf+O3p9eqXrXHfsdraO61dO6Fqr/d47VOI0CAAAECBAhMIyCgTjMKhRAgsMUCL62uutT/Y6o778NjPLV3fK13HJ+pzlF9eh/XO5UAAQIECBAgMIWAgDrFGBRBgMAWC9y7eshS/+PVMuerPrYPk/Ewpasvzv9A9WX7uNapBAgQIECAAIFpBATUaUahEAIEtlBgBMk3VedZ6v1+1c/u02J8nfcCi2teXV1hn9c7nQABAgQIECAwhYCAOsUYFEGAwJYK/Hb1nUu9v7O62j5/P3rW6qPVFy7WeUY1nurrIECAAAECBAisnYCAunYjUzABAhsicIPq2Tt6uW/1c/vs74LV+5aueWR1t32u4XQCBAgQIECAwBQCAuoUY1AEAQJbJnDuxftNL7XU97uqix3AYfz2dPwG9cRxn+rBB1jHJQQIECBAgACBYxcQUI99BAogQGALBX66+vEdfd9jx7tM98pyx+qxSyePp/k+Za8XO48AAQIECBAgMJOAgDrTNNRCgMA2CFy4es+ORsefL3LA5n+mGg9WOnF8czVeW+MgQIAAAQIECKydgIC6diNTMAECay6w88FIo53xKejjD9jX06ubLl173urDB1zLZQQIECBAgACBYxUQUI+V380JENgygetVz9nR8+uq8annxw9o8Y6l365+sDr/AddxGQECBAgQIEDg2AUE1GMfgQIIENgigRFGL7ej39tUTz6gwTmrj1Sft7j+JdW3HHAtlxEgQIAAAQIEjl1AQD32ESiAAIEtEfiR6mE7en1VNZ7C+8kDGly3eu7StV4xc0BIlxEgQIAAAQJzCAioc8xBFQQIbLbAeK3M+KRz53Hb6kmHaH28UuZnl66/ffVbh1jPpQQIECBAgACBYxUQUI+V380JENgSgZ+qfmJHr6+srll94hAGL178fvXEEpeo3naI9VxKgAABAgQIEDhWAQH1WPndnACBLRC4+ElC42F+ezrYxu9PP1SdZWH43mq8wsZBgAABAgQIEFhbAQF1bUencAIE1kRg52tgPrb4Ler9D1n/LaunLq0xHrQ0Qq+DAAECBAgQILC2AgLq2o5O4QQIrIHA+ArvC3ap817VLx6y/t+ovntpje+rHnfINV1OgAABAgQIEDhWAQH1WPndnACBDRd4aXXVHT2+q7ri4uu5B23/8xfXj4cvnTj8/vSgmq4jQIAAAQIEphEQUKcZhUIIENgwgRtXz9ylp3tXv3DIXq9cvWxpjXdUX3XINV1OgAABAgQIEDh2AQH12EegAAIENlTgNdXld+ntCtWrD9nzr1Q/sLSG958eEtTlBAgQIECAwBwCAuocc1AFAQKbJXCyT0//pLrOIVv9gsXXe8+1tM74resLD7muywkQIECAAAECxy4goB77CBRAgMAGCryluuQufd2ges4h+71+9YdLa3yw+rLq3w65rssJECBAgAABAscuIKAe+wgUQIDAhgnsfP3LifZGqLzhCnrd+fTeJ1bfs4J1LUGAAAECBAgQOHYBAfXYR6AAAgQ2TODl1Tft0tMIp8uffB6k7bMsvt57zqWLz6iecpDFXEOAAAECBAgQmE1AQJ1tIuohQGCdBW5e/f4uDYyv/F56BY3dakcY/XR13urjK1jbEgQIECBAgACBYxcQUI99BAogQGCDBJ5fXXuXfu5ZPWwFfb61+uqldcYnp+MTVAcBAgQIECBAYCMEBNSNGKMmCBCYQOBa1XhK787j/dWlqn84ZI3jqb0fqZb/e/uO1eMPua7LCRAgQIAAAQLTCAio04xCIQQIrLnAs07yEKQHVT++gt5GQP376vMXa/1LdaHqAytY2xIECBAgQIAAgSkEBNQpxqAIAgTWXGD8vvRNJ+nhotW7V9DfrasnL63zrupiK1jXEgQIECBAgACBaQQE1GlGoRACBNZYYATHESB3Hs+sbrqivn60evDSWs+obraitS1DgAABAgQIEJhCQECdYgyKIEBgjQUuXr3tJPVfqXrlinp7RHW3pbX+V/WDK1rbMgQIECBAgACBKQQE1CnGoAgCBNZYYATFu+5S/59XV1thX6+oRuA9cdy9GqHVQYAAAQIECBDYGAEBdWNGqRECBI5B4NyL35eeY5d7r/IJu/+1+mh1tqX7XKN60TH07JYECBAgQIAAgdMmIKCeNloLEyCwBQIPrH5ylz7HK2UuXH1sRQZfWb19aa3xBN/zVx9e0fqWIUCAAAECBAhMISCgTjEGRRAgsIYC47Uvf70IijvL/8XqXivs6SbVeCjSieOD1QWqf13hPSxFgAABAgQIEDh2AQH12EegAAIE1lTgu6rfOknt4/Uv4zUwqzruXz1gabEXVtdc1eLWIUCAAAECBAjMIiCgzqRgD8QAAADJSURBVDIJdRAgsG4Cf1l93S5Fj1fO3GbFzTynut7Smo/c8UTfFd/OcgQIECBAgACB4xEQUI/H3V0JEFhvgfFu06efpIUrVK9eYXvjv6f/sTr70pr/rfqNFd7DUgQIECBAgACBKQQE1CnGoAgCBNZM4Heq2+5S87Or71hxL5evXrNjzfHJ7RtWfB/LESBAgAABAgSOXUBAPfYRKIAAgTUTuGj1zpPUfK3qBSvu557VLyyt+alqvN7m0yu+j+UIECBAgAABAscu8P8A6cIdMUJIvOkAAAAASUVORK5CYII=', '', '');
INSERT INTO `masterpiutang` VALUES ('MPU-2307310001', 'INV/20230731/0001', '5000', '2023-07-31 20:18:18', 'emp-0001', 'emp-0001', '2023-07-31 20:18:42', NULL, 'emp-0001', '2023-07-31 20:18:18', 'data:image/png;base64,iVBORw0KGgoAAAANSUhEUgAAA6gAAAH0CAYAAAAwkgCNAAAAAXNSR0IArs4c6QAAIABJREFUeF7t3QnQdWtZ3+lfqjtpEJkMKgkQAQVRQEGIItOReZ5FhEbmKRJQSEAQFBUlIqiIAcQwKMikDCLzpIjnQJBJBkEEFYUWG7GPKFN32Z2uJfvol49v2Ov93uFZa1+7yjpV59zPWvdz3U9J/Wvvd61/kQ8BAgQIECBAgAABAgQIEBhA4F8M0IMWCBAgQIAAAQIECBAgQIBAAqpDQIAAAQIECBAgQIAAAQJDCAioQ4xBEwQIECBAgAABAgQIECAgoDoDBAgQIECAAAECBAgQIDCEgIA6xBg0QYAAAQIECBAgQIAAAQICqjNAgAABAgQIECBAgAABAkMICKhDjEETBAgQIECAAAECBAgQICCgOgMECBAgQIAAAQIECBAgMISAgDrEGDRBgAABAgQIECBAgAABAgKqM0CAAAECBAgQIECAAAECQwgIqEOMQRMECBAgQIAAAQIECBAgIKA6AwQIECBAgAABAgQIECAwhICAOsQYNEGAAAECBAgQIECAAAECAqozQIAAAQIECBAgQIAAAQJDCAioQ4xBEwQIECBAgAABAgQIECAgoDoDBAgQIECAAAECBAgQIDCEgIA6xBg0QYAAAQIECBAgQIAAAQICqjNAgAABAgQIECBAgAABAkMICKhDjEETBAgQIECAAAECBAgQICCgOgMECBAgQIAAAQIECBAgMISAgDrEGDRBgAABAgQIECBAgAABAgKqM0CAAAECBAgQIECAAAECQwgIqEOMQRMECBAgQIAAAQIECBAgIKA6AwQIECBAgAABAgQIECAwhICAOsQYNEGAAAECBAgQIECAAAECAqozQIAAAQIECBAgQIAAAQJDCAioQ4xBEwQIECBAgAABAgQIECAgoDoDBAgQIECAAAECBAgQIDCEgIA6xBg0QYAAAQIECBAgQIAAAQICqjNAgAABAgQIECBAgAABAkMICKhDjEETBAgQIECAAAECBAgQICCgOgMECBAgQIAAAQIECBAgMISAgDrEGDRBgAABAgQIECBAgAABAgKqM0CAAAECBAgQIECAAAECQwgIqEOMQRMECBAgQIAAAQIECBAgIKA6AwQIECBAgAABAgQIECAwhICAOsQYNEGAAAECBAgQIECAAAECAqozQIAAAQIECBAgQIAAAQJDCAioQ4xBEwQIECBAgAABAgQIECAgoDoDBAgQIECAAAECBAgQIDCEgIA6xBg0QYAAAQIECBAgQIAAAQICqjNAgAABAgQIECBAgAABAkMICKhDjEETBAgQIECAAAECBAgQICCgOgMECBAgQIAAAQIECBAgMISAgDrEGDRBgAABAgQIECBAgAABAgKqM0CAAAECBAgQIECAAAECQwgIqEOMQRMECBAgQIAAAQIECBAgIKA6AwQIECBAgAABAgQIECAwhICAOsQYNEGAAAECBAgQIECAAAECAqozQIAAAQIECBAgQIAAAQJDCAioQ4xBEwQIECBAgAABAgQIECAgoDoDBAgQIECAAAECBAgQIDCEgIA6xBg0QYAAAQIECBAgQIAAAQICqjNAgAABAgQIECBAgAABAkMICKhDjEETBAgQIECAAAECBAgQICCgOgMECBAgQIAAAQIECBAgMISAgDrEGDRBgAABAgQIECBAgAABAgKqM0CAAAECBAgQIECAAAECQwgIqEOMQRMECBAgQIAAAQIECBAgIKA6AwQIECBAgAABAgQIECAwhICAOsQYNEGAAAECBAgQIECAAAECAqozQIAAAQIECBAgQIAAAQJDCAioQ4xBEwQIECBAgAABAgQIECAgoDoDBAgQIECAAAECBAgQIDCEgIA6xBg0QYAAAQIECBAgQIAAAQICqjNAgAABAgQIECBAgAABAkMICKhDjEETBAgQIECAAAECBAgQICCgOgMECBAgQIAAAQIECBAgMISAgDrEGDRBgAABAgQIECBAgAABAgKqM0CAAAECBAgQIECAAAECQwgIqEOMQRMECBAgQIAAAQIECBAgIKA6AwQIECBAgAABAgQIECAwhICAOsQYNEGAAAECBAgQIECAAAECAqozQIAAAQIECBAgQIAAAQJDCAioQ4xBEwQIECBAgAABAgQIECAgoDoDBAgQIECAAAECBAgQIDCEgIA6xBg0QYAAAQIECBAgQIAAAQICqjNAgAABAgQIECBAgAABAkMICKhDjEETBAgQIECAAAECBAgQICCgOgMECBAgQIAAAQIECBAgMISAgDrEGDRBgAABAgQIECBAgAABAgKqM0CAAAECBAgQIECAAAECQwgIqEOMQRMECBAgQIAAAQIECBAgIKA6AwQIECBAgAABAgQIECAwhICAOsQYNEGAAAECBAgQIECAAAECAqozQIAAAQIECBAgQIAAAQJDCAioQ4xBEwQIECBAgAABAgQIECAgoDoDBAgQIECAAAECBAgQIDCEgIA6xBg0QYAAAQIECBAgQIAAAQICqjNAgAABAgQIECBAgAABAkMICKhDjEETBAgQIECAAAECBAgQICCgOgMECBAgQIAAAQIECBAgMISAgDrEGDRBgAABAgQIECBAgAABAgKqM0CAAAECBAgQIECAAAECQwgIqEOMQRMECBAgQIAAAQIECBAgIKA6AwQIECBAgAABAgQIECAwhICAOsQYNEGAAAECBAgQIECAAAECAqozQIAAAQIECBAgQIAAAQJDCAioQ4xBEwQIECBAgAABAgQIECAgoDoDBAgQIECAAAECBAgQIDCEgIA6xBg0QYAAAQIECBAgQIAAAQICqjNAgAABAgQIECBAgAABAkMICKhDjEETBAgQIECAAAECBAgQICCgOgMECBAgQIAAAQIECBAgMISAgDrEGDRBgAABAgQIECBAgAABAgKqM0CAAAECBAgQIECAAAECQwgIqEOMQRMECBAgQIAAAQIECBAgIKA6AwQIECBAgAABAgQIECAwhICAOsQYNEGAAAECBAgQIECAAAECAqozQIAAAQIECBAgQIAAAQJDCAioQ4xBEwQIECBAgAABAgQIECAgoDoDBAgQIECAAAECBAgQIDCEgIA6xBg0QYAAAQIECBAgQIAAAQICqjNAgAABAgQIECBAgAABAkMICKhDjEETBAgQIECAAAECBAgQICCgOgMECBAgQIAAAQIECBAgMISAgDrEGDRBgAABAgQIECBAgAABAgKqM0CAAAECBAgQIECAAAECQwgIqEOMQRMECBAgQIAAAQIECBAgIKA6AwQIECBAgAABAgQIECAwhICAOsQYNEGAAAECBAgQIECAAAECAqozQIAAAQIECBAgQIAAAQJDCAioQ4xBEwQIECBAgAABAgQIECAgoDoDBAgQIECAAAECBAgQIDCEgIA6xBg0QYAAAQIECBAgQIAAAQICqjNAgAABAgQIECBAgAABAkMICKhDjEETBAgQIECAAAECBAgQICCgOgMECBAgQIAAAQIECBAgMISAgDrEGDRBgAABAgQIECBAgAABAgKqM0CAAAECBAgQIECAAAECQwgIqEOMQRMECBAgQIAAAQIECBAgIKA6AwQIECBAgAABAgQIECAwhICAOsQYNEGAAAECBAgQIECAAAECAqozQIAAAQIECBAgQIAAAQJDCAioQ4xBEwQIECBAgAABAgQIECAgoDoDBAgQIECAAAECBAgQIDCEgIA6xBg0QYAAAQIECBAgQIAAAQICqjNAgAABAgQIECBAgAABAkMICKhDjEETBAgQIECAAAECBAgQICCgOgMECBAgQIAAAQIECBAgMISAgDrEGDRBgAABAgQIECBAgAABAgKqM0CAAAECBAgQIECAAAECQwgIqEOMQRMECBAgQIAAAQIECBAgIKA6AwQIECBAgAABAgQIECAwhICAOsQYNEGAAAECBAgQIECAAAECAqozQIAAAQIECBAgQIAAAQJDCAioQ4xBEwQIECBAgAABAgQIECAgoDoDBAgQIECAAAECBAgQIDCEgIA6xBg0QYAAAQIECBAgQIAAAQICqjNAgAABAgQIECBAgAABAkMICKhDjEETBAgQIECAAAECBAgQICCgOgMECBAgQIAAAQIECBAgMISAgDrEGDRBgAABAgQIECBAgAABAgKqM0CAAAECBAgQIECAAAECQwgIqEOMQRMECBAgQIAAAQIECBAgIKA6AwQIECBAgAABAgQIECAwhICAOsQYNEGAAAECBAgQIECAAAECAqozQIAAAQIECBAgQIAAAQJDCAioQ4xBEwQIECBAgAABAgQIECAgoDoDBAgQIECAAAECBAgQIDCEgIA6xBg0QYAAAQIECBAgQIAAAQICqjNAgAABAgQIECBAgAABAkMICKhDjEETBAgQIECAAAECBAgQICCgOgMECBAgQIAAAQIECBAgMISAgDrEGDRBgAABAgQIECBAgAABAgKqM0CAAAECBAgQIECAAAECQwgIqEOMQRMECBAgQIAAAQIECBAgIKA6AwQIECBAgAABAgQIECAwhICAOsQYNEGAAAECBAgQIECAAAECAqozQIAAAQIECBAgQIAAAQJDCAioQ4xBEwQIECBAgAABAgQIECAgoDoDBAgQIECAAAECBAgQIDCEgIA6xBg0QYAAAQIECBAgQIAAAQICqjNAgAABAgQIECBAgAABAkMICKhDjEETBAgQIECAAAECBAgQICCgOgMECBAgQIAAAQIECBAgMISAgDrEGDRBgAABAgQIECBAgAABAgKqM0CAAAECBAgQIECAAAECQwgIqEOMQRMECBAgQIAAAQIECBAgIKA6AwQIECBAgAABAgQIECAwhICAOsQYNEGAAAECBAgQIECAAAECAqozQIAAAQIECBAgQIAAAQJDCAioQ4xBEwQIECBAgAABAgQIECAgoDoDBAgQIECAAAECBAgQIDCEgIA6xBg0QYAAAQIECBAgQIAAAQICqjNAgAABAgQIECBAgAABAkMICKhDjEETBAgQIECAAAECBAgQICCgOgMECBAgQIAAAQIECBAgMISAgDrEGDRBgAABAgQIECBAgAABAgKqM0CAAAECBAgQIECAAAECQwgIqEOMQRMECBAgQIAAAQIECBAgIKA6AwQIECBAgAABAgQIECAwhICAOsQYNEGAAAECBAgQIECAAAECAqozQIAAAQIECBAgQIAAAQJDCAioQ4xBEwQIECBAgAABAgQIECAgoDoDBAgQIECAAAECBAgQIDCEgIA6xBg0QYAAAQIECBAgQIAAAQICqjNAgAABAgQIECBAgAABAkMICKhDjEETBAgQIECAAAECBAgQICCgOgMECBAgQIAAAQIECBAgMISAgDrEGDRBgAABAgT2XeCm1XOr76teu+9Xd0ECBAgQIHAAAgLqAaC6JAECBAgQOGKBB1ePrf5HdafqdUfcj9sTIECAAIGtBATUrZgUESBAgACBxQg8uXpQ9bnqOtV7FtO5RgkQIEBg5wUE1J0/AgAIECBAYEUCL69uvdnPR6rLr2hvtkKAAAECOyAgoO7AkG2RAAECBHZC4H3VlTc7fWj1ruotO7FzmyRAgACB1QgIqKsZpY0QIECAwI4KXKT6cPU1m/1/prpx9fs76mHbBAgQILBgAQF1wcPTOgECBAjsvMA3Vc+rrrqRmB6O9GPVzQTUnT8bAAgQILBIAQF1kWPTNAECBAgQ6KzqadUUUv+2mh6O9LvVb7MhQIAAAQJLFRBQlzo5fRMgQIDALgvctvq56jLVpzavknll9debf7fLNvZOgAABAgsWEFAXPDytEyBAgMBOCvxk9ajNzj+xCaefrS5Xnesb1J08EzZNgACB1QgIqKsZpY0QIECAwA4I/FJ1/80+/6y6c3XJ6sXVw6on7oCBLRIgQIDAigUE1BUP19YIECBAYDUCV6ieUl1/s6PpHadTOJ1eJXPZ6gnV4z0YaTXzthECBAjsrICAurOjt3ECBAgQWIjAFavnV9+y6XcKpfeu3lv9VHWP6kqbn/cuZEvaJECAAAECJxYQUJ0MAgQIECAwrsDFq7Orr9+0eE51y81Te6d/JaCOOzudESBAgMAeBATUPaBZQoAAAQIEDkHg5tVTq687Jpze6phvSt9dfay6/SH04hYECBAgQOBQBATUQ2F2EwIECBAgMEtg+pb0edWFNqumMDr9/elnjrnK9O+mByXdYdaVFRMgQIAAgYEFBNSBh6M1AgQIENhJgR/fPJH3/Jvdv6e65+ZvTqd/NYXWX94E2FfspJBNEyBAgMBqBQTU1Y7WxggQIEBggQLHvuN0av9tm29Ov3jMXqYHIr2/ekZ13wXuUcsECBAgQOCkAgKqw0GAAAECBI5eYHoY0gurs45pZXpK7zWqY8PpdauXVU+qHnv0beuAAAECBAjsr4CAur+erkaAAAECBOYKfM3mm9LpfabnfV5f3a76/HEXmwLsSzffnE7/9CFAgAABAqsSEFBXNU6bIUCAAIGFCVyneu4xT+qd2p+C54kefHSnzVN9pwcoTT/99SFAgAABAqsTEFBXN1IbIkCAAIGFCNyv+pnqwsf0+7Tq+0/S//TO0wds3oMqoC5kyNokQIAAgXkCAuo8L9UECBAgQGA/BP5L9YjjLvSC6i4nufh59der3rwfDbgGAQIECBAYUUBAHXEqeiJAgACBNQv8XPWQ4zb4qOpxJ9n0ZaonVv/b5m9PP7lmHHsjQIAAgd0WEFB3e/52T4AAAQKHJ3CJ6pnVTY675aOr6ee7J/v8fPWD1Q2q3z68dt2JAAECBAgcvoCAevjm7kiAAAECuydwhepF1bcct/UnVA8/Bcf0EKXplTJvqH7suFfO7J6iHRMgQIDA6gUE1NWP2AYJECBA4IgFrroJp5c7ro8HV794mt6md57etrrxJqQe8VbcngABAgQIHKyAgHqwvq5OgAABArst8H3Vc44j+MzmdTE/fBqaB1b/tfrR6rG7zWj3BAgQILArAgLqrkzaPgkQIEDgsAWmAHqivy2dftI7/bT3VJ9Lbv7e9B+q21UfPuzm3Y8AAQIECByFgIB6FOruSYAAAQJrF3h6Nb3n9PjP3U/wjeqJLG5evcq3p2s/JvZHgAABAscLCKjOBAECBAgQ2D+B6ZvPX62uf9wl/6767i3/jnR62u8nqt+rrrt/rbkSAQIECBAYX0BAHX9GOiRAgACBZQhMT+r9leo7jmv3L6rvqd6+5TYeVD2+uk/1/C3XKCNAgAABAqsQEFBXMUabIECAAIEjFrjb5pvT49v4k+oO1Xu37O/S1bur/6+62JZrlBEgQIAAgdUICKirGaWNECBAgMARCZz3tN3jbz/9rHf6VvWTM/p6VnXP6nrVm2esU0qAAAECBFYhIKCuYow2QYAAAQJHIHDx6mHVQ09w709XN6jeN6Ovm1avqV5d3WLGOqUECBAgQGA1AgLqakZpIwQIECBwiAInexjS1MJHqjvO+FnveW3/9ubvV29cnXOIe3ErAgQIECAwjICAOswoNEKAAAECCxG4+ubvTb/5BP1+rLpZ9Ucz9zK9fmZ6wNIrqlvPXKucAAECBAisRkBAXc0obYQAAQIEDkHgJtULqoueJJx+e/XXe+hjeqXMlauz9vDN6x5uZwkBAgQIEBhTQEAdcy66IkCAAIHxBH6sesxJ2nrn5me90zeocz+3q15avXbz7evc9eoJECBAgMBqBATU1YzSRggQIEDgAAV+rnrISa4/faN6r+qLe7z/9FqZq1ZX8e3pHgUtI0CAAIHVCAioqxmljRAgQIDAAQj82+rZ1fTgohN9Xl9NP/vd6+e8vz2dnt57871exDoCBAgQILAWAQF1LZO0DwIECBDYb4HLV79ZfdNJLvz06uHV9L7TvX7+tPrq6hrVH+71ItYRIECAAIG1CAioa5mkfRAgQIDAfgpcsXp7dYGTXHR6qNF1z/CG03tS31i9pPruM7yW5QQIECBAYBUCAuoqxmgTBAgQILCPAj9c/dQprvcH1fWrc8/wnlM4nULqHTYPSTrDy1lOgAABAgSWLyCgLn+GdkCAAAEC+yfw6tM8SfcNp/h71DldXKaaft77wepqZ/CApTn3VEuAAAECBIYXEFCHH5EGCRAgQOAQBC5VvbC65inu9YzqvvvUyyOrx23+hvUJ+3RNlyFAgAABAosXEFAXP0IbIECAAIEzFLhh9aLqq05xnekdqD9+hvc5dvnvVN9VTd+kHv/u1OnfXas6q7rPZtFPV0+s/mYfe3ApAgQIECAwnICAOtxINESAAAEChyhwi+rXqouc4p6PqB6/zz2d9+TfCx1z3RtV967udJJ7fba6TjX9DawPAQIECBBYpYCAusqx2hQBAgQIbCEwhc7pNTGn+lyvevMW15pb8j82C/68en91y2Mu8MXqnGP+73+t7rV5mNLZm5A6937qCRAgQIDAIgQE1EWMSZMECBAgsI8CF69esPmJ7cku+xfVXTYhcR9v/U+Xmv7e9fhvSqcHJk0/451+bvz5E9z0PdVVqktUf3kQTbkmAQIECBA4agEB9agn4P4ECBAgcJgC/776rWoKqaf6THXvPMDGLlw9sPpX1fTT3edvETqnv4H90eo2mz0cYHsuTYAAAQIEjkZAQD0ad3clQIAAgcMXuGP1S6d5GNInq7tX0+tkRvv8p803rA+ufnG05vRDgAABAgT2Q0BA3Q9F1yBAgACB0QUeU01P4j3V5wubJ+e+Y9DNPKh6cvWQ6kmD9qgtAgQIECBwRgIC6hnxWUyAAAECgwtMP6V96ubvSU/V6oc3Dyr66MD7+aFqet3M9MCkZw/cp9YIECBAgMCeBQTUPdNZSIAAAQKDC/zb6hXVt52mz9dVd6s+Nfh+pm9Pp29Rp1fjvHrwXrVHgAABAgT2JCCg7onNIgIECBAYXOC61fOqS56mz7dsftY7+Hb+sb1nbN6TeqXqD5fQsB4JECBAgMBcAQF1rph6AgQIEBhd4NHVY7do8veqm2+eortF+ZGX/HF1ucr/dh/5KDRAgAABAgcl4H/kDkrWdQkQIEDgKASeXt1vixtP7yG98xZ1o5R8ZfX3m6cL33iUpvRBgAABAgT2W0BA3W9R1yNAgACBoxC4VPXm6rJb3Hz6u9Rbb1E3Usn1qt/ePCTpkSM1phcCBAgQILCfAgLqfmq6FgECBAgchcA3Vm/c4u9Np96mv0u961E0eYb3fHj1+Oq7q5ec4bUsJ0CAAAECwwoIqMOORmMECBAgsIXAXTahc4vSfqH6wW0KB6x5TXWdanpA0scG7E9LBAgQIEBgXwQE1H1hdBECBAgQOAKBh1Y/u8V9P189bPM+1C3Khys57+9PP1hdcbjuNESAAAECBPZRQEDdR0yXIkCAAIFDETj/JmzeY4u7nVvdqjpni9pRS26w+QnzT1Y/MmqT+iJAgAABAvshIKDuh6JrECBAgMBhCUwPQ3rT5nUrp7vn9NTbG1VvP13h4P/9CdV/rO5QvXrwXrVHgAABAgTOSEBAPSM+iwkQIEDgEAWuVb2ousQW9/zU5km9Sw+n01an97Veu7pANf1c2YcAAQIECKxWQEBd7WhtjAABAqsSuG/1y1vu6APVDav/c8v6kcu+tfqDanq/6wNGblRvBAgQIEBgPwQE1P1QdA0CBAgQOCiB6e9Nf7G695Y3eMfmb07XEE6nLZ/3lOLp570v3dJAGQECBAgQWKyAgLrY0WmcAAECqxeY/t70BdX0095tPtM3jTddyTen5+13em/rFFL/XfXxbRDUECBAgACBJQsIqEuent4JECCwXoHpfZ8vry675RZfsfmb0y3LF1F2ueqPNyF9Cqk+BAgQIEBg9QIC6upHbIMECBBYnMDtZv6c9b9VP1B9YXE7PXXD/3v1a9X3VL+xsr3ZDgECBAgQOKGAgOpgECBAgMBIAo+sHjejoSdWD5tRv6TS36xuU118ZT9bXtIM9EqAAAEChywgoB4yuNsRIECAwAkFLlo9pbrzDJ+fqB4zo35JpVfdPLn3VdWPL6lxvRIgQIAAgTMREFDPRM9aAgQIENgPga+pXltNoWzbz12r6QFCa/1MFm+o/nP1K2vdpH0RIECAAIHjBQRUZ4IAAQIEjlLgCtXvVlNI3ebzueoe1Yu3KV5wzd9Uf1ddZsF70DoBAgQIEJgtIKDOJrOAAAECBPZJ4LbVc6oLbnm9KZxO7wN93Zb1Sy2bXikzvV7nTdWPLnUT+iZAgAABAnsREFD3omYNAQIECJypwP2rX5p5kVtVr5y5ZonlT6/uV12zetsSN6BnAgQIECCwVwEBda9y1hEgQIDAXgWmb0Hn/ET389WNq3P2esMFrbtU9V+q/7e6+4L61ioBAgQIENgXAQF1XxhdhAABAgS2FHhw9Qtb1k5lf17dvPrgjDVLLr3F5lviH6l+cskb0TsBAgQIENiLgIC6FzVrCBAgQGAvAj9bPXTGwg9Vt64+OmPN0kt/tfp09Z+WvhH9EyBAgACBvQgIqHtRs4YAAQIE5go8o7r3jEXvq25UfWrGmqWXXrj6281DoG669M3onwABAgQI7EVAQN2LmjUECBAgsK3A+ao3VtfadkH1e5u/Of3ijDVrKP3h6irVvarPrmFD9kCAAAECBOYKCKhzxdQTIECAwLYCX129fhO6tl3zhuqO1We2XbCiuumnzBet/vWK9mQrBAgQIEBgloCAOotLMQECBAhsKTC9y/NV1ZW2rJ/KfqZ6TLVr35xOe79adYPq16q/nGGmlAABAgQIrEpAQF3VOG2GAAECQwhcunpTddkZ3TyketKM+rWVTl7Xr76m+uu1bc5+CBAgQIDAtgIC6rZS6ggQIEBgG4Fv2vwN6Zyfqd6neuY2F19pzfR3utPPmv9l9ayV7tG2CBAgQIDAVgIC6lZMiggQIEBgC4Hv3LzD86u2qD2v5G7Vc2fUr7H0V6q7V1O4/6M1btCeCBAgQIDAtgIC6rZS6ggQIEDgVALXq16yecjPtlJ3qV79YSMSAAAcGElEQVSwbfGK625b3XnzGh5P713xoG2NAAECBE4vIKCe3kgFAQIECJxaYHpn52tmIE0PQbrrJtDOWLbK0ulvbx9ZXaP601Xu0KYIECBAgMAMAQF1BpZSAgQIEPgygZttvgW98AybW1evmFG/5tKHVo+opp9H/8maN2pvBAgQIEBgGwEBdRslNQQIECBwIoHbVS+dSTN92/q6mWvWWj6F+3tW96/OXesm7YsAAQIECMwREFDnaKklQIAAgfMEbl9ND/e54JYkf1fdpnrzlvW7UPZfqwdWV6/etQsbtkcCBAgQIHA6AQH1dEL+OwECBAgcL3CL6sXV9HqUbT+3rF61bfEO1E1201N7/5/qD3dgv7ZIgAABAgS2EhBQt2JSRIAAAQIbgelnqdPPercNp5+vvtffnH7Z+ZlerTM9KOpy1UedLgIECBAgQOBLAgKqk0CAAAEC2wrcpHrttsWbuun1KS+cuWYXyqefSN+pulf1uV3YsD0SIECAAIFtBATUbZTUECBAgMAUTqf3nF5gS4rpVTJ3r359y/pdKrvv5qm9Uzj1IUCAAAECBI4REFAdBwIECBA4ncB1N9+cnv90hcf89ymcPmdG/S6V/k71XZsHTH12lzZurwQIECBA4HQCAurphPx3AgQI7LbAVas3VRedwTC9OmV6wq/PiQUuVF2s+lNABAgQIECAwP8sIKA6EQQIECBwMoFvr353xgORpuv8ePVjSE8q8NbqM9X0sCkfAgQIECBA4DgBAdWRIECAAIETCXxj9baZ35z+TPVDOE8pMJn+rYDqlBAgQIAAgRMLCKhOBgECBAgcL3CJ6pzq62bQPL56xIz6XSy9fPWJanr1jg8BAgQIECBwAgEB1bEgQIAAgWMFpr+NfHN1xRksv1ndbkb9LpZeqvqL6kWb98LuooE9EyBAgACB0woIqKclUkCAAIGdEfiKzd+cXn3GjqfXyExP7J1eK+NzaoHnVy/fhFRWBAgQIECAwAkEBFTHggABAgTOE5i+OT1rBsf0AKWbCqczxJQSIECAAAECpxQQUB0QAgQIEJgEXlXdfAbFh6trV5+esUYpAQIECBAgQEBAdQYIECBA4JQCL535N6RTKJ1eQfNnXAkQIECAAAEC+yngG9T91HQtAgQILE/gUdVPzmj7Y9U1q0/OWKOUAAECBAgQILCVgIC6FZMiAgQIrFLgB6ufn7GzT23C6Z/MWKOUAAECBAgQILC1gIC6NZVCAgQIrErg3tUzZuzos5sHKL17xhqlBAgQIECAAIFZAgLqLC7FBAgQWIXA9KTe11Tnn7Gbu1XPnVGvlAABAgQIECAwW0BAnU1mAQECBBYt8M3Vu6rzzdjFY6sfnVGvlAABAgQIECCwJwEBdU9sFhEgQGCRAl9fnV1dfEb3T60eOKNeKQECBAgQIEBgzwIC6p7pLCRAgMCiBC5Qvae63Iyun1VNf6vqQ4AAAQIECBA4FAEB9VCY3YQAAQJHLvDW6jtndPG+Tf3nZ6xRSoAAAQIECBA4IwEB9Yz4LCZAgMAiBF5Y3WlGp++vrlf9zYw1SgkQIECAAAECZywgoJ4xoQsQIEBgaIHHVw+f0eFnqitXH5+xRikBAgQIECBAYF8EBNR9YXQRAgQIDClw15mvhvnb6kbVO4fcjaYIECBAgACB1QsIqKsfsQ0SILCjAreofmPmu07vXE0/B/YhQIAAAQIECByJgIB6JOxuSoAAgQMVuOzmib0XmnGX6T2n0/tOfQgQIECAAAECRyYgoB4ZvRsTIEDgQAQuU72pmv657Wf6O9VHbFusjgABAgQIECBwUAIC6kHJui4BAgQOX+B81X+vvnXGrX+rus2MeqUECBAgQIAAgQMTEFAPjNaFCRAgcOgCz6+mvyPd9vOe6tu2LVZHgAABAgQIEDhoAQH1oIVdnwABAocj8LzqLjNu9VfVd1UfnrFGKQECBAgQIEDgQAUE1APldXECBAgcisAjq8fNuNMXqmtU75uxRikBAgQIECBA4MAFBNQDJ3YDAgQIHKjALatXzLzDt1fvmLlGOQECBAgQIEDgwAUE1AMndgMCBAgcmMCVqnOqOa+T+YHqyQfWkQsTIECAAAECBM5AQEA9AzxLCRAgcIQCX1u9q7rEjB6eXd1rRr1SAgQIECBAgMChCgioh8rtZgQIENgXga+ofre6+oyrvbS6w4x6pQQIECBAgACBQxcQUA+d3A0JECBwxgLTu0tvNeMqH6y+o/rsjDVKCRAgQIAAAQKHLiCgHjq5GxIgQOCMBH6puv+MK/z95l2nH52xRikBAgQIECBA4EgEBNQjYXdTAgQI7EngAdXTZq68afW6mWuUEyBAgAABAgSOREBAPRJ2NyVAgMBsgW+r3lJdYMZKT+ydgaWUAAECBAgQOHoBAfXoZ6ADAgQInE7gspsn9l7kdIXH/HdP7J2BpZQAAQIECBAYQ0BAHWMOuiBAgMDJBKZQ+v7qkjOI3ljdaEa9UgIECBAgQIDAEAIC6hBj0AQBAgROKvCq6uYzfD5Qfacn9s4QU0qAAAECBAgMIyCgDjMKjRAgQODLBH66+qEZLn+1Cacfm7FGKQECBAgQIEBgGAEBdZhRaIQAAQL/k8D3Vc+ZYfK56lrVe2esUUqAAAECBAgQGEpAQB1qHJohQIDAPwrcpnphdb4ZHl4nMwNLKQECBAgQIDCmgIA65lx0RYDA7gr8u823oHOe2PuQ6km7S2bnBAgQIECAwFoEBNS1TNI+CBBYg8BFN0/svcSMzfxG9T0z6pUSIECAAAECBIYVEFCHHY3GCBDYQYFXVzebse83VTecUa+UAAECBAgQIDC0gIA69Hg0R4DADgn8bPXQGfv9dPWt1V/OWKOUAAECBAgQIDC0gIA69Hg0R4DAjgh8f/WUmXu9RvX2mWuUEyBAgAABAgSGFhBQhx6P5ggQ2AGBq1XvnLnP+1e/PHONcgIECBAgQIDA8AIC6vAj0iABAisWuEr12uprZ+zxidXDZtQrJUCAAAECBAgsRkBAXcyoNEqAwMoEpif2/n71DTP29crqVjPqlRIgQIAAAQIEFiUgoC5qXJolQGBFAtM3pzeZsZ8/rb5+Rr1SAgQIECBAgMDiBATUxY1MwwQIrEDgp6ofnrGPj1XXrv6PGWuUEiBAgAABAgQWJyCgLm5kGiZAYOECd6hePHMPZ1VvmblGOQECBAgQIEBgcQIC6uJGpmECBBYsMD0U6ezqAjP2ML0b9edn1CslQIAAAQIECCxWQEBd7Og0ToDAwgT+TXVOdZkZfT+m+okZ9UoJECBAgAABAosWEFAXPT7NEyCwEIHzVW+qrjmj39+qbjOjXikBAgQIECBAYPECAuriR2gDBAgsQOBXq7vN6PND1bWqc2esUUqAAAECBAgQWLyAgLr4EdoAAQKDC/zIzJ/pfqa6TvX+wfelPQIECBAgQIDAvgsIqPtO6oIECBD4J4E7V8+f6XHb6uUz1ygnQIAAAQIECKxCQEBdxRhtggCBAQWmvzed/u50+vvTbT/TA5GmByP5ECBAgAABAgR2UkBA3cmx2zQBAgcscLHqfdX05N5tPy+rbr9tsToCBAgQIECAwBoFBNQ1TtWeCBA4aoEXVd8zo4k/qK5dfW7GGqUECBAgQIAAgdUJCKirG6kNESBwxAJPr+43o4dPbh6K9Ccz1iglQIAAAQIECKxSQEBd5VhtigCBIxJ4aPWzM+49fWN60+rsGWuUEiBAgAABAgRWKyCgrna0NkaAwCELXL16x8x73qn69ZlrlBMgQIAAAQIEVisgoK52tDZGgMAhClx681CkC86456Oqx82oV0qAAAECBAgQWL2AgLr6EdsgAQKHIPD26ttn3OeV1a1m1CslQIAAAQIECOyEgIC6E2O2SQIEDlDgVdXNZ1z/z6vp58CfnrFGKQECBAgQIEBgJwQE1J0Ys00SIHBAAg+vHj/j2udW31F9ZMYapQQIECBAgACBnREQUHdm1DZKgMA+C9y+esmMa36hulF1zow1SgkQIECAAAECOyUgoO7UuG2WAIF9Erjy5qFIcy73mOon5ixQS4AAAQIECBDYNQEBddcmbr8ECJypwPSk3vdWl5lxoWdV955Rr5QAAQIECBAgsJMCAupOjt2mCRA4A4GXV7eesf711U1m1CslQIAAAQIECOysgIC6s6O3cQIE9iDw4uoOM9Z9vLp89cUZa5QSIECAAAECBHZWQEDd2dHbOAECMwUeXP3CzDVXq949c41yAgQIECBAgMDOCgioOzt6GydAYIbAtaqzZ9RPpfetnjFzjXICBAgQIECAwE4LCKg7PX6bJ0BgC4F/U72rmv657edHq8duW6yOAAECBAgQIEDgSwICqpNAgACBUwu8tfrOGUhv3LzvdMYSpQQIECBAgAABAgKqM0CAAIFTCzyzutcMpHdUZ1VfmLFGKQECBAgQIECAwEbAN6iOAgECBE4s8P3VU2bgnFt9c/VXM9YoJUCAAAECBAgQOEZAQHUcCBAg8OUC07egb54JMz1Iafo5sA8BAgQIECBAgMAeBQTUPcJZRoDAagUuXf1+9dUzdji9guYXZ9QrJUCAAAECBAgQOIGAgOpYECBA4J8Fzl9Nf0d6xRkoL6q+d0a9UgIECBAgQIAAgZMICKiOBgECBP5Z4LXVTWaAfKC6RvW5GWuUEiBAgAABAgQICKjOAAECBE4p8OTqQTOM/n7zTevHZ6xRSoAAAQIECBAgcAoB36A6HgQIEPjSq2SmV8rM+Vy3+r05C9QSIECAAAECBAicWkBAdUIIENh1ge+o/vtMBA9FmgmmnAABAgQIECCwjYCAuo2SGgIE1ipwgeqd1RVmbPDZfekbVx8CBAgQIECAAIF9FhBQ9xnU5QgQWJTA9BPda8/o+O2bhyLNWKKUAAECBAgQIEBgWwEBdVspdQQIrE3gWdU9Z2zqE9W3VOfOWKOUAAECBAgQIEBghoCAOgNLKQECqxH4gepJM3YzvUbmqtVHZqxRSoAAAQIECBAgMFNAQJ0JppwAgcULTEHz3TN3Mb0b9fUz1ygnQIAAAQIECBCYKSCgzgRTToDAogW+YfNQpAvP2MWjqsfNqFdKgAABAgQIECCwRwEBdY9wlhEgsDiB81Vvq64yo/Nfre4xo14pAQIECBAgQIDAGQgIqGeAZykBAosSeObM18P8cfWt1RcXtUvNEiBAgAABAgQWLCCgLnh4WidAYGuB6Se6j9y6uv6yOqv66Iw1SgkQIECAAAECBM5QQEA9Q0DLCRAYXmB6wNFrZ3Z5nersmWuUEyBAgAABAgQInKGAgHqGgJYTIDC0wMWrD1UXmdHl9G3r9GAkHwIECBAgQIAAgUMWEFAPGdztCBA4VIHpdTLTa2W2/Ux/p3qfbYvVESBAgAABAgQI7K+AgLq/nq5GgMA4AtNPdK81o513bP7u9Asz1iglQIAAAQIECBDYRwEBdR8xXYoAgWEEnlD95xndnFtdo5qe3OtDgAABAgQIECBwRAIC6hHBuy0BAgcmcPvqJTOv/o3C6Uwx5QQIECBAgACBAxAQUA8A1SUJEDgygStWb60uNKODu1XPnVGvlAABAgQIECBA4IAEBNQDgnVZAgQOXWB6Uu/bqivMuPMvVD84o14pAQIECBAgQIDAAQoIqAeI69IECByqwCurW8y440urO8yoV0qAAAECBAgQIHDAAgLqAQO7PAEChyLw2OrRM+40PQxpev3M52esUUqAAAECBAgQIHDAAgLqAQO7PAECBy4wfWs6fXu67efvq6tVH9l2gToCBAgQIECAAIHDERBQD8fZXQgQOBiBy1fvrc434/J3rl44o14pAQIECBAgQIDAIQkIqIcE7TYECOy7wMWqd1eXmnHl6f2oD59Rr5QAAQIECBAgQOAQBQTUQ8R2KwIE9lXgDdUNZ1zx9dVNZtQrJUCAAAECBAgQOGQBAfWQwd2OAIF9EXhy9aAZV/rz6urVp2esUUqAAAECBAgQIHDIAgLqIYO7HQECZywwvbf052de5UrVH85co5wAAQIECBAgQOCQBQTUQwZ3OwIEzkjgxtXrZl7hu6uXzFyjnAABAgQIECBA4AgEBNQjQHdLAgT2JHDp6n3VBWes9lCkGVhKCRAgQIAAAQJHLSCgHvUE3J8AgW0Epif2vq36hm2KNzWvrqZ3pPoQIECAAAECBAgsREBAXcigtElgxwVeVt12hsH0btTrVefOWKOUAAECBAgQIEDgiAUE1CMegNsTIHBagYdUP3faqn8umELpNao/nrFGKQECBAgQIECAwAACAuoAQ9ACAQInFbhZNf1Ud87nOtXZcxaoJUCAAAECBAgQGENAQB1jDrogQODLBaa/N31P9ZUzcO5dPWtGvVICBAgQIECAAIGBBATUgYahFQIE/kngfNVbq6vOMHlq9cAZ9UoJECBAgAABAgQGExBQBxuIdggQ+EeB6VvQe86w8MTeGVhKCRAgQIAAAQKjCgioo05GXwR2V+Bx1SNnbP8vqqt4Yu8MMaUECBAgQIAAgUEFBNRBB6MtAjsqcMPqDTP3fv3qd2auUU6AAAECBAgQIDCggIA64FC0RGBHBS5Rva/6qhn7/97qRTPqlRIgQIAAAQIECAwsIKAOPBytEdghga+tPlBdbMaeH1P9xIx6pQQIECBAgAABAoMLCKiDD0h7BHZE4FXVzWfs9cXVHWfUKyVAgAABAgQIEFiAgIC6gCFpkcDKBeY+FOnD1RVWbmJ7BAgQIECAAIGdFBBQd3LsNk1gGIGbVq+Z0c3fVWdVfzBjjVICBAgQIECAAIGFCAioCxmUNgmsUOCK1duqC87Y2+2q35xRr5QAAQIECBAgQGBBAgLqgoalVQIrErjM5lvQC83Y03+snjKjXikBAgQIECBAgMDCBATUhQ1MuwRWIPCV1Wura83Yy8uq28+oV0qAAAECBAgQILBAAQF1gUPTMoGFCzyvusuMPXgo0gwspQQIECBAgACBJQsIqEuent4JLE/gAdXTZrQ9PRTputV7Z6xRSoAAAQIECBAgsFABAXWhg9M2gQUKTD/pPXtm31euPjBzjXICBAgQIECAAIGFCgioCx2ctgksUODXqzvO6Hv6GfALZtQrJUCAAAECBAgQWLiAgLrwAWqfwIIEPlp9/Zb9PrO6z5a1yggQIECAAAECBFYiIKCuZJC2QWABAh+rvm6LPt9SnbVFnRICBAgQIECAAIGVCQioKxuo7RAYWOCc6ppb9HfZ6s+2qFNCgAABAgQIECCwMgEBdWUDtR0CAwtMf386/R3q6T7/uvq/TlfkvxMgQIAAAQIECKxPQEBd30ztiMDIAh+vLnmaBi9QfX7kTeiNAAECBAgQIEDgYAQE1INxdVUCBE4s8Njq0afA+Vz1lfAIECBAgAABAgR2U0BA3c252zWBoxK4afWaU9z8vdVVjqo59yVAgAABAgQIEDhaAQH1aP3dncCuCfz76vdPsemXVbffNRT7JUCAAAECBAgQ+JKAgOokECBwmAI3qN54ihs+svrpw2zIvQgQIECAAAECBMYREFDHmYVOCOyCwAOqp51io99U/dEuQNgjAQIECBAgQIDAlwsIqE4FAQKHKfAr1d1PcsM3VTc8zGbciwABAgQIECBAYCwBAXWseeiGwNoFzqmueZJNTu9JffHaAeyPAAECBAgQIEDg5AICqtNBgMBhCnys+roT3PDPqstX/3CYzbgXAQIECBAgQIDAWAIC6ljz0A2BtQv8VfW1J9jkw6snrH3z9keAAAECBAgQIHBqAQHVCSFA4DAFPlBd8QQ3vF/13w6zEfciQIAAAQIECBAYT0BAHW8mOiKwZoHnVnc9wQY/VH2Ln/iuefT2RoAAAQIECBA4vYCAenojFQQI7J/A9E3p009yuftWz9i/W7kSAQIECBAgQIDA0gQE1KVNTL8Eli1w0eoT1VecYBv/d3W56uPL3qLuCRAgQIAAAQIE9iogoO5VzjoCBPYq8NTqP5xksXeh7lXVOgIECBAgQIDACgQE1BUM0RYILEzg0tW7qq86Sd+Prn5qYXvSLgECBAgQIECAwD4ICKj7gOgSBAjMFrhd9dJTrPJU39mkFhAgQIAAAQIEli8goC5/hnZAYKkCz67ucYrmr1OdvdTN6ZsAAQIECBAgQGC+gIA638wKAgT2R+Ai1furS57kcv9Q3aH6rf25nasQIECAAAECBAiMLiCgjj4h/RFYt8A3VB+s/uVJtvn5anr9zPPXzWB3BAgQIECAAAECk4CA6hwQIHDUAlet3lqd7xSNfHP1oaNu1P0JECBAgAABAgQOVkBAPVhfVydAYDuBW1bPqab3pJ7o88TqYdtdShUBAgQIECBAgMBSBQTUpU5O3wTWJ/CAanpH6on+/9L07x+4vi3bEQECBAgQIECAwLECAqrzQIDASAJXrt5T/S/HNeUnviNNSS8ECBAgQIAAgQMSEFAPCNZlCRDYs8Bdqsdvnu778c1Pe1+056tZSIAAAQIECBAgsBgBAXUxo9IoAQIECBAgQIAAAQIE1i0goK57vnZHgAABAgQIECBAgACBxQgIqIsZlUYJECBAgAABAgQIECCwbgEBdd3ztTsCBAgQIECAAAECBAgsRkBAXcyoNEqAAAECBAgQIECAAIF1Cwio656v3REgQIAAAQIECBAgQGAxAgLqYkalUQIECBAgQIAAAQIECKxbQEBd93ztjgABAgQIECBAgAABAosREFAXMyqNEiBAgAABAgQIECBAYN0CAuq652t3BAgQIECAAAECBAgQWIyAgLqYUWmUAAECBAgQIECAAAEC6xYQUNc9X7sjQIAAAQIECBAgQIDAYgQE1MWMSqMECBAgQIAAAQIECBBYt4CAuu752h0BAgQIECBAgAABAgQWIyCgLmZUGiVAgAABAgQIECBAgMC6BQTUdc/X7ggQIECAAAECBAgQILAYAQF1MaPSKAECBAgQIECAAAECBNYtIKCue752R4AAAQIECBAgQIAAgcUICKiLGZVGCRAgQIAAAQIECBAgsG4BAXXd87U7AgQIECBAgAABAgQILEZAQF3MqDRKgAABAgQIECBAgACBdQsIqOuer90RIECAAAECBAgQIEBgMQIC6mJGpVECBAgQIECAAAECBAisW0BAXfd87Y4AAQIECBAgQIAAAQKLERBQFzMqjRIgQIAAAQIECBAgQGDdAgLquudrdwQIECBAgAABAgQIEFiMgIC6mFFplAABAgQIECBAgAABAusWEFDXPV+7I0CAAAECBAgQIECAwGIEBNTFjEqjBAgQIECAAAECBAgQWLeAgLru+dodAQIECBAgQIAAAQIEFiMgoC5mVBolQIAAAQIECBAgQIDAugUE1HXP1+4IECBAgAABAgQIECCwGAEBdTGj0igBAgQIECBAgAABAgTWLSCgrnu+dkeAAAECBAgQIECAAIHFCAioixmVRgkQIECAAAECBAgQILBuAQF13fO1OwIECBAgQIAAAQIECCxGQEBdzKg0SoAAAQIECBAgQIAAgXULCKjrnq/dESBAgAABAgQIECBAYDECAupiRqVRAgQIECBAgAABAgQIrFtAQF33fO2OAAECBAgQIECAAAECixH4/wGGKEIi94sUXQAAAABJRU5ErkJggg==', '', '');
INSERT INTO `masterpiutang` VALUES ('MPU-2308080001', 'INV/20230808/0001', '2160000', '2023-08-08 17:19:21', 'emp-0001', NULL, NULL, NULL, 'emp-0001', '2023-08-08 17:19:21', 'data:image/png;base64,iVBORw0KGgoAAAANSUhEUgAAAdQAAAD6CAYAAAAY9raeAAAgAElEQVR4Xu2dbQx1y1XXL2qQgEWxGpqmpafwQaLEihpK0grn8oWqaNtogi9Nei5KxZemLwFFg3CgkDTQ0ELUoDF4StIEPxBKgBATY8/VNpEmQm/AhA9tOE9atfXtUgo3EtGyfs/dq51n333Omb33zN4zs/+TTM7b7Jm1/jNn/nutWTP7cx5TEgJCQAgIASEgBGYj8Dmza1AFQkAICAEhIASEwGMiVA0CISAEhIAQEAIJEBChJgBRVQgBISAEhIAQEKFqDAgBISAEhIAQSICACDUBiKpCCAgBISAEhIAIVWNACAgBISAEhEACBESoCUBUFUJACAgBISAERKgaA0JACAgBISAEEiAgQk0AoqoQAkJACAgBISBC1RgQAkJACAgBIZAAARFqAhBVhRAQAkJACAgBEarGgBAQAkJACAiBBAiIUBOAqCqEgBAQAkJACIhQNQaEgBAQAkJACCRAQISaAERVIQSEgBAQAkJAhKoxIASEgBAQAkIgAQIi1AQgqgohIASEgBAQAiJUjQEhIASEgBAQAgkQEKEmAFFVCAEhIASEgBAQoWoMCAEhIASEgBBIgIAINQGIqkIICAEhIASEgAhVY0AICAEhIASEQAIERKgJQFQVQkAICAEhIAREqBoDQkAILIXAH7CG3mb5w5Z/aKlG1Y4QWAoBEepSSKsdIbBNBP6Eqf0yy6/psqNwsjdPbBMSad0qAiLUVntWegmBZRHYW3Ovt7yzDIlijQ6lT9mXz+t+EKku20dqLTMCItTMAKv66hGAKH5/RxKhMh+yD09a/rXqNZynAAT6ryyD07X0wH44W4ZAeX2z5Xd2hfn8WuE4rxN0dRkIiFDL6AdJsT4CrzQRvswyBAE53LKyQmnf2xHFT62vwuISgNH7LLs1+pS9Bw8SREm6dLkv3MG+gIhJ3Jzg/uVVSQhUi4AItdquk+ATENjZNazn8UqGEPz9b9v739PVCTFcugmeVzKWqL9yHZl1wVd31/DbyfK7u3ITxKvqkoNJ64T4SXvPZyfTWEX23TV4AMAXS/Uce7HKCYHSEBChltYjkicVAlhNX9sRHxM3OUy4IS+WsYp4fcbyB7vPY2TYWeGjZdYPPZ3szXd39Y6pq5ay3Ej8ZCcsNx+HCbi5rtyYQMQv6b4AS7BTEgLVISBCra7LJPANBCBRiI0JnomaBHFCmp4vMyb/W+DTNmuDZCwu0i9bfrvl9zTUa+D6i50+kOne8tx1ZLA7WXZrH4LFBTy33oZglyo1ICBCraGXJOM9BHZW4LssHyzjfjxbZlLm9XLv4sS/Qw7IAbG61YUcWF281pzAGTJFR25U9onxPVp99COJG6DHLYtUax4xG5NdhLqxDm9MXSZ4J1ImeCZkiLSUSfgNJss/suzEerL3tbqCIVHIFMy5aYFMIb3UCXcyOGHli1RTo6v6siIgQs0KryrPhACT+5s6AnUiZRIuMfVdwZD9uzpiLVHeIZnQgTVTSDQnmXrbuJXPHalyohLWvpIQKB4BEWrxXSQBewhgwbCH8Ys6YjpWgtCukzeMCmadEOIoOSH391n+a52QROLiBcid6GcPfHqpvb/kblD1C4G5CIhQ5yKo65dCACuJbRpMtOz5xGqpcZLdm9wny+4GLjUAx70AbzVZv7DrZG4AkH2pdLaGiNRmK9JhqUbVjhCYioAIdSpyum5JBCBP1kpx7/Keibb2hB5Hy74HE7JawvKLwc3xhlRJv2X5RzrsY65PVWZvFXFwBAmPRClr46n0Uz2NISBCbaxDG1NnZ/rg9sPlx7ojBNRSQj/0cjfwyd6/ZWXiQAbfU/ukveczea10sYax5sEFrJSEQLEIiFCL7ZpNCxYGHdXs3o3txNBaJbKVdUqIZOkEYRHsNfXkoxzygg1r5uDylTkaUJ1CIBUCItRUSKqeVAjsrSLWzD5tmcm0FDdoKv2u1UNk68kyRyPi2mQPJiSyVKJ9tsVAprtOhqXavtUON1dPdwUUnFRCj0iGqwiIUDU4SkGAiRNL5GCZ9bp/WNCkvhRGYACp4gJemlTdOl068CgGW26qwERu3xi0VGY1BESoq0GvhgMEiNwlgtddjeeNowOpso6JhbrUaUEQOHlXIPbcZDE+cP8zVpSEQJEIiFCL7JbNCMXkjVXKJImbFxevIjmf7X7IFPcv1hlrqjmTExanOB1zNjSx7tDtq2jfiSDqsvwIiFDzY6wWhhHAAsPNKKt0GB9I5GKZbTW5XZ2Q967Lpd7QuNt3qYMl9L8VAqMREKGOhkwXzEQAovADGmSV3gbTA4UgOSJcIdjUCa8AXoK1rFOI3A+5YJvOtXToxo0OeUg9AlRfMgREqMmgVEURCOytDPtKGXdMkFuJ4I2A5mqRo/3CoRZny6ynpk4ftgp/n+Uvt5zLOuUmCvc1r19nmZOXdpYZD/10si8g90vvB8r/avc90b5KQqA4BESoxXVJkwIxkUIKWEMElhws55q8WwTQ11NzuH7ZnnS2nIqsIT5/sDsW9j6iQx5YGbdSvfjJ3vSJ1XHAWue9khAoCgERalHd0aQwTKq4eHldy61YO7Ch6xfrLNXNiNeb4okuECeHQgxF4UKYl07u/2Wvv9QRIt+RPR3szdFySK4/b59f1V3Lmjtt5LixqH2MSP4CEBChFtAJDYvA5OrbYXgvq2J6Z0M0WPkp1xAhMPpnDkHtujr2nWqQJ678s+XLhD7Hm4Enwx80TrWMGyxobgA42/eDll8+HUpdKQTyICBCzYOran3Wrctk/ZRlJttUVtVWsYVoIBasN8gFwpqbjh1xTa3PiQ/ZCCiivhRyodcft8zywK5TEt2J8GUdlaTtM3N7X9cnR0CEmhxSVWgIQKQHyymtKQH77I0JFtrFcorAHMiP9U7qos7YhKVIZDDysO0JYj3FXjyyHNauPzyAmzKIlXa1fWYkkCqeHwERan6Mt9aCyDRvj/s6Yor1aM7uhRzHzANHK886JlbpUgFmkLU/AecZe//5lnWzlnecqfYJCIz5I02oXpdsDAGRaf4Od9cvBz7MDVAiwhdXLRbfvRRapayTYpViPS6VQlKlzf9u+YuXalztCIEYBESoMSipTAwCItMYlNKUIcCL/bwQ2tRjCT3CN+Z8XMjzbZbZr0pE8NHyGmviB2uXcebprfYG17OSECgCARFqEd1QvRA+0ckNt1xXnqwp3KB/1fKPT2jW++yW6xhrGOLeW/5vlt9g+WcmtJXykpBUf8sq/mrLih5PibDqmoyACHUydLqwQ8C3MuAG5L3SMghAdr9i+f9afvGEJo92DVtTrgX3QKKQKe2saZUOqfat9uUPdD9Apnrw+IQBoEvSIyBCTY/plmpksiWwhS0MO8truAG3hHdf14N9gQt0SoDS2a4jwndoy4zXmzuCd07f/bpd/Lyugin6z2lb1wqBQQREqBoYcxDAgmE9b+o+xjlt69pnEbhYnhKgxH5OboL6+zlP9h2uZPYPQ6ylulM92hkMuJGbG6Cl8SQEZiMgQp0N4WYrIFBlzaeUbBb4nuJ7+8ze1LFWGhG+JJ8D8DZQD277GtbCXW+HI8XxiRpTQmAWAiLUWfBt9mKPEI3dcrFZoBZS/Gzt8DSX2Ee89fsvJNOxxLyQioPNYJlinZNkpa7ZE2r7kbtTwSEExiDAuikutl03kY25VmXTI7C3KrEuYy3LfnkImfXUOWf6ptfqfo0nK+IHPlC6ppuB+9qpRHUIyEKtrstWF9j3m2rddPWueEQAJ0VudC53RDva70T4QkBYdrjua3SZHkxuxiNPsHl+p4vWUssal5uSRoS6qe6erezeahhjCc1uUBVEI7CzkgQaxVipHAjB+bivs/xPLNe65QlX9dOWf8Myh06QnrB8ikZNBYVAQgREqAnBbLwqJi8mbLZSMHkrlYcARIIL9J734GxlcPFCvjHly9P0sxK5LkQls458sYyVqiQEFkdAhLo45NU26K5eAl9K3UpRLbiJBHeLDZKBVK8lj/Dl5oi+3Cdqf41qjtYo7uufsPyXOgHu3VCsIafa3AACItQNdHICFQ9WB4RaW9BKAtWrq8L3Z14jFSddV6x28uFmgGUIIs5JWN5ny7duKKrrVAlcBwIi1Dr6aU0pd9Y4Ub21rrOtid0abUOYF8usLQ65Pp2AOAf345bp39qTW9ysn/rh+bXfKNTeJ5uUX4S6yW4fpTR3/7h52bvIRK1UPgJHExE36FCAjh/IgRateBzOposfo3iy9y+xzHeyUssfq01JKEJtqjuTK+MT87UD1JM3qAqTIHDLSvU+xUJ9geUWzl92ndgGxE2fW6la708ynFRJLAIi1FiktldubypzVi/PyzxsT/3qNXZLtG+F/kfT7OWWiYrF69BCYqziSfFnu0KqWKkxW4ha0F86FIKACLWQjihQjI+aTIyPr7DcghVTIMTZRYJY+gfn81xTLNNvtvwvs0uwTAMeaIW+rBuHbm0+872SEMiOgAg1O8RVNnA0qVmD+zbL76hSAwkNAgfLuD9xhdKnJA/gac0dCmlilTKnucubm4kaT4DS6K0UARFqpR2XUeyd1c0BDkT18l6pbgQgGrdS/6a99wdzt/bfP5tuHpjEe98+hHeFR9QpCYHsCLT2p8oO2AYaYC1qb3koQnQD6jen4sE0civ1m+z9izsNW/vvH00vvCoeQOdP1EFdBdU1N6zLVKi1P1WZKNcjlU++vudUa6f19N0tSbHYIBh/1BmHIHDT1FJyQg3d2xdTEDdwa25fXNrc8OJJ4lxmpUIQEKEW0hEFiLEzGTjAwf+spwJkkghpEIA88Tx4apFQXceQUBnDnFVcs778HzmjmP8nOnJjFEZn487WjW+a/8nsWkSosyFspgK2yLzGsh9+rz9pM137UJGLZaw1Ukg6rWjphBpulTmYcr4ntca5zteB+33ElqcXWeaRdVqaKWgE1zjICoKvGVF8Mmp1sm2mo2YowiH4WDqt9rGP4dAaDddRa4tqPlpHsf2HV/rO07l742SrvbYz/hSpLxWhpka0vvpwKeHq3VmWdVpf/8VKzHYZMv/5v2X5X8ReWFE59Ou7d32b0OP2m5NR6SrhKcJjdCuYym8WFMVcUG+KUAvqjJVEOVq7REeSWnQFrgRrUc3uTZpwDfXf2OdXFSVhGmGGCNUt81rG9q7rKwKpsEJvpYv9iBtfbt8042d2LSLU2RBWXUHoEpN1WnVX3hQ+vGnygi+1N0zILaUhQj2bguxPrYFQ8RZhmfJfxEq9l/xEKG4acGkrrYyACHXlDli5ed9zihg1TDgrw1Vt804qoQItrr0NEarfTPg5vyV3Ihbp3nIYxXtLXgj4YpntULJSC+hZEWoBnbCSCAdr1yMgZZ2u1AkLNQvRfMTyl3XtQaZsJ2nNSoVcyJCSJyfU0rfOIPPJMpZpGIR0b4i4fuiNlaro/HuIZfxdhJoR3IKr5s6WTeG8kmSdFtxZM0VjosYTwVYLonwhlkPX/61ZqRARhILOnlz/kt2i/A95IPyUE51CK1X/45l/lrmXi1DnIljn9ScTGwvFkzaH19mPMVL7OhuBSF/fESok42OgJSv13AEyRKj8VOp8h9zvtXwvCOlafx/tBwILL5bpT6WVECh1gK0ExyaaZbIJIz5bO5ZtE504Qkknzj6h7qwOvBQtWalDhApUvnWmxPnu50w+vAffPqJP+0XD/3RLN0gzIFnn0hIH2DpIbKfVMBAJrfUHbLvvIRmiXD9g+RWWwxsoJ9tWxsA9Qi3NE8N6KX1AENJl5jCscb/tTJXLu1yEWl6f5JTIN4x7Gy1ZJzlxq7luJlqCzlhD7G8fccumlXFwj1AfNwy8zNp96geqgP0xgTBOqFpHTQDm1CpEqFORq/M6XHy7QPTajmOrE/V1pfatJBwAQN/3J1wIBqJtwUq9RqgEKrG1pCRCZb8p/7/w/zhnpIhQ56CX6FoRaiIgK6jmYDL6NhnELX0bQQWQFi/i3iTExU9fQ5qkPqF6mRYsm2uE6qcllUKojnlKeUSoBfwdRagFdMJCIvSt0yes3dNCbauZdRAYItShSRwiYksNVmrN+xivESrfc0ORksCm9qi7eh9YBfRPquSEqiDDVIhOqEeEOgG0Ci/xidVF58+8q1APiTwOgVhC9bX1t1j1U7dujJMsT+l7hFqCfuD7pu7m5ZIQBhFqQjCnViVCnYpcXdexx+3Vgci6i62r/6ZK64T6n6yCP9VVcs1KY3JnUsZKrTVdI1Qf/2u7tb0/csjhhNpKgFmVY1CEWmW3jRJ6Z6Vx94aphQCUUSBstDDbMXg0n5+SBAzXCPVgv7HGPuW0nlLgvUaobhXmILJY3XH1sp7Nf4//ZErXup+0hCy6WY7tkQzlRKgZQC2sSj8px8VicmWiVdoGAlguH7f8gk7da4TqR9hBwJSpMV0j1KMpw0lCa5KNy5AjdsFvnESoK49aEerKHbBA80yQIYGuOaksoK6a6CHgrkD/+tZWqVzre0t1yvu7hl7Za9DJbK0nzjjh5Yqs35u+fvrZmlb4Uv1cbDsi1GK7JolgoSsoZkJN0qgqKQoBrDbfMoNgt04L2tnvLA/UetMFqXzK8l/s9YB7aXIR2r0O95vaXPu+Raj3emCh30WoCwG9UjMHazfce8qJOZCs0nYQOJmqrw/UvfefJ4AHAoZ4a0tnE5i1SaKWw+RRzGsQ6tEEwd2cM1joO61+LFPSP7f8LbV1XCvy3vtztaLnVvXoT6Y5/9Rbxbh0vftr6Pf+804+Odb6cmMFoXKIAzqHaW8fsF75DStxqbSzhrBOwRy37yVTw2+3ev9BV/eP2OvfztSOqr2DwL0/lwCsGwEd5lB3/6WQ3snE64r5zzPxM3ZqC06CMLGwjz3gQgxi9E+BO3VA4rSde13Tb4Jok74jklhpBQSWHFwrqLfpJnfdpBiCoO0y2xwSYWBSzH8eQsJNWdt4Qc8h8gqjYGP0TzFKDlYJyy0PLPNfzJ1wdXNeMam0p+rk1r2Y+pcaXMUovCFB/A/tKmv9dEOd31M19FTE/Of9Zqy24CQI9dppSH5TEaP/3JFCnAKY87rUvt6zteXBZ3gW+Ky0MAJLDK6FVVJzHQK+BcIBWWvLgDpkfQR+2kT4hk6M2P88rlM/33d9DeIkiCHUXJG2oYQn+0Ag2JJBULi76S+SCDVuvCQvFfvnSt6wKsyOAHeo4XaJ3Os42RVSA5MR+GG78o0jCfVg5XFZLkFAkxXrXQihXrMI3ULNTTZ7k8H3hC6FXbiGCiRy+aYaUSPrEaGOBKyi4v0N/bknkoqg2ZyobzCN2U5Biv3P+8lJWKqQa+lpZwJ6INV5QFi+4wYz9//A3evvXhC3i7X1kk7nJdstfUwsLl/sn2txwdTgLATCIAyvSHetsyCt+uK9Se9W05j//Mmu46EKNexJdR2vEaYT6hOmD3rlSEerlGAu4hV2lgkUyp3CvqWt2gLJcuOzaP1j/lyLCqbGZiFwsKt1oMMsCJu6OJx0X2eavSdSO3clzg2sgVz+ruWPWcaCykE0ruM9Qs219IGOWKekJR8TF7Yr6zRyYOcqJkLNhey69fYDkpYMjlhXc7U+hEBIqGNP0oH8prh9mehxsULK4clFF/t8tEyQXEpivUeoJ2uPQKFchOp7Th9YG+i+ZKI99EdHpRUREKGuCH7Gps/dZOZN5JpEMqqgqhMi4GRDlR+w3D88/lZT3JxBRDFuX9ZdKXuwzLJDmH7ZPnyJ5S8MvoQAGKtYVnOT63jN5Xm0BnDH5vgvhEFBc635uTjo+hUREKGuCH7Gpp+2upncPOlPnhHsCqp2snFRx/zvfT3+3hiCVFhmCMcdViiECXFijfLbmy0fLHsQDTJdLOMmxRKemqj3nZavxQoc7TcINfX2MXTieMGdZXmCpvZeI9eN+WM1onLzavDH9rUcV3ap8P3mwa1Uwb3J7UFJqDB2PEB4Z8uHK/qHQXBYmxDjPXJ0VzAWrac5AUNOmNfmNP89Nel5vehwbf220mEjscciIEIdi1j55fuTJxKrn8vvt5wS9sfEPWuzLwtuX6J9cacOpYt9icU5hRAh47Nljs3DioXsqW9sOtoFWKDXxrq7ZVMS6s7awzrFSk1Z71jdVb4QBDTRFtIRCcXwicWrfMre9NezEjanqipAYG8yhhbq2CMFnYyGLFsfb3NcqaF8kCuW3tiEHG+yfG2t19v4kJVBjxTpZJW4hX1t7TZFO6qjEgREqJV01Agxwz85l82Z6EY0q6IFI9An1CmkdTH9cOOyVulpZ2/88WS8nxO1i0x+steUbSdY0dw4outQCjFIMe+F9eHmPhTc/xJtIQRSDKyFRFUzkQiEExOX5IhqjBRFxQpBIJz8f9Nk+gLLY//7J7uGs2JD6w6CxRU8hQD70IQyQsxYfGMImnFPop6hFNY/Vveh+nybDL/JOi1koK8tRoqBtbYOav9RBHTkoEbEEAI+Lj5oP35VR4y4P2OTu32dPDwQ6YFVsIut5E65k/3uLtSxVt+5q/saobLOSfQ7ae68F5LzWDkTQaVqSkRg7sAqUaety9QnVN09b31EPKu/jwuWALAqpwQQYTEeLeNehcBSn40bRgsj85ho5IuV77uk+z3vGMyd9/y83iWPGNQorgCBuQOrAhU3J6Is1M11eZTCPi6wqKaeGHSya3cdcbHnM4d1htXsjyEbUz/63VveSEGoB2uH/bake+1FdYwKtYOACLWdvnRN3m9vXhGoRcTkuT01pdFIBJxMIAG2lzxpeT+yDnf7sg77uyy/0PKYdc6Y5rwNLxvzUAd3596zuh2DOf8Jt06RL0a2GJ1VphEERKiNdGSgBuTp0ZJ8PWfyaA+d7WoUEiqRuuz7HPv/D9chxx5hOAb5ixX2k5RirEBuDAgSujfWIX/0vlfumqwH+8Gt0zHW8xjdVbZiBMb+oSpWdTOiH01TLBBPUyePzQC2EUVDQoWApq5/fsSu/VLLMUQ3FVoIH5cy6WKZOIBbyYnuXrzAeYbetB9ap/famqq7rqsYARFqxZ13RfSjfS9Cba9f52oUEip1MUambHf5n3bd8y3nvFHbW/1YnJ7uzVM+5u+Vm0OoTtrIJOt07mhs9Pp7A7BRtZtWS4TadPdOVs4fmIBlCbFAWGNPTNrZNVhppDERuGOFDsdwzElf6EPa32loDqHKOh3bixssL0Jtr9P7hKrAifb6eIpGTiZOolisYwOT3BVLUNJ3WGb7TI7EdhR/zFsM6V+s/L0tM8g5lVDDQCmdPJajxxupU4TaSEcGavQJVX3cXh9P0cjJxAnBA3TGjA/f0vLvO8JLdSZuqA9E/bbgi3trlbERvnMIFWt+38mU09U9pV91TUEIjPkzFSS2RLmBQEio3Okz4SgJASdUt0r92MBYgtgZhO7ufau9/0HLObwf/9nq/aNdd33CXl9wp+vceoxxQTsGsTrTNETq67kx7meNtA0jIEJtr/NDQh3r0msPDWnkCPQJ1d23sdG6YeQtRIq1ylg7JYT4YHX5thSqfa1liP9Wwu0Mqe4i5JhCqOjHQRikJxLrGyGyitSEgAi1pt6Kk5VJzqN8RahxmG2hlJOJjwk/5i82YvViILE31K+HaEiHhOCFgT+xYxdiJ8fI4RjEWqg7q9et8gf2ns9KQuAqAiLU9gZHSKixk2V7KEijPgJ9QvW1R4iSdcpbKTxj1y1arEL2it67NrYnQguYa2JIb8z6KXWOJVSsX56xSoq15GP1VbkGERChttepIaFqEmivf6dq1CdU6oFMsTrvBf6ExBISHYFNe8tYiHMSxIgl6Ov9sdapr5/GruWOIdS+TLFtzMFB11aOgAi18g4cED+805eF2l7/TtXoZBeyFhiSlRPlPWvQibcf5Mb6JiRFPXPS0S6echgJOmE9k2PSGEI9WIU6ZjAGVZX5DAIi1PYGw95U8qjE2Dv99lCQRn0EnLTCSNWYwKTQ3dvfgwnpkBlzU1PfEhxzE3ixRiFVdItJYwj1F61CJ+qYCOKY9lWmcQREqO11cDgBMuGkWuNqD6ltaeSEitb+v/excuvGK3T3PtERmCPna5hz3KFh/dR7z/3sbbvsY8gullDD/5C2ymzrfzJLWxHqLPiKvZi1LZ6qMWaCKlYZCZYEASdUxgYE6MnP+L02F4RjaYg4WT+FFE8TpNzZNR5Fy+VjrFOsazJ1xKazFYx5KAC6aKtMLKoq9xkERKhtDgbWtl7dqda3KtrUWFrdQ+BoBXydMvzfO8kMWXoxlhqkRrnDPQEGfg+Ji/VZyBECj0kQObLTfmxyXW+tGbvVTZ1jZYqVQ+UaRUCE2mbHhoFJOnu0zT4eq9U1QvXvh548E7pjr52pCwmy3hhavTGyhWRN+TER6bSJZRtz8EMoSwyhhjjFnCMco6vKbAQBEWqbHe0TDtr1XXxtaiyt7iFwjVBfYxf+pOUhdytW4Mu6im+R18XK7C3zGpvC83HHWoIHawSyx5ock85W+J7LV0+VGYOoyj6CgAi13QEht2+7fTtFs2uE6i5OyDM87D50fdLercAjyA0y5TUm7a1Q+LzTIev4Vj2MbW4UIdYx6R6h+s0FdcqzMwZZlX2IgAi13YHAZOP76DQ5tNvPsZodreDQGirXXyz3D3gIyeVepCsESd2sTcak0Ap8YBfsYi7qykD0XE9sAMQ6Jp2tMBbqtchg3YSOQVNln4OACLXtQfHrpt7zOhX/jL2+v211pd0NBA72m99g9f/3J/uNqNbQrXu0z07AMTdkWIwQ472gonB9H3HHBs2hxxR3L205oQ5Z28iuc3v1F5qFgAh1FnzFXxyugemQh+K7K6uAe6vd3az9/72TbRiEE1prMQFDkDLX3LIa3br0tc8pY3Kquzck1KF5L7yBUDBS1qHYbuUi1Hb7Fs1e2d2V854JVRZq2/19S7uQUPsuT4+4DddRYwOSvE1cxLSBBXotYVn6YfOUubV9ZagOX9cde53XdbY3uHyH5j0FI3YGT4oAABSVSURBVG33v5FMcxFqMihVkRAoGoFbhIrguGo5DMTdoX7gQyzxQXZYj7QzlJy0/bcpViCkDSnvJiJ9jVAVjDQRUF32KAIiVI0IIbANBEJCHbLw3MXLb1inTwewxB4tyHWQ02UA0vBs3LHbZLy6t9ubF1g+TOyya4SqYKSJgOoyEarGgBDYIgL3CNWDhVgvhXjCbS2xN97fatc9Y/mf9QA+2ufwaTJjA5G8OtzFBEgNEXZMnw4R6s4u9GAkiN7Xd2PqUxkh8AgCsX8UwSYEhEDdCISEOnSIg7tkCRSCAKcQKghhpVKXp76rd0ogkteFu5c8lVA/btd+seVw3gvXdWOCr+oeBZI+KwIi1KzwqnIhUBQC/9uk8SMCXzpATL6OitvXCfXeHtS+ghAo5A1RkfquXn6fQog7uw5Lcs6chf6kPxgIjWvbrdIhTIrqQAlTNgJzBmfZmkk6ISAE+ggc7Avfi3q29xBnmHwt8Ufty2/qfphiUZ7sWto6Wg5dvWPP3g1li4kivtfj3DAQbOU3FSEeMXtt79Wv3zeOgAh14wNA6m8OgYtpzKlIJNZNcdGS9pa/2vKrLH/M8ou67yl/uoLSi+37/2AZK9br8boO9sYfgcZ3cwkLWSHEa7JcEfGRr9EF3X3eC88TnkP2MW2rzAYQEKFuoJOl4qYR2Jn27L3kdW/5Sy1/SSZEzlYv22F4/YTlz+3aeWCvuHohxKnpZBdiQZOnpotd6FuDwEMnI01FUtcNIiBC1cAQAm0hAHFBoPsu34ta/Xkr9386soNwDh3pOCqQIWQ2lLBQn9+14w+0p9wvWP6TwQXXzs4dgzyu2rlrnFjRPD2HeU/BSGPQV9koBESoUTCpkBAoFoF7BMpWEIjEM6T5bZb/XKdR/4AFyDN01Q5FBA+BgRxc64978zJvszffORO9nV3PI+bCp+FMqfJsF/lJSQpGmoKgrrmJgAhVA0QI1IUAxAVpeZBO3wKFQHGLQqAQSLi26Zoe7I0HJ+GG9SAdfqdeyMvTmBONIOmfDa79t/b+v1imvTkJmaiD1znJLVTWS13HuWu7c+TRtY0hIEJtrEOlTnMI7EyjV1uGSCGUIQI92/dkiPQSgQB1+vohxfsHLeAC/r1dPbEWKnJRZygf5Prblo+Wh4g9QtSHRXDPQvzUMyeBERYqJAqmJAUjzUFU1z6CgAhVA0IIlIfAW0ykr7G8t3yLQCGIqUTl1hraXyyzPunpV+zNH+k+xB52gMU3ZEF+s33/DVd+i0WeGwVIFX3nJK6HUD3pZKQ5aOra5yAgQtWgEALlILA3UXDF7nqTPkTgeSqB9rU8dG359yd7g6VK+iXLX9G9j3GJvtnKvjNo4F/b+2/sPl/slW01R8tTZU8RkIQ4YBgSauzNQh87fRYCgwiIUDUwhMD6COxNBA5A4JX0Pyx/v2XWIKeSUIxWoZXqhIMLFOLx4KKfsPd/+UZlyBweU+hrrhf73ve7/hV7/2ctH2KE6pXB1U394TrvhGoeXoJeIaH+Bfv8M1Mr03VCoI+ACFVjQgishwAEQ0QtpETCBYlr09cMc0sGWUEy4ZYX1ioJJPpjXeO3Tkrqr5uGZY92vZ+ShCVIW3w39gYBjHAlzw1IQh10DQk19ik6uftB9TeCgAi1kY6UGtUgAAkREAO57DqplybSEKwhUg1/h2CvWYfhSUPogD6UJ6FfSKiQ2aHLYzqL9VNImPrmJmRwQmV/reM/t15dLwQeIiBC1UAQAssgAJHy+DHWGz3QaE0iDbWGWE4B2fQRYd/qO3pfQnBOmOixtxxan+HvvlYJOfL9GCuVyGGCtLh2bgpd3Lcs77nt6PqNIiBC3WjHS+1FEYBEIFMnUqwjvoMk3KJbVKArjUH2yBW6gL3oW+2NBx5BnuG6aX/bDdecLPsBEb71xl23h0hld1aOp9UQgZwCJ4KbPI3ZXxsproptHQER6tZHgPTPiQDuVKJ2eSVBpJBWCmsrl9yQPttmeG5oPx3tC35/o+Xf3f14bZ/qj9vvHulL1C+BSaSzZYg1hiAp9y7Lu0TKhoQ6dBOQqBlVs1UERKhb7XnpnRuBgzXgpxHhEoVIT7kbTVQ/cobHD16r9qP2w7WD9iFOX68Mt6eAy94yr/fS0QpwMwKxpkghoaY4XziFTKqjIQREqA11plQpBgGsKly8JPZxQh4xFlkpCiCv3wwg0zOWP78nHHtLCa7C6h5KZ/tyiFCxcC+WdxGY4O7FAgbPFCkkVM19KRBVHY8goEGlASEE0iJwsurcuiOYJhUZpJXydm2QHofHe0IHXKSsreK+/ZYIMjxbGSfU/vF+1He5g43LkNKSdEJVQNKSo2lDbYlQN9TZUjU7AiGZ1r5GR3TtrkOMfal/zzLHC2JpxwQJhdbg43YNBOuJevns9Q91zN6+JPAp1Rzl9dGWApKy/xW22UCqwbpN9KS1EPgsAk6mta2XXuvDn7YfOIOXBLnyYHKCqXDz8orVeSvdW6+kDjC7FqB1tN9Srp9+j9X3jzuBdSC+/rlZEBChZoFVlW4MASdT1K7dMvWug9B8nynfMVfghv2QZY4UvEVKO/sdEvY0dCLR3n48dHlouLB+yvozcqRI77dKXtFVhIV9SVGp6hACIQIiVI0HITAPAaJ3fX9mK2QKIkTWhs9F9bVM//6W6xeyDPepXptnIDWs0H7AVo7109+wdr7Asp4wM2+86+obCIhQNTyEwHQETnapByC1RKYg0ifF0CK95/o92PUeJUw0MKQ5lAhOwuIFxzA5aaean2gfi5d0S57pI0FXCgFDINWAFZhCYEsI7ExZrDcnCtbmvrcxAPqRvuFeUt/6QtTvkOv3aN+7u/hWRC3EebDMa5hO9oE2+t9PhTj0IvyoVfI3plak64TALQREqBofQmAcAvuOTJnw2YPJpI+V1WLCFevHEPaJ0a3Ii5XBHRy6bc/2eWgP6hBGXAeWYWL9FQI/JQLVLWqqe53l9ySqV9UIgUcQEKFqQAiBeARCSweCgVT663/xtZVfMiRG9Ow/dcZ/D61XtAqJ+J4rHLLD9UtdJHfPpgoc6lva/S085feCJKwGARFqNV0lQVdG4GTt+3rpVvYxQnR+4hPw90luZ995NK//Fq5XDl3T78ZjR8C0ReJ13xFrii4/WCXhqU8i1BSoqo5BBESoGhhC4DYCWDhMyFijrewxje1zd+t6+aGTnyBE1kvPliGrkIRxie/uNEYbvpYK1hA07ZxihbxTjnrCc4mHtvAkakrVbB0BEerWR4D0v4UAEzzbP7C6hp752Tp6fXcpa8Wsl4aJMnzP3lQIFQLjPSnGkt9buaNlf8WtvrOcypV+6eT5TXtl24zmvNZH7Yr6aXCtCL6aLhqBkEzZasGEn2qSL1rxnnCQ5cuC74Zcpgf7HSv+v1p+YVA29hzes10DkXLzAglDsCnSzipxl/Qn7D2PpNOclwJZ1TGIgAaXBoYQeC4CItPPYuJk6d+8297wXT9Bih7Zy28x7l7KgTV7RHnlGrwBqdLeKvIDJj5l7/9/106q+lWPEHgEARGqBoQQeC4CbpVt2TJ1VCC6i2XfPsP3QxG4IXlRph/5OzTOWDv9McvPs+yWaUovAFavn2L1YXv/Ty178JPGvRBIjoAINTmkqrByBE4mP0EsItPPdmQYaMS3Q2uj/QCme+5eApmOlj9iGRL90xnGDfWH5xEPBVVlaFZVbhUBEepWe156DyHgZEoAEq7Hi2B6iEA/OAkCxEoNrUnHjvL/z/If6v0eQsl668Ey7mO8AdQP+aVO1BkSqrbMpEZY9T2CgAhVA0IIPIuAT75bjOaNGQMhYVI+tPaG3MLXXL4QKYT6pOW95fdaxgI+xwgxskyfUFMdFjFSDBXfCgIi1K30tPS8hYBP8iLT6yhhsfsB85QKt9D8sH1+Y+/SISsWAiVIKAw+uthnCDlH6hOq9qDmQFl1fgYBEaoGw9YRCANXnjAwTlsH5Ib+Z/stjOT98/b5cy2Hj3n7qH3+d5ZZhw4jgj2ad2ff+/oq2POZ1xwpJFQIvn90Yo42VeeGERChbrjzpfpnTvV5xrD4DsseESpohhE42NfhMX5DpTh8/gOWsWCJDHY366kj2dAVfLHv9pZ5zZFCQkWmV+ZoRHUKAUdAhKqxsFUEPHIV9yMRqhCA0n0EsPTCLTThFaGF72RGRPDZMlZs+CzSQ4c72OdKItRcyKreQQREqBoYW0TgZEr71hgm9MsWQZioc38LjVfT35ISRgZ/zAq9yHIYZQvJQni85kqQdsyDznO1r3o3hoAIdWMdLnUfrtfh2tU+0+mDYW+Xvsry51kmWMkjdfs1Qpi+beWn7L1bo37NbroIUVcip5+UdO2Ep6iKVEgIxCAgQo1BSWVaQcAtFpHpMj0aWqnhlpWTNX+2zGvOFBKqDnXIibTqfoiACFUDYSsIYBX5lg0m2vBQgq1gsIaebpVixZIgWdar6Y/cfUBbkDbtHNZQXm1uCwER6rb6e6vaMrFCplhJTOSXrQJRgN4QGzc0IrgCOkMipEVAhJoWT9VWJgJHE4u1PB09t37/+HrreX1RJIEQSIuACDUtnqqtPAR2JhLPxFRQyvp9g6cA7wCvSkKgOQREqM11qRTqIXCyz6zjQay51+wE/m0EDvbz3jKvSkKgOQREqM11qRQKEGDyZu1UEZ5lDAtubnD5eoBSGVJJCiGQCAERaiIgVU2RCPjpRwQiKa2PAP3BTY48Bev3hSTIgIAINQOoqrIIBA4mBafkKBCpiO54uG56tqybmzL6Q1JkQECEmgFUVbk6AkzePGqMc3qxiJTWR4B+4JQq35e6vkSSQAgkRkCEmhhQVVcEAsdu8tae0yK646EQ9En4Wo5kkkQIJEJAhJoISFVTDAKQKNZp+JiwYoTbsCAn05183jAGUr1xBESojXfwBtVj0oZUtVZXVudDpAfLl7LEkjRCIB0CItR0WKqm9RFgje6rLP8dy4okXb8/Qgk+bR8035TVJ5ImMQIa4IkBVXWrIYBFymPZOBEJK1WpHAQU4VtOX0iSjAiIUDOCq6oXQ4AJGzL9IsuKIl0M9uiG9lbyaJlXJSHQLAIi1Ga7dlOKHUxb9pyGz9zcFACFKwuRcqODS15JCDSLgAi12a7dlGKszz1h+bQpretRlhueneVjPSJLUiEwHgER6njMdEVZCJxNHAKQ5Ootq19cGta2/77lX7D8jjJFlFRCIA0CItQ0OKqWdRDA8pGrdx3s77UKkfpTft5l7/1c5XvX6XchUC0CItRqu27zgu8MAQ5w+CHLx82jUQ4A9AsEiteAfrmUI5okEQJ5ERCh5sVXtedD4NxVjRWkPaf5cI6tGYsUAqUvZJHGoqZyTSEgQm2qOzejzME01ZNkyuhuiBQCxRIVkZbRJ5JiJQREqCsBr2YnI7CzK+XqnQxfsgv9IA2e6CMiTQarKqoZARFqzb23Tdnfa2ozme87q2ibKKynNdi/yTKHaBwtK9hovb5Qy4UhIEItrEMkzk0EDvYrrt63dFaR4FoOAbdIPykiXQ50tVQXAiLUuvpry9JyvOCvWn6qs063jMWSuu+sMT/WEYv0vGTjaksI1ISACLWm3tq2rKzT4WrU8YLLjAM/H/krO4sUV7uSEBACNxAQoWp41IDA3oR8n2U9NDx/b2GRvt7yay1zE3PK36RaEAJtICBCbaMfW9eCwBcsJtbxtOc0T2+DL0TqNy2QqZIQEAIjEBChjgBLRVdB4M3WKmt4Ovw+D/xOpAR6YY0e8zSjWoVA+wiIUNvv45o1VCBS3t7DIuWGhUAvXmX958VbtTeOgAi18Q6uXD2spe+y/Ljlc+W6lCT+vrP6OZThICItqWskS80IiFBr7r22Zd+ZemyTeXc36bet7TLagSn7ePnfY5HqUIZlcFcrG0FAhLqRjq5QzZPJjEtS22Tmd55vgcHSxyI9z69SNQgBIdBHQISqMVEiArJO0/QKRMreXQ/oInJX66RpsFUtQuA5CIhQNShKROBoQrF2yqECcktO66HX2GVERz9pWQFH0zDUVUJgFAIi1FFwqfBCCFw6S4p9p0rjENhZcV8n5cbkPO5ylRYCQmAqAiLUqcjpulwIQKI8nk2nIo1DGPcuVj0nHB1EpOPAU2khkAIBEWoKFFVHSgQgAz08fByifsLRyS7DKlUSAkJgBQREqCuAriZvIuCEiqWlA9lvD5a9/cw6KftJWSe9aGwJASGwHgIi1PWwV8vDCOzsa/afni2zzUPpuQiAkR94wQ0IWCkJASGwMgIi1JU7QM0PIuCPatP5vc+Fh20wOndXfxwhUCACItQCO0UiPXyyzMXy05Y52EHpscf2BgLu3U9axioFHyUhIAQKQkCEWlBnSJRHEDjaJ49a3fJaKjcXBGmxJxciPWucCAEhUCYCItQy+0VSPfvs0y1vn/FTjnDv4gLnBkNJCAiBghEQoRbcORLtsU8bBpz0s98YFmyDgUDRndfLxvSXukKgSgREqFV222aE3hqhOpGyDQYiPW+mp6WoEGgAARFqA53YsApbIVQRacODWKptBwER6nb6ukZNWybUr7UOOVjmEPunZJHWODwlsxB4FAERqkZEqQi0FpSEPi+zvO9IlO0vRC8TcHQptRMklxAQAvEIiFDjsVLJZRGAeN5nuYZD8onIhTCxqEnI7t/t7D0ZAuVRdJDouXu/LKJqTQgIgawIiFCzwqvKZyDA2bQcZMDxgxDQ3ATBkSA33jv5eb3+PZ+9rP8GWYbf8T4sH8pGQNHF8q9ZhkA9852SEBACDSMgQm24cytX7WTyE6zz1y3/4QGSc1LrEyBE5yl8PwYOSBFCJHuCEENShCjD389jGlBZISAE2kNAhNpen7aiEQT1csufd0UhXKhOaE504ec+GULAlBv6HnJUEgJCQAjMQkCEOgs+XZwRAdysL7T8TI84Q0LM2LyqFgJCQAiMQ0CEOg4vlRYCQkAICAEhMIiACFUDQwgIASEgBIRAAgREqAlAVBVCQAgIASEgBESoGgNCQAgIASEgBBIgIEJNAKKqEAJCQAgIASHwO16HfoJqhAOsAAAAAElFTkSuQmCC', '', '0');
INSERT INTO `masterpiutang` VALUES ('MPU-2308110001', 'INV/20230731/0001', '1000000', '2023-08-11 16:27:17', 'emp-0001', 'emp-0001', '2023-08-11 16:34:38', NULL, 'emp-0001', '2023-08-11 16:27:17', 'data:image/png;base64,iVBORw0KGgoAAAANSUhEUgAAAdQAAAD6CAYAAAAY9raeAAAgAElEQVR4Xu2dbcwE3VnXS1Io0KoUTQqSpvtQEooSXyoqRsAtMcFYAiVC5EXjPgkErQaKRss3b6KJEFGKQIBC4lYghYRABTUSEt2afih8EIvEULRhkRcb+FAlvBkq5frBXHKeeWZ3Z3bPzM7M/k5yZffeOXNefufc85/rnDNnPugFBglIQAISkIAEbibwQTenYAISkIAEJCABCbxAQbUTSEACEpCABCoQUFArQDQJCUhAAhKQgIJqH5CABCQgAQlUIKCgVoBoEhKQgAQkIAEF1T4gAQlIQAISqEBAQa0A0SQkIAEJSEACCqp9QAISkIAEJFCBgIJaAaJJSEACEpCABBRU+4AEJCABCUigAgEFtQJEk5CABCQgAQkoqPYBCUhAAhKQQAUCCmoFiCYhAQlIQAISUFDtAxKQgAQkIIEKBBTUChBNQgISkIAEJKCg2gckIAEJSEACFQgoqBUgmoQEJCABCUhAQbUPSEACEpCABCoQUFArQDQJCUhAAhKQgIJqH5CABCQgAQlUIKCgVoBoEhKQgAQkIAEF1T4gAQlIQAISqEBAQa0A0SQkIAEJSEACCqp9QAISkIAEJFCBgIJaAaJJSEACEpCABBRU+4AEJCABCUigAgEFtQJEk5CABCQgAQkoqPYBCUhAAhKQQAUCCmoFiCYhAQlUI7CJlP5G2N8Me0nYz4W9N+wjwv5EK5f3x9+vCXtHtdxNSAI3EFBQb4DnqRKQQBUCiOVnh72hQzQvZfD2iLC9FMnjEpiCgII6BWXzkIAEugjgib6usWsI/b9GTPVQr6HnOdUJKKjVkZqgBCRwhgCeaIoonmnf8JaI+Kaw/9L3BONJYGoCCurUxM1PAo9HYBNV/vJGSPneN/xqRPyBsNeH/e++JxlPAvcioKDei7z5SmDdBPA+GdLdhbUXE52r+f+Jg28L0xtdd/9YZe0U1FU2q5WSwN0IXDsv+q8bId3freRmLIEbCSioNwL0dAlI4HdW2aaQDpkXfVech4DikR7lKIGlE1BQl96Cll8C9yGwaUR0F5987xt+phFQhnQV0b7UjLcIAgrqIprJQkpgFgTyeVFEdDugRM6LDoBl1OUSUFCX23aWXAJTEWBRUS4wGjKky7zovvFIpyqr+UjgbgQU1LuhN2MJzJ5AiugQb9TFRbNvVgs4FgEFdSyypiuBZRLYFN4o3/uEFFEWF/m8aB9ixlklAQV1lc1qpSQwmABeaHqkfU52hW4fSsZ5KAIK6kM1t5WVwPMIDBnWVUTtQBI4Q0BBtXtI4PEI5Grdp6j6pWFdRfTx+oc1vpKAgnolOE+TwAIJIJ54pLwm7dxqXZ4V5TlRN1xYYCNb5PsRUFDvx96cJTAVAYT0H4btzmSIiO4bO05VMPORwJoIKKhrak3rMjWB9PLmurJ1G0DyLS9dbHLXIoTU16JN3XvMb3UEFNTVNakVmpDAf4i8/nDYVzee3YRZn80KIf26sK63vCiic2kly7E6Agrq6prUCk1I4J2R158Ke2HYS8Pu7akyP/oUtmkxyK3/mBPFDBKQwAgEFNQRoJrkwxA4RE1fFfaysM+5k1gx7PwVYX8n7CNb5N216GG6ohWdAwEFdQ6tYBmWSgBBfXnYx4a9PWw7YUUQUuZH2yt23bVowkYwKwmUBBRU+4MErifAQp73hH1W2DHsT4eNPey7iTxYsfu6sFwUxbzot4d94wT5X0/LMyWwcgIK6sob2OqNSuADkToe4Wc3uTwbn/uRctxGuu0Vuwjp04h5jlQVk5XAOgkoqOtsV2s1DQEE9YfCPqPJjrlMNkSoFfBAcyOGTZEow8sI6aFWRqYjAQncTkBBvZ2hKTwuAQQVcfsLDYKvaoTuViIM5+L17loJvSX+3iukt+L1fAmMQ0BBHYerqa6fAN7j+8JKD/UWQc2XeCOmmwJfbgOIkI49P7v+VrOGEhiRgII6IlyTXjUBRO+nw8o51KGCmpvUs1K33IQhnxvVG111F7JyayOgoK6tRa3PVAS2kdF/DPuesL/aZNpXUDm3692jPjc6VeuZjwRGIKCgjgDVJB+CQArqN0Vt/3YPQT21wChfj4Y36pDuQ3QdK7lWAgrqWlvWeo1NoK+gbqIgXc+NIqDYceyCmr4EJDANAQV1Gs7msj4Cu6jSvwz7mrA3tjxUvNEvCHt92CcWVWdIFxF1P9319QdrJIEXKKh2AglcR+ApTsPzxJg7JbBZ/keFbYokXaV7HV/PksDiCCioi2syCzwTAninu7BjS0ApHvOieKG/EPbmmZTXYkhAAiMTUFBHBmzyqyGQj7jwnOg2LPfRLSvIit+vbER2NRW3IhKQQD8CCmo/TsZaNgGe8/wDYWxmzxDsMazPitpNxMsdi9ov6353HPv4MOZK39rg6fvYzLJpWnoJSKCTgIJqx1g7gX1UkGc+uwLH2NC+DKdEFCFmGPdQfLLl4GvCeB6VoKCuvTdZPwmcIaCg2j3WTKAU05+IivLuUjzVMhCHTe3TE90WB1NEiYN3W4ZD/KGgrrn3WDcJDCSgoA4EZvRFEGB+8/vDUhzbniPDtz/QCGy7QudEtC2ofzx++JwwPdRFdAsLKYFxCSio4/I19ekJIJaswM05T4Z090Ux0hNlcVGG34ovrMb91rC2J3qqBoc4gHAzP6ugTt/O5iiB2RFQUGfXJBboBgLbOBfPFKFjg3nEDjFFRBFQLFfn4ol+ZNjva/L73vj8vAF5I6iEJwV1ADWjSmDFBBTUFTfug1VtF/XFMyX8ctjXhr26EdFE0R7OLc8hDsO3fXcxUlAfrINZXQlcIqCgXiLk8SUQKIXx16PAH1YU+u2NSCKAXcO5vxK/v7iJT9xtzwofIx72FOaQb09oRpPAmgkoqGtu3XXXbRPV+ythrw3j0ZUMPxtfvi8MAe3jbTIs/HXF+S+N732eUSUOAl0K6lvi7926sVs7CUjgFAEF1b6xRAKIIHvoMv/JgqIPDvulsL8Y9uMDK8TipR8rzmkvYjqV3DEOYJQlzx/i4Q4sptElIIG5E1BQ595Clq8kwKIivMlNGG9ueUfYP20i4KUersSFML6iOZd0yxXAlwR1GxE+0ERSUK9sAE+TwBoIKKhraMX112EXVWS3I8SLhUX8zXDrT4exavfWodY3RRpfXmDs83+BCGMK6vr7nzWUQC8CfS4cvRIykgQqE2AoFhHFW9w0QvoUn/smH74z7MvjMRzvM+95qojXDPsqqJUb3OQksHQCCurSW3Bd5cfbRESZl0QkCV0v5SZeeqftXZCuJYJA5rBvH4+XYd4c4nXI91rqnieBFRFQUFfUmAuuCuKJt7lr6sCw7r4xhK4diJfPnD4T37viDMVBfrmJPt4uq33PBfLEtmEK6lDaxpfACgkoqCts1AVVCU+TucunpswIKd8Rt0tihjf59WF4szUCQ8vsspTh0iYP+diMglqD/nLT+CdR9L8X9hthnxbW9azzcmtnyQcRUFAH4TJyBQKIKJvKI2BfEsamCsyDsjDoqUf6pfDV8k4zW0Qy30ZzadhXQe3RWCuO8ilRt33YK4s61pp+WDG2dVdNQV13+86hdggorznbNiK6aRWKechd2LFnYfEAEORLgtczuedE4wKZw76UB8E+FTiOUa8UYh+buYb6ss6hvbkR/MJWsfFQ/1yYHuqy2rNqaRXUqjgfKrFN1JbhWlbIZvjQ+MJQ7HvC3h9GHKwd3tVceN4Wn1jf8PkR8a1N5FueOz2VX3vY90+euUCWHmqKvILatyWXF48bw28M+6KOojP18BR2y0rz5RGxxM8joKDaKYYSQEAR0t2AExnSTfE83HDhIQ3eHMNc62ZA/kOilsO+5+Zoj5Eotg2jTnjhfTeFGFIe496fwOujCMyV/v5WUeiH/B/Q/gYJvEBBtRP0JYCQvjPsRR0XFYSFkB7qf47v/z2M37nY1BgG20Q6PCpDeDZs37fgA+ORbg77Um681K7AMcR329QRQR1jGHpg8Y1ekQBt+81hr2qlOWTOv2JxTGruBBTUubfQfMrHoqFyN6HyfaNTlLIUur4b2F9Trl2clI/kcP6pvLoE1UUp1xCf3zmbKBIrvsvpjCzl0Dn/+dXOEo1GQEEdDe3qEj5GjXLjg38T3/962FRzRlzg0jsd2wtkrux9ReudenwGHtg27BCGh6qgLrvb0/b0r8/qqAbDu28IGzLnv2waln4wAQV1MLKHPIE79fKNLGN6iF2A9/FjDsOOsRipnWcKJL+fEkniEBTU5f9LIKRsLMJc6Yd0VIc+wAjNVDeQyyf6oDVQUB+04QdWG9HIl2hz6qVNDwYmfzb6Jo6mdzrmYqSyEHgi+Y7UUyt3HfKt2cr3SYu+xduKPvdE9iwyoy8c71M8c10aAQV1aS12n/KWokYJfj3sE8IQuLHDPjJI7/Qr4juewthhGxnkDQReSdc2hD8Rv78wjAUrhzCHfMdulXrp05//VdinnkiSm6inpl3r5WpKqyegoK6+iatVMB9ZyQTxGj897Fgth+cnxIUvvVOOTjnUnPvzkm/X/wkrnj8m7OWFoE4l+CMiX3XS26jdPwt7tUK66na+W+UU1LuhX1zGXIzKYV8qgPfGnGaNx2K6gOzjx/ROx16M1M7/ED/gdRK65m3zOP9D+X3Mx3kW12FmVODPjLJ8Q9hGIZ1Rq6ywKArqCht1xCrljkDtLMYQEi5+pXf6TPx9HLFu7aTLx4T6CuoUC6YmRLD4rNhZi7nwjzpRE+ZIaWduiAwSuJmAgnozwodKgNWQ+zB2KxpbVMknvdN77EBULkzqGsrlIowHyzA0w+F8V1Dn8e9wSUgZ7XgKO86juJZiLQQU1LW05LT1aG/ykLnXWv27jQTL4eV7CFVZhq5HZ1JQKRsXZwV12j7YlRs3QW8MO+WRKqT3b6NVl0BBXXXzjlq5XaRe7ihEZrXmVFOsSPPUYyujVi4SLzd4UFDHpn19+tzIfHIYu3h99IlkFNLr+XrmAAIK6gBYRn0egS5R5ZEa3srxD67k9bo4r3zR9z280yw6Nwi8H7VrQVSKfumhTrkK+Uq8izyNjUV4Zd8mbNvc7HRtC1hWLl/I8BQ/HhdZawu9OAIK6uKabHYF7hJVCnnu1WfnKsHFL7c4vJd3muVL0ewqR5eg+v9Up3silszTI57Y0KBHOpSY8asQ8AJQBePDJ8KWbd/UonDN8O9TpMEWcBnu6Z1Shn0YC6MU1PG7OCLKsC0jFAy3d4X/GT/yCrVTxxXS8dvJHM4QUFDtHtcS4MLHMBxhF7bpSAhRZYUswnQpcJHkMZm8WN7bO6W8T2EI/DlBZX5129S/i8Glej/6cW5Y4NzFjmHbHw37jbBPC2P4vSu4ReCj96KZ1F9BnUlDLKgYeBLMcbYvgFz8EJd/3lEXVgUjrOfCPg7mYzLEu3bIuCbKXSTGwqs+gsqNwKV5vZplW3paeKNPYV3eJrzfFfbKsNeeqei749hfCjsuHYblXwcBBXUd7ThVLVJgyA8BPTQXMy5o+zA80nLLvrJc740/2P+XOO2wiR/KTRzu8dxpF8Nt/MjjO5cElYs6gdWmhvMEznmkb41Tfy7s88LoE10hFxtxk8ZGIwYJzIaAgjqbpph9QXZRwnxMhrkqnvnrEscU1C+J438tLLfvo4LHMJ5VbV8ID614zzRx7w0Fj5PX1lFuylSGLDNeeb6t5BPvXeAZ57+NsrFrUZcX/4Px+/8tOHZV42fiR0R0H9bV72ZcdYv2KAQU1Edp6dvquYvTU0wRkKczySGWzK3m7kLso/rtYS9rzmkvVuJCW27igFiT31wCNwi/WJQ/y3WIL9ws5Bwqv1MXw3MJIKDMQzPn3g68sYf50U86A43RgX1jspXArAkoqLNunlkUjgthPhf6bI8LWyk0T00NmCfj91zEVIpqxs/KzsU7zfKkx93+X8kbBwW1u5tuGiHddRxGRH8r7MNP9HCfIZ3Fv76FGEpAQR1K7LHi413gPSKIXx/GMO+lwLAcC07a845dosqrtP5RkeDcvFOKdgxjdWn7nagptArqc3sEfYb27xLSS32HYd2nsLeFOax7iZbHZ0dAQZ1dk8ymQJtGTPkcInRcSBke5oLYFiFElYtlOa9aVnhu3illO4ThWSuo57smi4244eqaI73Uqelf+4b1pbgel8BsCSios22auxYM4cMz5eI4dMVtLuShAl2PvrQ91azoENGeEo6Cepo2bY2Q7sJo1yGBYV1GMzC90SHkjDtbAgrqbJvmrgXbNxdKngXcXnHBy+HQU3OuXHx5POLFRS2/NL6/+a617s4cQcWjbv+vPOqQb4ooc+ubK9qLqQBElJEKgwRWRUBBXVVz3lwZLpAI21eG4UFw8TxekWq5YOep4/zSi83DeCkI8NwutArq7zXgt8XXL76iP7jI6AponrI8Agrq8tqsdokRUTYi3zUCmunfslNRitCpR2z2kUm5K1Lmidf36jAEeS7hkqByEwA7wnYuhR6hHDz68jQwXUY40ht1WHcgPKMvj4CCurw2q1ViLv65GXmZJnun/ouw77oho2Oc+4qwLkFluLfcs/dH4m881hc1+XHhfU3YXET1EGVhyLdcMFV62GxUwWIcAkzXGHZRqXwOuU/9mA9HSOfShn3KbBwJ3ExAQb0Z4eIS2ESJ2bGGObAMLDzah9Uabi3nF59ahBAf8s+Ah8c7VLkIz1FUYYIHX3rs2/g7N6NA/LOO/L62sIsK9RFTHnlBROlHeqNr6wXWpxcBBbUXptVE4sLP0B1hrFWWm0gbD5TQ5aEe43e8VwIXYeITEPjyxeLEQ8TufXFGJPDkH01QaRf21j23P3HOje4j3qFpRz+eTwCW5Q0YfduwQgIK6gobtaNKDFHiZfBJYJOGp5HEatu6eJQX2vIY5cjtCbPIu6ac+TdDhniA9xRVOHETQjmyLu06EofA70sPOZ9ejmC068Tc6L6xe7bNUlhnH6K8p9YVLKUulvMMAQV13d2D+cp8TRY1xSPcFcIwRu3Li0d7YRMX4XIxEpsltC/IlK8cYry3qGZ91iyom6afwJ4+0xXYvP5bwvDYj2N0nBWnCd9DU7+t/Nbb0grqetuWiyOeFf/MhDG90pJizjnyW9m/KEcOBXOMOVPK2BVymDWP7eMLc633CE8Nx7UJKsKJN8qcdo5cnOL7PXHg8+8B3zwlsCQCCuqSWutyWRGt3LmG74S3NxfNqVZc4nGy9205P0o5vjrsjUUVSoHqqtm+qUse67uX8GVKw2I8RXRuTFjNm4u2tvF9qYuSKDt9hCHdU95oSag9LD+MnrEl8EAEFNR1NDYXx7xIZo0QUsTgMGEVN5FXeqHlloVcuH8p7IVNWdpie6qI+6ZeeRwvld+mDLkquZz7QpSWJKi0S/tGq82QldYf1vrxHrynbFvzkkBVAgpqVZx3Sax84D5XXTJkOpVHWlZ6F3/k/GcpQO0h3L8f8b62J61SVPF+8WynrFvWaWmC2mdIl8VFDOfyIvg/opj27JFGk8AJAgrqcrsGF0zEC+/018K+IYxh1XuuuizFL4d0t1Gm9Oag/VNhHz8AO/U8hOW7VHmX5kdPWM8s/1IElXlR+gQ3Al0hV+gyfA1b2qY99KtnOqCDGlUCSUBBXWZfYBEJz2xuwvBKuehP6bWdonaMA/mM6TPxnb8PYew0lOGaLQ254P942MubRKgr6UwRYIvozFlQ6Qe56xXf24HhdwSUtqBNCPShtpjSlxji3k8B1jwksDYCCuryWnQXRWanIUQGbwNvJC+S96wN5XlfU4CcI6Ws5SMwtywsQqjZpvBlTR4IBAuFxg7bRnjKVcn5G3njiT81heD3qcImMspVunxvB8p7CINTe9RiF79lH8rz5nRjNhVD85FAVQIKalWcoyaGYHER5GJIQEy3HRfLUQtxJnHKleKJR8TfLFDK4UQu2Jsby4tXdQhjFTHhFoHuy4k8fyyMRV7wJvB5j0VJOS8K2yxL1oObGNggoNipQB/CCy2DYtq3NxhPAmcIKKjL6B6bKCZDvFzcCaW3NJca7KMguWkDj1pw8WfBVIbysZNbyryLk0uvd4r5vg9EnvcU1FPzotxUHcJgf2nIv31Dlm0wtxuzW/qG50rgrgQU1Lvi75U5Q7oISHp6c30u8BhlzPnT18b3f1vUrhSjXpW+EAkPq9xgPxdA1Ui7K417CCo3T/ko1KbFMr1QmPcJnF/ekOU5tAv9qz0k3CdN40hAAi0CCuq8u0T7kZhdFPfccN69asMFu9wF6d/F33+5KMw1C5Eu1WXfCA7xEIQxH6dBUAn5/0J93x32K2F/MOzQHN9eKvSF46TbfjdtPgpFHl3zoZeypEyIad6QZfw5jnJcqovHJTBrAgrqPJuHix8XwbxAz32Oq/QY3xPlfmWBtVwdW5v2PhLMYeZjfEe4x/C2SBvvO/9fcl6V+rAfcd7kZHsNqSdtjUf/uWF4i4QcyiXdw5DEWnFZ+fumjvPHbJMbiuupElg2AQV1fu3HRbn0KJYwx8VFm4s34VfDXtx8Z6EM4jOGyJEFYoTg5DOqzCPiqdbOjzx49Cf/X3bxnWF48kFQOU7YNp99Psp5UVZH/6ewHMq9tfyn5kt9LKZPyxhHAlcSUFCvBDfSaeUQL1ksYViu9NZ4I0m+JJzy11qIdA53W1T3EZmFSjUDgomg5lwtniQ3PdzsUH+OE7YXMuV4zotS7nw+9Jqh3FNZUR7Ens8ycHNDubnpMEhAAiMQUFBHgHpFku0hXpKY6+KjdvVK77Q8Vnsh0jmsm0Yo8nGa2kOaT5E+NzspqDnEnXU8NIXbdhQSYSsXF3FOeqLHK/rKuVPyVX30p3ZbIKa3er6Vi2tyElgXAQX1/u3JRbgc4mVYjotfXqTvX8LTJeDCzTOam1aUGs+cDq13eoopqjW946coDIKaNzn59ylBbYsonuy+EdLaIgon2gGvlH7TDlM8qzu0rYwvgVUSUFDv26ztIV4uvLuwpQzLUdbymdCkWVPMhrTQNiLnhgt4Y7VW/uYQb3q+KagpVofI60PD3tq0H4LKECue6H7k9qTOtMGmBYqbGtqHMhgkIIEJCCioE0DuyIKLX/u5QOZLGUpc0rAcF2sW15Sh9nDr0BZCRFLkj/G9xspfBLLcLSmHuRFUHhf6x2EvCZtKRJNJ+4Ysf+fGjJsA6m+QgAQmIqCgTgS6yIYLXblRA4eWMl/apvWT8UP55pi5LKIqRfW/RRn/aIVm5llURg7wvr8j7FOaNPEEeQPOe8PaC4EqZNuZxKbpQ9uOow7xjkXddCVwgYCCOl0XYZ4LjwIvNMOS5kvbpL44fvi24sefje9/LGwuHva/j7J8RlO+W29YELB3hH1Mk97745OXpfPKvC8LOzS/dwlc7R7WdUNGHkvuS7UZmZ4E7kJAQZ0GO55L+1GGJTxfeo5ODnsSB+/tY8OO0+Dsncs7I+afbWIz9DtkbhoRzWdFEcrfDPvgsC8N+8Kw8jGaqQS1a2N7qsfiKFfx9u4WRpTAOAQU1HG4lqnu4o/2q7LWMCyHyPxgIzLU8bvHRzk4B0QREWXlL5+XNn1IEaU+3ATh9TFPjPF3PjrzFN+nFFTK1bUXL0DuPWc9uFE8QQJrJaCgjteyDPGWr1sjJ1dejsf7VMq5QpfjXaKKMBIHQ7hyYdGhEdJMN9NhDpVhe85Lr5e4hO0I1Ts1xOtGDSPANkkJ3EJAQb2F3ulzTw3x7pqL+ji5muopAuXw9H+NSN8c9mcaEeXGh+F3RHF/pn0QSx7JwSNE5NjuMP9/OJdAnJrh1CpedliiL81lvrpmnU1LAosloKDWbzoudO0h3iU+ElOfzP1S5AbnW8MQ0Qy8EeeHwxjOPfYoGmnw6AyCitARxhJURP7URg0O8fZoLKNI4B4EFNS61LkIIqhluHWFad0SPkZqm6gmQ7LbxvibIdJfC/uEBkGfOdU2LRZfpaCSHukSDs0n+d0aEFM8YQS8DK7ivZWs50tgZAIKah3AXRdBLoBcYIesLK1TmsdMhRW58MZyQRFCh5Ve6D7+Zm9dwlBRRVBZUMaeuaysJS8CeRDy7+bPwR+Um8VHm9aZbtQwGKUnSGB6Agrq7cy5COJRIKoZvADezvVSCumBMp+Z3hxzi4gkAnruRobjucPT/4rvvAy9z40PgkoenMsneRMOzef2UqHPHO/qR0R3uuAGqJ4qgSkJKKi30d7F6V3zpfxuqEsgBRThQbi4gekroF0l+R/xY/ki9H38zfD8uYU+iO7PhyHA5VzmrYJKf+naE9n50rp9yNQkMCoBBfV6vF0P2T8byXFhNtxOAOEsvVCG0BEuDGFLEbs2p1fEiQhyvpycdBBT2hAPtiuQ5x8KYyvDcqOIbXNuHy+3ne4ufugSU/vStS3reRK4EwEFdTj4rhWYzpcO59g+oxRQBIq+ibAhYgjVNWLVp1QI2lMYApvhTfEFb7UdKMurwmrt20vebTF18VGfVjOOBGZIQEEd1iibiN7esYb5Ui6MY13wh5VwObFhmQuJEFP6YnqeCNeUPLlJegpjsVEG8n9NWDkETLl49ObNYW+4ETV5Idxl8MbsRqieLoF7ElBQ+9PvWjTCSk8Wppybd+ufw7pjbqJ65aMs9D0EKu04g+rTlvuwfEk5ZWJnpBR3Nsj/881vp4aF+1QDMWbKQDHtQ8s4ElgIAQW1X0NxoW2/co3Vl7t+pz9kLASU+UnYbcNyCBdxQozmehPCjROiWs6tPsXfLBCi7Pz+0hvK37X7Ec+0wuj4kD3FSktgJQQU1MsNiWi257ncrOG53BBP5iARI4ThmbBfDGM3IoRzzgLa1QMYAqbMeNQZELsXhXHswy93m84YXZ4pYgq3ud5gXFlVT5PA4xFQUM+3edubYI6Li+L+8brK/6/xJr7hpaV44q0RDmGITs6DrgERbf0UlkPA1Indlngv6lAB3MU57Rszn1deQy+xDhJoCCiop7tCexvBR1wwgu3uGP0AAAbsSURBVHjipfG5DcPzRDRTPPP7mv+hqDuLh3IjCOqK98rcat9wSkxhOlSY++ZpPAlIYGICCurzgTOk196Y/BFW8uJx4nmmeHKxZ9EVHmd6nQjoo4bPjIp/Z1h6q/v4fmkjCFh1ialzpo/ai6z3qgkoqM9tXsS0vTE5Yoq4rMmTQDTLYVvElIt8CmeK6Ko7/xWVg9OhEFW+82jNqXBKTJ0zvQK+p0hg7gQU1N9rIUSm/YzpGt472RZP/i6f+VzTnOcU/29tUWWzfOZa24F47T2eH3HaYIo2MQ8JzIKAgvq7zcDFr/2WjyU+FsN8J3VBNPlMz/MY3w9himedf7vXNf0lU/uC+PLdRdKKaR3OpiKBRRFQUH9XdNqexCmvYw6NS3nzERWGqFNAEVHmPBHPct5zDmVeYxngnNsVfkt8/1tNJWkHXkRO22TQM11jD7BOEmgReHRBZaiOR2PKi9+z8ff+Tj2FcjC3yScXZj63TVnykzld5nMPzWeK55rmeO+Ef1C2XxSxWaSUIR8f6no5OCuC3zYodSNLQAKLI/CogsqQHUKKd5dhzGdMUxzxaEqxzPw5jhFSMI/xvcsW18lWXGBuYnLVLzc2Hxf2klZ973mDtmL0Vk0C8yPwaIKKmCGk5SISXhr9y2G7sFu9CAQyvcxtI5IIJWLN71x0CXxyMcbyt8P8uoclukDgqelPp6K5o5ZdSAIPRODRBBXRKreTu+b5UgSynMNEOHMuk65TzmMeG8Hk07A+ArQ7farc9zdrucRFbetrIWskgQkJPJKgMszLSl4CXuE7w3ivZQYujniMfOac6qY4nt5n/pTCiVhyUS29zQmb0KzuTIC+sgv7u2Evb8rC41b0N4MEJPBABB5JUBnavRTY3ACBzMD3/Du/53DtpbQ8/ngEEFbC/vGqbo0lIIFHElQ8hk8P+76i2RVH/wckIAEJSKAKgUcS1CrATEQCEpCABCTQRUBBtV9IQAISkIAEKhBQUCtANAkJSEACEpCAgmofkIAEJCABCVQgoKBWgGgSEpCABCQgAQXVPiABCUhAAhKoQEBBrQDRJCQgAQlIQAIKqn1AAhKQgAQkUIGAgloBoklIQAISkIAEFFT7gAQkIAEJSKACAQW1AkSTkIAEJCABCSio9gEJSEACEpBABQIKagWIJiEBCUhAAhJQUO0DEpCABCQggQoEFNQKEE1CAhKQgAQkoKDaByQgAQlIQAIVCCioFSCahAQkIAEJSEBBtQ9IQAISkIAEKhBQUCtANAkJSEACEpCAgmofkIAEJCABCVQgoKBWgGgSEpCABCQgAQXVPiABCUhAAhKoQEBBrQDRJCQgAQlIQAIKqn1AAhKQgAQkUIGAgloBoklIQAISkIAEFFT7gAQkIAEJSKACAQW1AkSTkIAEJCABCSio9gEJSEACEpBABQIKagWIJiEBCUhAAhJQUO0DEpCABCQggQoEFNQKEE1CAhKQgAQkoKDaByQgAQlIQAIVCCioFSCahAQkIAEJSEBBtQ9IQAISkIAEKhBQUCtANAkJSEACEpCAgmofkIAEJCABCVQgoKBWgGgSEpCABCQgAQXVPiABCUhAAhKoQEBBrQDRJCQgAQlIQAIKqn1AAhKQgAQkUIGAgloBoklIQAISkIAEFFT7gAQkIAEJSKACAQW1AkSTkIAEJCABCSio9gEJSEACEpBABQIKagWIJiEBCUhAAhJQUO0DEpCABCQggQoEFNQKEE1CAhKQgAQkoKDaByQgAQlIQAIVCCioFSCahAQkIAEJSEBBtQ9IQAISkIAEKhBQUCtANAkJSEACEpCAgmofkIAEJCABCVQgoKBWgGgSEpCABCQgAQXVPiABCUhAAhKoQEBBrQDRJCQgAQlIQAIKqn1AAhKQgAQkUIGAgloBoklIQAISkIAEFFT7gAQkIAEJSKACAQW1AkSTkIAEJCABCSio9gEJSEACEpBABQIKagWIJiEBCUhAAhJQUO0DEpCABCQggQoEFNQKEE1CAhKQgAQkoKDaByQgAQlIQAIVCCioFSCahAQkIAEJSEBBtQ9IQAISkIAEKhBQUCtANAkJSEACEpCAgmofkIAEJCABCVQgoKBWgGgSEpCABCQgAQXVPiABCUhAAhKoQEBBrQDRJCQgAQlIQAIKqn1AAhKQgAQkUIGAgloBoklIQAISkIAEFFT7gAQkIAEJSKACAQW1AkSTkIAEJCABCSio9gEJSEACEpBABQIKagWIJiEBCUhAAhJQUO0DEpCABCQggQoEFNQKEE1CAhKQgAQkoKDaByQgAQlIQAIVCCioFSCahAQkIAEJSEBBtQ9IQAISkIAEKhBQUCtANAkJSEACEpCAgmofkIAEJCABCVQg8NtBnGBVSCzAVwAAAABJRU5ErkJggg==', '', '');
INSERT INTO `masterpiutang` VALUES ('MPU-2308120001', 'INV/20230801/0001', '900', '2023-08-12 21:15:30', 'emp-0001', 'emp-0001', '2023-08-12 21:16:24', NULL, 'EMP-2304040001', '2023-08-12 21:15:57', 'data:image/png;base64,iVBORw0KGgoAAAANSUhEUgAAAdQAAAD6CAYAAAAY9raeAAAAAXNSR0IArs4c6QAAF7pJREFUeF7t3QvQdVVZwPG/chHiDmLlICqJeCEUSZSEAJskIRDiIiIaaGIiFAkSqANiaBgiqSFEIcolUhmFFMlMobQLDoiKmDYYAQVCWNycvCA0D63ztXkv33vec57znrXO/q8ZR/u+vZ/9rN9a8LT32Xutx2BTQAEFFFBAgbEFHjN2BAMooIACCiigABZUJ4ECCiiggAIJAhbUBERDKKCAAgooYEF1DiiggAIKKJAgYEFNQDSEAgoooIACFlTngAIKKKCAAgkCFtQEREMooIACCihgQXUOKKCAAgookCBgQU1ANIQCCiiggAIWVOeAAgoooIACCQIW1AREQyiggAIKKGBBdQ4ooIACCiiQIGBBTUA0hAIKKKCAAhZU54ACCiiggAIJAhbUBERDKKCAAgooYEF1DiiggAIKKJAgYEFNQDSEAgoooIACFlTngAIKKKCAAgkCFtQEREMooIACCihgQXUOKKCAAgookCBgQU1ANIQCCiiggAIWVOeAAgoooIACCQIW1AREQyiggAIKKGBBdQ4ooIACCiiQIGBBTUA0hAIKKKCAAhZU54ACCiiggAIJAhbUBERDKKCAAgooYEF1DiiggAIKKJAgYEFNQDSEAgoooIACFlTngAIKKKCAAgkCFtQEREMooIACCihgQXUOKKCAAgookCBgQU1ANIQCCiiggAIWVOeAAgoooIACCQIW1AREQyiggAIKKGBBdQ4ooIACCiiQIGBBTUA0hAIKKKCAAhZU54ACCiiggAIJAhbUBMTKQzwLeAJwf8nzuk6+awE7AZsA6wLrA58Hbq68T6angAIKVCdgQa1uSMZO6H3AfwO7AhsAOywQMf4+/m7NRa72EPAXwOnAV8fOyAAKKKBADwQsqLMzyG8HjgI2S+zST4BzgD+zsCaqGkoBBWZSwII6G8P6MeDACXfls8CNwL8BH5jwtQyvgAIKNCdgQW1uyOYlfBhwfudP/7MUvn8B4vfSeKz7zfIb6guAHYF9gPvKb6X/BdxQzo/fUrcDtgc2Wg3N9cCby++t7QvaAwUUUCBBwIKagDjFEFFMzwA2BT4OHJSUyxrArwL7AS8E4sWmhebKh4A3AfcmXdcwCiigQLMCFtRmh44NgVvLnWTcZWb+djpX5cnAr5Q3guOt4GfOuSOOonpRu5RmroACCowvYEEd33BaES4GDikXj5eRzlrBROKuOIpot8Xvq3sBt6xgHl5KAQUUqEbAglrNUCwrkQPKI9446d3ACcs6O+fgeAz81k5RH0T9CBCPom0KKKBArwQsqO0N99rAt4GnAGcucKe40j16BXAS8IzOheMu9S3An690Ml5PAQUUmJaABXVa8qNf95hSSL8C7NZZAWn0iOOfGW8EvxN445xQ15aC/8XxL2EEBRRQoG4BC2rd47NQdnF3ukX57vQzlaUfLyvFXfMec/K6ADgWuLuyfE1HAQUUSBOwoKZRrkigbcs3o5mfyEwi8deWO9af7gT/HnA0cMkkLmhMBRRQYNoCFtRpj8Dyrn9keZt3Wi8iLSfb+Kzn1FJEu+ddChxR1hteTjyPVUABBaoWsKBWPTzzkosF619evgn9m0ZSf15ZySlWYOq2eAT83kb6YJoKKKDAkgIW1CWJqjoglhCMt2ljZaR7qsps6WT2L7+vPqlz6BXAiZ2lD5eO4hEKKKBApQIW1EoHZoG0Yp3du4B/BbZpJ+1HZfp44BQgHl0P2gPA4UA8CrYpoIACzQpYUNsZuj2BuKM7F3h9O2kvmOnu5W71OZ2/jUfYsRZx7NVqU0ABBZoTsKC2M2TxnWcslnAoEMsOtt7WBWIP1+M7HbkJ2LfsltN6/8xfAQV6JmBBbWfAvwrEHd3TgO+0k/aSmcaWcrFc4eAx9v3Aq4DLlzzTAxRQQIGKBCyoFQ3GEqnExt5bArH04IPtpD1UphuUNYnf0Dn6tPLC0lABPEgBBRSYtoAFddojMPz1Y6nB55YNwx8a/rSmjtwb+FNgsCDEp4H4M5sCCihQvYAFtfohWpXg18pj0fjt8eF20l52prHo/4eBXcuZ/wi8Erh52ZE8QQEFFFhBAQvqCmKPealYwzc2+l5nzDgtnB59jO9TYxebaLHXaryMFb8j2xRQQIEqBSyoVQ7LgklFQd0MiG85+9LiLeBY/zcWsrijbGB+fV86bz8VUKAtAQtqO+N1W3nUGy8m9anFm83nA9uX1aH2A67uE4B9VUCBNgQsqG2MU2T5XeDehldJGkf6icAZwMElyCHuWjMOp+cqoMAkBCyok1CdTMzYS/Q/yreok7lC/VHjEfDJJc3XlDvX+rM2QwUU6IWABbWdYY6701jHNx599rnFI98LgfUAv1Xt80yw7wpUJmBBrWxAVpNOrCB0A/CL7aQ8sUxfXFZX2gJ4R+eudWIXNLACCiiwlIAFdSmhev7+PuBbwI71pDTVTLYCPgfEf78POGaq2XhxBRTovYAFtZ0pcCsQd6nPbifliWf6U8CHyqbrsR7wYRO/ohdQQAEFFhGwoLYzNeI71McBsZKQ7dECsQjEu4Dryh38rC7N6LgroEDFAhbUigdnTmpfAp4HxF2Zbb7AXuVu9RZgD/dVdYoooMBKC1hQV1p89OtdULY1i4Xj7xo9zEyfuTUQG5XHG9EvB/55pntr5xRQoCoBC2pVw7HaZE4pa9vGW76xYLxtYYF4JH5lWa5wH+AaoRRQQIGVELCgroRyzjVeBlwGHAmcnRNyZqNsDHwBeDoQ363G28A2BRRQYKICFtSJ8qYGf2pZ2OE84DdTI89msHiB63Igvlk9FvjAbHbTXimgQC0CFtRaRmK4PO4E4j/bDXd4749as2xYHp/TvAE4p/ciAiigwMQELKgTo51I4Ljj2hvYEHhgIleYvaBrA2eVu/ojSoGdvV7aIwUUmLqABXXqQ7CsBAbfW8ZjzKuWdWa/D34sEI/K4071Jf6m2u/JYO8VmJSABXVSspOJG2/4/r2Lwo+Eu3n5TfVZwA7Ad0aK4kkKKKDAIgIW1LamRrxoE99Yxmczu7eVehXZ7glcAXwZ2Bn4cRVZmYQCCsyEgAW1vWGMR727AOsDP2gv/aln/J7y1q+71Ex9KExAgdkSsKC2N56xGPzhwKHAxe2lP/WM4yWlb5Q1keNt6djBx6aAAgqMLWBBHZtwxQPEQgWfKJ+AxKcgtuUL7F/2U42lCZ+//NM9QwEFFJgvYEFtb1ZsCcQC8DcBsXatbTSBS4CDy+bk8fjXpoACCowlYEEdi28qJ68F/Ah4GPjZstDDVBJp/KJPK+v8rgf8UnlRqfEumb4CCkxTwII6Tf3Rrx2/+21TFiuI7yttowmcCRxT1v395dFCeJYCCijwfwIW1DZnwmeAlwKXAge22YUqso7PkK4HnlG+TY3/bVNAAQVGErCgjsQ29ZNiofejyr6osT+qbXSB+B31orLoQ7ysZFNAAQVGErCgjsQ29ZNeB5xbsoi3VK+dekbtJrAOcCOwFbAT8E/tdsXMFVBgmgIW1Gnqj37t3Tpr+R4HnDF6KM8EDgA+WpZ1jBeUbAoooMCyBSyoyyar4oR4u/f2ksmVQCypZxtdIP45iDWS4w711cCFo4fyTAUU6KuABbXNkY9xu68sP/h9YDPgh212pZqsdyy70NwNPNtlHasZFxNRoBkBC2ozQzUv0Xgj9bnlT+Mx5Rfb7Uo1mcdj34OAdwJvqyYrE1FAgSYELKhNDNOCSQ7+5R9/+fvASe12pZrM48WkLwEbAT8HfLeazExEAQWqF7CgVj9Eiyb4VuDU8rf/ALyo3a5UlXl8jvR+4HzgtVVlZjIKKFC1gAW16uFZbXLxzWQs7BAtliHcFLin3e5Uk3m88BULZzwHiM3I3Y2mmqExEQXqFrCg1j0+q8tuW+CGzgH7AJ9qtztVZR6fIp1edqQ5rKrMTEYBBaoVsKBWOzRLJrYmcD8QCxNE+yDwxiXP8oBhBDYAvg78DPB04LZhTvIYBRTot4AFte3xj3/p/3zpwtc6b/223as6sj8eeDfwFuAP6kjJLBRQoGYBC2rNo7N0bh8pCxEMjnwS8O9Ln+YRQwjEgvnxKVI8BYit3h4a4hwPUUCBHgtYUNse/N8B/qjThUOBi9vuUlXZfwLYD3hxZ6nHqhI0GQUUqEfAglrPWIySya7A1Z0TLwEOGSWQ5ywo8C7gxPIJzWs0UkABBVYnYEFte36sVx5JDsbxDuCJbXepquw3Ab4NrAXENnk/qio7k1FAgaoELKhVDcdIyXSXIIwA8f1kvKxkyxGIT5PiE6XYNzVWp7IpoIACCwpYUNufGGcDv9XpxpuB97TfrWp6cB4Qj3tjN5qdq8nKRBRQoDoBC2p1Q7LshOLOKX47HbTPAS9ZdhRPWEzgCcBNQHybGtvkxXZ5NgUUUGCegAW1/UmxOXAnMBjLB4GNgdjWzZYjcGy563fv2RxPoygwkwIW1NkY1ljUYbtOV14G/OVsdK2KXsRdauxCszWwG/C3VWRlEgooUJWABbWq4Rg5mT8E4rfTQftj4OiRo3niQgLhexrwSeAAiRRQQIG5AhbU2ZgT8ZvpZztdiX084/OZ2IXGliMQO8/EG9VrFNu7csIaRQEFZkXAgjobIxnfSX6vvDgz6FGs8fuN2eheNb34O2AXIHagiWUfbQoooMAqAQvq7EyGy4D47XTQfg+IR8G2PIF45BuubkSQZ2okBWZGwII6M0PJ64BzO92Jl2jibsqWJ9Bd6nEH4Ct5oY2kgAKtC1hQWx/B/88/9u68vfP5zI+B2H0mPqmx5QkMHvvG1m4n5IU1kgIKtC5gQW19BB+d/9zPZ14NXDhbXZx6b04HjgN+AKw79WxMQAEFqhGwoFYzFCmJ/HZZgCBeUop2ObBvSmSDDASOBM4q/8fuc3b7UUkBBXosYEGdrcGP30zjkeSgxWPfzcqONLPV0+n1JhZ2uKpc/hTg7dNLxSsroEBNAhbUmkZj/FxiPK8Dtu+EeinwV+OHNkJH4FogXkqKzdxjU3ebAgoosGr9VylmRyDe9I03fgftIuBVs9O9KnoSd6hxpxr/z8svVJGRSSigwNQFvEOd+hCkJ7AX8OlO1FjRJzbHtuUJxGPek0s4f0fNczWSAk0LWFCbHr4Fk48Xku4D1un8bTyWjMeTthyBbkE9HPhwTlijKKBAywIW1JZHb/HcY8GB7u+occe692x2dSq96r6Y9Po5C2pMJSEvqoAC0xewoE5/DCaRwfFALDwwaLGmb6zta8sR8E3fHEejKDBTAhbUmRrOVZ2JcY0iGjukDNqWwG2z2d0V79WewBXlqmcD8W2qTQEFei5gQZ3dCfAbwHllu7Hopasm5Y11WA52m4n9UX89L7SRFFCgVQELaqsjt3Te2wDf6hz2UeDgpU/ziCEE4s7/xnLcp4B9hjjHQxRQYMYFLKizPcDvBY4G1gTuLhtjx+pJtvEENgTuLSFuBrYaL5xnK6DALAhYUGdhFBfvwwuB2MZtjXJILEIQixHYxhe4B9gI+D6w/vjhjKCAAq0LWFBbH8HV5x/fpMbCDhuXw44F4q7VNr7AN4FnljCx60zsPmNTQIEeC1hQZ3/w4+WZeIkm2tVArOxjG18gfkMdvEW9AfDA+CGNoIACLQtYUFseveFyf35ZHH9T4Idl95l4TGkbT+AOIDZ1fxhYG3hwvHCerYACrQtYUFsfweHyvwbYsRy6B/DXw53mUYsIxD83P4FHNpdwrWSniQIKPCJgQe3HRDgBOAmI3/pic+yj+tHtifVyi84iGbGVWzwFsCmgQM8FLKj9mADblo3HNwFuBZ7cj25PrJexjOPXS/RYMenXJnYlAyugQDMCFtRmhmrsRC8AXgk8FngB8OWxI/Y3QHct33h8Ho/RbQoo0HMBC2p/JsBxwKnA44DTgBP70/X0np4DxC4z0W4BnpJ+BQMqoEBzAhbU5oZs5ISfCsTvffG2751l1aSHRo7W7xO7+6HG79PdnX36LWPvFeixgAW1X4P/wXJnFY99dy2/q/ZLIKe3VwHx2DdafNcb3/faFFCg5wIW1H5NgO3KtmPxluplwH796n5ab+Pb00Hzn6E0VgMp0LaA/zJoe/yWm32sORu7o8TdVSxEsDkQa9LahheIpRt/txx+JvCm4U/1SAUUmGUBC+osj+7CfYtvUOOlpPXK96jxXaptOIHu271xho97h3PzKAV6IWBB7cUwP6qTLyp3qfFN6k3A1v0jGKnHOwPvB7YvZ8euPbF7j00BBRR4RMCC2s+JcCmwf+n6ycA7+smwrF7Ho/LuAg6nAPG2r00BBRSwoPZ4DnwS2Lf0P/ZL3aXHFsN0vfuZTBwfO83E6lM2BRRQYJWAd6j9nAzxctLtZW3ft/kd5WonwdzfTePgPYEr+zl17LUCCiwmYEF1biiwuMCBwMfm/HWskHSuaAoooMBcAQuqc0KB+QLxne5OCxTTjwMHCaaAAgosJGBBdV4oMF/gT4Aj5vxx/G4anxy5KpIzRgEFFhSwoDoxFJgv0F0JKf42imgs2xh3qDYFFFDAguocUGBIgfje9OhybPxeOthZZsjTPUwBBfoo4B1qH0fdPg8jEG/3/g9wzTAHe4wCCihgQXUOKKCAAgookCBgQU1ANIQCCiiggAIWVOeAAgoooIACCQIW1AREQyiggAIKKGBBdQ4ooIACCiiQIGBBTUA0hAIKKKCAAhZU54ACCiiggAIJAhbUBERDKKCAAgooYEF1DiiggAIKKJAgYEFNQDSEAgoooIACFlTngAIKKKCAAgkCFtQEREMooIACCihgQXUOKKCAAgookCBgQU1ANIQCCiiggAIWVOeAAgoooIACCQIW1AREQyiggAIKKGBBdQ4ooIACCiiQIGBBTUA0hAIKKKCAAhZU54ACCiiggAIJAhbUBERDKKCAAgooYEF1DiiggAIKKJAgYEFNQDSEAgoooIACFlTngAIKKKCAAgkCFtQEREMooIACCihgQXUOKKCAAgookCBgQU1ANIQCCiiggAIWVOeAAgoooIACCQIW1AREQyiggAIKKGBBdQ4ooIACCiiQIGBBTUA0hAIKKKCAAhZU54ACCiiggAIJAhbUBERDKKCAAgooYEF1DiiggAIKKJAgYEFNQDSEAgoooIACFlTngAIKKKCAAgkCFtQEREMooIACCihgQXUOKKCAAgookCBgQU1ANIQCCiiggAIWVOeAAgoooIACCQIW1AREQyiggAIKKGBBdQ4ooIACCiiQIGBBTUA0hAIKKKCAAhZU54ACCiiggAIJAhbUBERDKKCAAgooYEF1DiiggAIKKJAgYEFNQDSEAgoooIACFlTngAIKKKCAAgkCFtQEREMooIACCihgQXUOKKCAAgookCBgQU1ANIQCCiiggAIWVOeAAgoooIACCQIW1AREQyiggAIKKGBBdQ4ooIACCiiQIGBBTUA0hAIKKKCAAhZU54ACCiiggAIJAhbUBERDKKCAAgooYEF1DiiggAIKKJAgYEFNQDSEAgoooIACFlTngAIKKKCAAgkCFtQEREMooIACCihgQXUOKKCAAgookCBgQU1ANIQCCiiggAIWVOeAAgoooIACCQIW1AREQyiggAIKKGBBdQ4ooIACCiiQIGBBTUA0hAIKKKCAAhZU54ACCiiggAIJAhbUBERDKKCAAgooYEF1DiiggAIKKJAgYEFNQDSEAgoooIACFlTngAIKKKCAAgkCFtQEREMooIACCihgQXUOKKCAAgookCBgQU1ANIQCCiiggAIWVOeAAgoooIACCQIW1AREQyiggAIKKGBBdQ4ooIACCiiQIGBBTUA0hAIKKKCAAhZU54ACCiiggAIJAhbUBERDKKCAAgooYEF1DiiggAIKKJAgYEFNQDSEAgoooIACFlTngAIKKKCAAgkCFtQEREMooIACCihgQXUOKKCAAgookCBgQU1ANIQCCiiggAIWVOeAAgoooIACCQIW1AREQyiggAIKKGBBdQ4ooIACCiiQIGBBTUA0hAIKKKCAAhZU54ACCiiggAIJAhbUBERDKKCAAgooYEF1DiiggAIKKJAgYEFNQDSEAgoooIACFlTngAIKKKCAAgkCFtQEREMooIACCihgQXUOKKCAAgookCDwv/U26QqnK2FBAAAAAElFTkSuQmCC', '', '');
INSERT INTO `masterpiutang` VALUES ('MPU-2308120002', 'INV/20230805/0001', '3234000', '2023-08-12 21:16:55', 'emp-0001', NULL, NULL, NULL, 'EMP-2305160001', '2023-08-12 21:17:10', 'data:image/png;base64,iVBORw0KGgoAAAANSUhEUgAAAdQAAAD6CAYAAAAY9raeAAAAAXNSR0IArs4c6QAAIABJREFUeF7tnQvYdtWYx3+TY5FDjiUhgwihIqZGJSaSmVDJVCpnGhWZnMvIYYxDoSGHKR1IJ6ecRzJIIodOBlFCmEx0REVz/VnP2F7f1/s877uf59lr7999XXNNvm/vte77t/b7/d+1973u+6/QJCABCUhAAhJYNoG/WvYIDiABCUhAAhKQAAqqD4EEJCABCUigBQIKagsQHUICEpCABCSgoPoMSEACEpCABFogoKC2ANEhJCABCUhAAgqqz4AEJCABCUigBQIKagsQHUICEpCABCSgoPoMSEACEpCABFogoKC2ANEhJCABCUhAAgqqz4AEJCABCUigBQIKagsQHUICEpCABCSgoPoMSEACEpCABFogoKC2ANEhJCABCUhAAgqqz4AEJCABCUigBQIKagsQHUICEpCABCSgoPoMSEACEpCABFogoKC2ANEhJCABCUhAAgqqz4AEJCABCUigBQIKagsQHUICEpCABCSgoPoMSEACEpCABFogoKC2ANEhJCABCUhAAgqqz4AEJCABCUigBQIKagsQHUICEpCABCSgoPoMSEACEpCABFogoKC2ANEhJCABCUhAAgqqz4AEJCABCUigBQIKagsQHUICEpCABCSgoPoMSEACEpCABFogoKC2ANEhJCABCUhAAgqqz4AEJCABCUigBQIKagsQHUICEpCABCSgoPoMSEACEpCABFogoKC2ANEhJCABCUhAAgqqz4AEJCABCUigBQIKagsQHUICEpCABCSgoPoMSEACEpCABFogoKC2ANEhJCABCUhAAgqqz4AEJCABCUigBQIKagsQHWLQBN4NbAtcDDwV+MqgaRi8BAZMQEEd8OIb+pIJ7ARsA/zjCkY4B9gTOGXJo3ujBCRQJQEFtcpl0+k5EjgM2G2M+dcHzh3jOi+RgAR6QkBB7clCGsZMCBwA7L+CmS4DfgZcDmxY/v4iYG/guJl45iQSkMDcCSioc18CHaiEwJOA9y/w9QzgvcBbG3++PXBs+d9nAhtUEp9uSkACyySgoC4ToLcPgsAaQHacN2lEm53nDiuJvrmTfRZw6CAoGaQEBk5AQR34A2D4YxHIjjM7z5FdCdwXuOB67s7303uXV74rE96xJvciCUigDgIKah3rpJfzI7Ci76b7Am9cxKW7AicBSU7aEvjc/EJwZglIYBYEFNRZUHaOWgks3JkmjsOB3ccMaPQ99fXAfmPe42USkEClBBTUShdOt6dOoJlcNJosZ0zzqncSu66cSd1ikpu8VgISqI+Aglrfmunx9Ak8Dvjwgmkipo9d5Lvpijx7F7A1cOfpu+0MEpDAPAkoqPOk79xdJHDT8r1zk4ZzS9mZjm4/Gdi8ZAhf08WA9UkCEmiHgILaDkdH6QeBmwOpzbtjI5yUENwF+PESQ0x5wqOAhwP/tcQxvE0CEqiAgIJawSLp4kwI3B44GtiqMdtvgF2XWe0ohR2+CbwQeMNMInESCUhgLgQU1Llgd9KOEbhDOeKyUcOvS0oXmVOX6esNgUvL+M2d7zKH9XYJSKBrBBTUrq2I/syawF3Kq9h1GhP/vOxUz27JmdOANYHMpUlAAj0loKD2dGENaywCawPfAlJacGQ/BDYu/U3HGmSMi1LrNy3d1gO+M8b1XiIBCVRIQEGtcNF0uRUCdwc+DazbGC07yccDP21lhj8NMiqsn4IQKQyhSUACPSSgoPZwUQ1pUQIpB/iZ8hp2dPEHgacCv1z07skvuBvwgwmrLE0+i3dIQAJzJaCgzhW/k8+BQBKQIqb3a8z9EeAZQL6dTssuBFI1ye+o0yLsuBKYMwEFdc4L4PQzJXCr8s20mYB0PPAU4Kope3JCeZ2cV8znT3kuh5eABOZAQEGdA3SnnAuB+wNHAvn/sewWDwH2Aa6dgUfpi/p2YG/g4BnM5xQSkMCMCSioMwbudHMhsFmpzXvrMvtlRdReMUNvkgR1XjmPuu0M53UqCUhgRgQU1BmBdpq5EcgRmI8BtysepGBDqh/lz2ZtyR6OH7cE0qRck4AEekRAQe3RYhrKXxDYsBRtWK38zbnAplPK5B0HfzrPPA3YCThmnBu8RgISqIeAglrPWunpZATS4eU5QPqaxvK99AXAbycbptWrc8Y1yUkfArZrdWQHk4AE5k5AQZ37EujAFAgsbA6eKkUR1HlbWsN9r7z2zfGd1PjVJCCBnhBQUHuykIbx/wQWiukOy+wW0zbaURlCqya1TdbxJDBnAgrqnBfA6Vsl0HUxTbCPLJm+XwQe0Wr0DiYBCcyVgII6V/xO3iKBg4C9GuO9EjigxfHbGiqvfdO0/AGlatI0qzO15bPjSEACYxBQUMeA5CWdJ7BwZ/pO4Jkd9vpA4KXAq4GXddhPXZOABCYgoKBOAMtLO0kgu9D9G56lh2mzTm8XnV6rJCddDKRwfqo2aRKQQOUEFNTKF3Dg7i8U0+OAJCHVYCcB2wBblFfANfisjxKQwPUQUFB9PGolsFBMzwA2qiiY5wJvAd4P7FyR37oqAQmshICC6qNRG4G1gTc1CjbE/3PKzjSVkGqxlCBM15lVSl9Wz6TWsnL6KQEF1WegJwQWJiBFTFO4IZmztVl2p08qO9Sja3NefyUggT8n4A7VJ6I2Ag8BTitOp3vLSzpWuGESno8tZQg/V86nTnKv10pAAh0joKB2bEF0ZywCqYmbogj5Dlmz3QJIpu+NgDsC/1NzMPougaETUFCH/gQY/7wJvAh4TTk3m240mgQkUCkBBbXShdPt3hDYAMgr32QppyyhJgEJVEpAQa104XS7NwTyuvdk4MHAnX3t25t1NZABElBQB7johtw5AqNs3z2AwzrnnQ5JQAJjEVBQx8LkRRKYKoEUyj+1ZC9vOdWZHFwCEpgaAQV1amgdWAITEUiG762A1Pn9xUR3erEEJNAJAgpqJ5ZBJyTA28oxoCcAJ8pDAhKoj4CCWt+a6XE/CTwdSNu5D5TqSf2M0qgk0GMCCmqPF9fQqiKQIg8/Aq4BbluV5zorAQn8gYCC6oMgge4Q+DawHvCC0gCgO57piQQksCgBBXVRRF4ggZkReCXwCqCGJukzg+JEEqiFgIJay0rp5xAI5Ocxx2c2AR4HfHQIQRujBPpCQEHty0oaR18I7AgcAZxVWcP0vvA3DgksmYCCumR03iiBqRBYrZxDXRV4GPDlqczioBKQQOsEFNTWkTqgBJZN4BnAO4AvAA9f9mgOIAEJzISAgjoTzE4igYkI3Bw4txTLT0P10ye624slIIG5EFBQ54LdSSWwKIG9gINKazfr+y6KywskMH8CCur810APJLAiAmnllozftYFNgS+JSQIS6DYBBbXb66N3wyawP3AA8EVgs2GjMHoJdJ+Agtr9NdLD4RK4U3nlew8gx2mOHS4KI5dA9wkoqN1fIz0cNoGnlaL5FwIbAJcOG4fRS6C7BBTU7q6NnkkgBFIo/+PAxsC7gXSl0SQggQ4SUFA7uCi6JIEFBLYubd3SkWabIrBCkoAEOkZAQe3YguiOBFZC4BDg2cCvgAcAeQWsSUACHSKgoHZoMXRFAtdD4MYl2zevfk8rR2l+JzEJSKA7BBTU7qyFnkhgMQIbAicC6wDHADstdoN/LwEJzI6Agjo71s4kgTYIbN84PvPMkgHcxriOIQEJLJOAgrpMgN4ugTkQeB5wcJn3KaXd2xzccEoJSKBJQEH1eZBAfQTyc/s24FnAKsAWwCn1haHHEugXAQW1X+tpNMMhsDpwNLAtcEEpTfjj4YRvpBLoHgEFtXtrokcSGJfA7YBPAg8CvlWO04x7r9dJQAItE1BQWwbqcBKYMYG7AN8HblDave0z4/mdTgISKAQUVB8FCdRPYCvgMyWMRzX+u/7IjEACFRFQUCtaLF2VwEoINJOUrgLuD5wvLQlIYLYEFNTZ8nY2CUyLwK2ADwEPL83IHw1cPq3JHFcCEvhLAgqqT4UE+kMglZQ+ASRZ6T1AWr9pEpDAjAgoqDMC7TQSmBGBJ5bjNKn9+xrgpTOa12kkMHgCCurgHwEB9JDAP5VKSvn5Tg/VZwDX9TBOQ5JApwgoqJ1aDp2RQGsEXgvsC9ywfFvdGbiytdEdSAIS+AsCCqoPhQT6SSA/2ylNeBCQ17/fBPI6OGdWNQlIYAoEFNQpQHVICXSIwN8D7yqJSpcBzy8JS/NyMTvm3Us28unAocBv5+WM80qgTQIKaps0HUsC3SRw55KotFlx7wull+pPpuhuivY/HtgA2AhIY/TbXM98FwEXAp8C8t9rlYL/Fv2f4iI5dLsEFNR2eTqaBLpKIAL3XOAtxcH/AfYDDm/R4XsBLwL+BrhHS+N+uWQrn9TSeA4jgakRUFCnhtaBJdBJAvctGcBbFu8+Cjwd+PkSvV0b2BHYDcjYK7NfAGcDFwPnlovWAO4HPBC45SLzfxt4FfD+JfrpbRKYOgEFdeqInUACnSOQn/vsJPcHbgJcUcTq9RN4umbZ7SbRaaGdBeS18jeArwD534tZXktnh3ttuXDz4l/zvtOAhy42kH8vgXkRUFDnRd55JTB/AvcG8ip13eLKd8tu9b+ux7V829y7vD5eDfg9kOuPLcL51RaTjCKqGTeVn0a2A3Dc/NHpgQT+koCC6lMhgWETuDnwAeAxDQx5JfuGksh0dfnzuwKvBp7cuO5k4GVAvnNOyzYtPV9vViZIktIW05rMcSWwHAIK6nLoea8E+kMghR/eCqTI/sh+Vv4sopZi+yP7bBHXz80o/MPKN9rRdBFUs39nBN9pxiegoI7Pyisl0HcC2a2+A8hr1RstCDZJSzk3miSmnGudleXc6nlAGqkrqLOi7jxLIqCgLgmbN0mgtwSyQ82r3GTeLrRk6aZFXIox/HgGBHJuNbvgZAKPLN9r06JOk0DnCCionVsSHZLA3AjcHfhYybb9DvBTIMUgbrACj/L3XwSSeZsC/G3bY4twJwmqaXsCh7Q9meNJoA0CCmobFB1DAvUT+OtyxCXJP6kBnIIPEdJ8r3w7kL+/Pks3m4jx14rQ5jvrUiw75CQ67VUK+zfHSInCHK/JWVZNAp0joKB2bkl0SAIzJ5BdaL6N3qIcm0lz8qbl2+quwD5jCGvzvnz7/FbZwf4QSHGGWET7YcCqpRzh7YHUGV6n1Pm9wwoIJJP4KcD3Zk7HCSUwJgEFdUxQXiaBnhJIvd0TiqBtV76frizU7FhzbCYZwfmOmaIQk1h2sb8rO99J/u35BLC97ecmQe218yAwyUM9D/+cUwISmA6B/Oz/K/BC4H+BR5Td5Liz5dVrvnOmm80mY5QOHHfc5nWpN5zuOMcUIV7KGN4jgZkRUFBnhtqJJNApAik7eED5brpNEdWlOpid64OB9cs314jtQ0of1qWMmV3sEQ2xX8oY3iOBmRNQUGeO3AklMHcC+wL/Bny9ZPFeNSWPHlSOvKTzTP4v1ZhuWpKN0jpu4ffQ1PFNYtPxMzqWM6WwHXaoBBTUoa68cQ+VwB6lwXiShFIBaRbnSYfK2rgHRkBBHdiCG+6gCURA0wXmktK1JcXwNQlIoCUCCmpLIB1GAh0n8Cjgg0A6xKQB+Kkd91f3JFAdAQW1uiXTYQlMTCCl+/6znP/Md8zra8828eDeIAEJ/JGAguqTIIFuELhPOYaS3WP+e0WViZKwcyZwPvARIAXrF7MUSchr3pQVzPfT9y52g38vAQksjYCCujRu3iWBSQmk2tDjSoZrjoV8vwjoVqUQ/Y0nHbBc/yPgM8CvgE8DyZT9RvlOmjJ+ebV7T+C1wMuXOIe3SUACYxBQUMeA5CUSGJPAKsDmpUjC1kCOjSzFrig1cZv33q6c8xxnvMtLV5h1y/fSE0uFo9TC1SQggSkRUFCnBNZhB0UglYKy+0zVoLyuHdd+A5xRXuP+d+k3muLy2WWuzO4IrFfENbVvNyyl/FJMIa91I5oLSwJmzDTpzg429XU1CUhgCgQU1ClAdchBEEiizwtKwfaVBZzjKWcVgUybswhldp8pqJCfvfzZlS3TyrgvAQ4s86VBd9N+BhxZCjvYtaVl+A43bAIK6rDX3+jHJ5BdX753pubt04DVV3Bras8eV3aCX1pmOb/xPfvzK7NDPh1I9aPRN9v4/ExgzQWDvg84CkjxeU0CElgmAQV1mQC9vfcEIkKpdZuEnrxiXWh5hfr+Ui4vGbjztIj+yaWO7ktL8fumP9lV717KDeZV8ejnPzvmg8rOdZ7+O7cEqiagoFa9fDo/RQJ3A/YryTwLd6PpzpKWZxGhUY/PKboy9tDpzPJG4POlSH3apa3I8nOffqQ7AM8GblQuyq76OeWb7tiTeqEEJPBHAgqqT4IE/pxAKgmlrdlTSwPs0d/+GvhA2cV9DliZWM2L511KwtGl5QxrjtGMY8kejhCnjVu6xuRVcb4Nv2Ocm71GAhL4EwEF1adBAn8ikKbZ7yznNkd/mjOdhwP/URKKusrrlNKXNK908wp6UkshibcAjy435mxrfqnIOVdNAhIYg4CCOgYkLxkEgV2AtzYaZf8CeBVwaDmK0mUI2wE5a/ohYOdlZA7n34O8Ak5rt+zU8zr7icC5XQ5e3yTQFQIKaldWQj/mRWCNsjP7x+JAXuVmd/Z04MJ5OTXBvKnAFOFLn9HU6f3qBPeu7NI0B88vFxsDvywi/fEWxnUICfSagILa6+U1uEUIpOl1CsWnWEIshRbeBLwCSHnAGmxv4M3llXRe0bZlq5bvqE8u5RLDJDt2TQISWAkBBdVHY4gEknyTxJskH40s5fp2AlKAvha7JZBG4Ukk2gCYRqGGJCylSEQENrvW59UCRz8lMGsCCuqsiTvfvAnkFWkSeHIOM5ZdaUR0L+An83ZuwvlfXaoiJZko/k/LNivfZ/N6/JzyKjhZz5oEJNAgoKD6OAyJQF7tfgq4fwk6hRheDxxdIYQUvk+y0PfKmdMkUU3TUic4beBS6CL1h5PE1aUzuNOM3bElMBYBBXUsTF7UAwKpaRshGIlpGm7vVuGudLQUR5SiE88C3j2j9UmBi8+WHWp6seaY0XdmNLfTSKDzBBTUzi+RDrZEIIUKUs82yUbZlR4AXN3S2LMeJiUEcz72bOBvgctm6ECyiXNWN8dzrgEeVSozzdAFp5JANwkoqN1cF71ql0CKFXy4lNj7ILB9RVm8KyJxDJCzpznqc3y7qMYaLaKaX1CeAqQyU/yoKZlrrCC9SAKTElBQJyXm9bURSBLS+cBtge+WGrapxVurJZkq/U3z/TKZvdklzsPSTD3HaF5cSpjm+M7B83DEOSXQFQIKaldWQj+mQSBF39NYOzuoZPPmTGV2qDVbCizkNWt23SlAMW/btTDOq/RwTvs6TQKDJKCgDnLZBxP0PzfOmqa+bQS1Ztu69C79ZKPmbhfiCeecVc2u9Qnl9XoX/NIHCcyUgII6U9xONkMCqYKUPp955ZvOK/cC0gC8ZksiUhKSkoh0ascCSdP1fweuBe4L/KBj/umOBKZOQEGdOmInmBOBvNr9h5LJu0/5x35OrrQy7Ralefj3S3u2VgZteZAU1d8XOA14aMtjO5wEOk9AQe38EungEggki/fYcl+Sd9JMe9z+oEuYbia3fATYFtijfLOcyaQTTpJzqukVm8SpPYFDJrzfyyVQNQEFterl0/kVEEhFny8BdygZsKk/m7q9NdvdyivUbwEP7GBz8ybbvy9lClO5KdWcUiNZk8AgCCiog1jmwQSZakjJgn1kY3e6I3BW5QRSCSmdZPJKNQlAXbf0ZY2w5lhNutRoEhgEAQV1EMs8mCDTGeWNJdrfl4o+aZhds6V2bvqyZse3Ximk0PV4HgCktGMKQKw140pOXWejfz0moKD2eHEHFloyS08vbcYSehqFb1USeWpGkTKJLyzfhLPbrsXS0Se1ftMR52W1OK2fElgOAQV1OfS8tysEcv4xyTA5ThJLjd50lcmZyHlVEmqDTY78pN9p4kshh2TP1mL5BeerpcRjdtl+S61l5fRzyQQU1CWj88YOEXgSkMINI0vVnseV76kdcnNiV55TMmU/UTJ8E1dNlgzrvKb+F2D/mhzXVwkshYCCuhRq3tMlAjcpPUHv3HDqy8CmQL6j1mzpdfrXwO7A4RUGsg1wIpDayYnjqgpj0GUJjE1AQR0blRd2lECSjlKhp2kp5HBQR/0d163ssNMhJwlJOSpzybg3dui6/LKTb6mblDq/7+uQb7oigdYJKKitI3XAGRP471JWcDRtdkEpM/jjGfvR9nQpfL9l+cWg5nO06UGbX3iyTuu3DcnxJNAlAgpql1ZDXyYlkK4rST5qWh+ySvPdMd8fryivrlPQoVZLx5/UII6YpjlB81t3rTHptwRWSEBB9cGomcARwC6NAH4JPKL8A15zXG8o1Z3yy0I6zNRuEdIjgXOA+9cejP5LYGUEFFSfjVoJ3Ab4OXCDRgDpLvPgclSj1rji909KQYQ+fAtOPKlg9c2yS00FpdQl1iTQOwIKau+WdDABPQM4tBFtMnr3At5WOYEUlv9a+WXhIeUcauUh/cH9JI9lbVJneXReuA9xGYME/p+AgurDUCuBjwGPaTh/JXCnSkrzXR/zfy31es8ANqp1cVbgd5oVpPXczYB7lySlHoVnKBIABdWnoEYCtwYuXvC69/PA5jUGs8DnNA5PL9GUHNyvB/E0Q8ixmZ2AA4BX9iw2w5GAguozUCWBFDr4j4bn1wKplnRCldH8yelblSL4+S6cjjkpMN8nG72m79vuu09rZCzLIOAOdRnwvHVuBCKcj2/MnkL4awMXzc2jdiaOiH4ayC8IEde8xu6TpZpVClXE8t+1nxXu09oYSwsEFNQWIDrEzAnkfGa+xY0sRePzmrR2e3mpe5ukpI1rD2Yl/p8J3K8cdzqqpzEa1kAJKKgDXfiKw8450+ar0HSWeTqQM6m1W+rebge8C8jr0T7accATS9H/PfsYoDENl4CCOty1rzXydwApZ9e0vrw+PB+4K/DcFdQnrnW9FvqdMoopXHGWRR76sqTGMSKgoPos1EbgQOClDad/AdyutiBW4O/qwGXlz/8GSLZvHy0daE4qDeBXBX7bxyCNaZgEFNRhrnvNUefIRbO35g5AXiPWbqnw9JUSRL4P97XVWRoXpFB+LE3TP1n7wum/BNyh+gzUSqApqD8ryTt9yBbdudS7TUxr1ro4Y/odEf07IEUsXjTmPV4mgc4TcIfa+SXSwQUEUm5wlLCT4gAR2D7Y60ohh7RtSxedPtu+QLoCpWbxun0O1NiGRUBBHdZ69yHapqBuURpY9yGutDVLcYokXaXubZ9tU+ALJcD7lFZ1fY7X2AZCQEEdyEL3KMzDgN1KPHcDLuhJbOnGskER04hq32302rcvHXX6vl7GNwYBBXUMSF7SKQKp4Xvb4tEDS1uwTjm4BGdWAX4N3Lj0P13YNH0JQ3b+lqNLw/Fk/G7beW91UAJjEFBQx4DkJZ0i8G1gveJRX57fuwPnlZge1IMG6eM8MM8pxR0uBdYA0n5Pk0DVBPryD1LVi6DzExNIib6UG0wCTx9sdDbzd0DOZl7Th6AWiWF94OxyTcosptyiJoGqCSioVS+fzveEQL4jvql0mulDkYpxliUddS4BbgGke9Dh49zkNRLoMgEFtcuro29DIfBu4KmlOlKqJA3FvgQ8DDgY2HsoQRtnfwkoqP1dWyOrh0Bed24IJFEnBR6GYu8B9iiv7vt+9nYoazroOBXUQS+/wXeAQH4GU2bwpqV1W7OsYgfcm6oLLwZeU44+5QiUJoGqCSioVS+fzveAQITkByWOoX1LfAJwPJBkrHxL7Wv94h48poYwDgEFdRxKXiOB6RHYGvhEGf5vGxWEpjdjd0ZuZvreFzinO67piQQmJ6CgTs7MOyTQJoH0Pn1bGfAejfOobc7R1bFyROgKIIUt0uP2nV11VL8kMA4BBXUcSl4jgekReHPJcL0WSNu2q6c3VSdHTj/UVIg6Ctilkx7qlATGJKCgjgnKyyQwJQLvA3YCLi/fEac0TWeHPQNIdagkJzUbx3fWYR2TwMoIKKg+GxKYL4FUe9oK+BGwznxdmcvsJwPpGnQksOtcPHBSCbREQEFtCaTDSGCJBEbFDZKQk8Scodmobd2HgO2GFrzx9ouAgtqv9TSa+gicCjwUuBC4S33uL9vjtKpLQtLpwEOWPZoDSGCOBBTUOcJ3agmUIzM5OnMRcKcBEnkV8LJyFjdddzQJVEtAQa126XS8JwROAB5fihoky3doFjGNqP5vo8/t0BgYb08IKKg9WUjDqJbAe0syTlq23QS4rtpIlub4a4EXDazTztJIeVfnCSionV8iHew5gbcCexYhXQ34Tc/jXRjeIUCajaeV220GFrvh9oyAgtqzBTWc6gi8GnhJ8Xpd4PzqIliewx8BtgW+B9xzeUN5twTmS0BBnS9/Z5dAdqfZpcbuB5w9MCTnAUlGStyJX5NAtQQU1GqXTsd7QiCNxdNgPLZ96b7Sk9AWDSP//qTkYmr5DvXY0KKQvKAeAgpqPWulp/0k0NyhPh9Ibd+hWFNQUzHpEUMJ3Dj7SUBB7ee6GlU9BP4O+GRx98lAKgcNya4Ekoz1KSDncTUJVEtAQa126XS8JwSa/VD3AA7rSVzjhJFXvWkuHvtsqWk8zn1eI4FOElBQO7ksOjUgAlsWMUnI+wJvHFDsty7HZRLyccAOA4rdUHtIQEHt4aIaUlUEUr/2tOJxjtCkctBQrBn7G4AXDiVw4+wnAQW1n+tqVPUQSEH8C4q77yyF4uvxfnmepv/pgWWInYGjlzecd0tgvgQU1Pnyd3YJrAokMSc/i/8JPHJASE4CtinxDvEM7oCWehihKqjDWGej7DaBM0tRg18Cty9nM7vtcTvepSD+GsDVwOrl/7czsqNIYA4EFNQ5QHdKCSwg8B4gGb6xDYGvD4BQilgcW+LMLxIRVk0CVRNQUKtePp3vCYEnNc6fDiUx6QB31AzSAAAEs0lEQVRg/7J+HwDCQJNA1QQU1KqXT+d7QiDfUb8NJEEpu9PsUvtuqd27fglyI+CMvgdsfP0noKD2f42NsA4CKWyQM6mxuwI/rMPtJXnZ3J1GSCOomgSqJ6CgVr+EBtATAjsB7yuxvA54cU/iWhhGvpvm++nIngnkuJAmgeoJKKjVL6EB9ITAWsBPSizZnWaX2jcbNVMfxXUKsEXfgjSe4RJQUIe79kbePQK/Am4JXAGkLF9am/XF9gHe1Ajm4nJEqC/xGYcE/nCYXJOABLpBIB1XHlVc2apR47cb3i3di+3KEZkbliEuLWUG37X0Ib1TAt0joKB2b030aLgEUsf3VSX8nE19Wg9QPLEUvh+F8ltgN+CYHsRmCBL4MwIKqg+EBLpDYBPgy41d3B2B33THvYk9SVnBnDG9WbkzrdpeABw88UjeIIEKCCioFSySLg6GwA2AlOPLd9TY84E3Vxr9xqU28S2K/78H9gPSVUaTQC8JKKi9XFaDqpjAW4B/Kv4nOelewEWVxfNo4HhgtYbf6fOa9mzXVRaL7kpgbAIK6tiovFACMyGQHqFfAG5UZvsg8ISKhGhXIN9/RwlIV5VzptltK6YzeYScZF4EFNR5kXdeCayYQH4mI0i7N/46STzvrQDYs4C3N/yMgOZ76b5Avp9qEug1AQW118trcJUSWBc4HbhN8f9yIDvX1PvtoqUWcbKTk3A0snwL/hcgxRzcmXZx1fSpdQIKautIHVACrRDYuexKVymjfb40H7+mldHbG2Rt4IulsP9o1K+UHXZXfwFoL3pHkkCDgILq4yCBbhLIz+bRQGr8juwVjXOqXfA6mbxHAOsVZ3LGNElVBwKXdcFBfZDALAkoqLOk7VwSmIzAnYDTgOwCYzl6kteor5xsmKlc/Q/ACcBoBx0BTS/XfEPNK2pNAoMjoKAObskNuDICKduX4gijrN8k9zwXOHROceSMbL6L7tKY/9NAXlGnPq8mgcESUFAHu/QGXhGBZknCuH112aW+dsYJP3sDLwfWKOxSxelEINm97koreqB0dToEFNTpcHVUCbRN4PCyC0w1pZG9vlQfanuuheOtAxwFbFb+Ilm7KZG4F/C1aU/u+BKohYCCWstK6acE4CXlG2pTVPM6OEUTplFN6TGlGXjOwY4shRpyTjZHZLqWcewzIoG5ElBQ54rfySUwMYEdgSMb31QzQL6rfhj4t5LENPGgjRtShOFhQNrHrb5goFPdlS4Hrff2nYCC2vcVNr4+EtiytEQbfctsxpgd5A+AvCL+BnDyAgD3KY29R988I5qbA/nzvNJNh5uFlkzj1wEfLZnGfWRqTBJYNgEFddkIHUACcyGQbNt0otmh0R5tZY6cUv4i4rnhmN5eAhxWzpmeOeY9XiaBQRNQUAe9/AbfAwLrly4u6fBy+2XEkyMvKcT/K+CHwL8vYyxvlcAgCSiog1x2g+4hgSQqRVy3BZ5Xvn+mxu5C+znwa+AC4LvAT4FzgI8DV/aQiyFJYGYEFNSZoXYiCcycwJqln+o9gbXK0ZfzZu6FE0pgIAQU1IEstGFKQAISkMB0CSio0+Xr6BKQgAQkMBACCupAFtowJSABCUhgugT+D0MmVTeBXgHrAAAAAElFTkSuQmCC', '', '0');
INSERT INTO `masterpiutang` VALUES ('MPU-2308120003', 'INV/20230805/0002', '450000', '2023-08-12 21:28:30', 'emp-0001', 'emp-0001', '2023-08-12 21:31:08', NULL, 'EMP-2306270001', '2023-08-12 21:30:50', 'data:image/png;base64,iVBORw0KGgoAAAANSUhEUgAAA6gAAAH0CAYAAAAwkgCNAAAAAXNSR0IArs4c6QAAIABJREFUeF7t3Qncfe9c7//XOdU/0kRkjowpRYbidDqGoqKIQqYIyZAMRYUyVmZFZEjSIFGEVEqGJg3mDMk8lyQl8e/8z/F/XLV/59y+7n1/73t/773vtfd6rsfDQ+d3r3Vdn8/zWqe8rbWv9V9yECBAgAABAgQIECBAgACBCQj8lwnUoAQCBAgQIECAAAECBAgQIJCA6iYgQIAAAQIECBAgQIAAgUkICKiTWAZFECBAgAABAgQIECBAgICA6h4gQIAAAQIECBAgQIAAgUkICKiTWAZFECBAgAABAgQIECBAgICA6h4gQIAAAQIECBAgQIAAgUkICKiTWAZFECBAgAABAgQIECBAgICA6h4gQIAAAQIECBAgQIAAgUkICKiTWAZFECBAgAABAgQIECBAgICA6h4gQIAAAQIECBAgQIAAgUkICKiTWAZFECBAgAABAgQIECBAgICA6h4gQIAAAQIECBAgQIAAgUkICKiTWAZFECBAgAABAgQIECBAgICA6h4gQIAAAQIECBAgQIAAgUkICKiTWAZFECBAgAABAgQIECBAgICA6h4gQIAAAQIECBAgQIAAgUkICKiTWAZFECBAgAABAgQIECBAgICA6h4gQIAAAQIECBAgQIAAgUkICKiTWAZFECBAgAABAgQIECBAgICA6h4gQIAAAQIECBAgQIAAgUkICKiTWAZFECBAgAABAgQIECBAgICA6h4gQIAAAQIECBAgQIAAgUkICKiTWAZFECBAgAABAgQIECBAgICA6h4gQIAAAQIECBAgQIAAgUkICKiTWAZFECBAgAABAgQIECBAgICA6h4gQIAAAQIECBAgQIAAgUkICKiTWAZFECBAgAABAgQIECBAgICA6h4gQIAAAQIECBAgQIAAgUkICKiTWAZFECBAgAABAgQIECBAgICA6h4gQIAAAQIECBAgQIAAgUkICKiTWAZFECBAgAABAgQIECBAgICA6h4gQIAAAQIECBAgQIAAgUkICKiTWAZFECBAgAABAgQIECBAgICA6h4gQIAAAQIECBAgQIAAgUkICKiTWAZFECBAgAABAgQIECBAgICA6h4gQIAAAQIECBAgQIAAgUkICKiTWAZFECBAgAABAgQIECBAgICA6h4gQIAAAQIECBAgQIAAgUkICKiTWAZFECBAgAABAgQIECBAgICA6h4gQIAAAQIECBAgQIAAgUkICKiTWAZFECBAgAABAgQIECBAgICA6h4gQIAAAQIECBAgQIAAgUkICKiTWAZFECBAgAABAgQIECBAgICA6h4gQIAAAQIECBAgQIAAgUkICKiTWAZFECBAgAABAgQIECBAgICA6h4gQIAAAQIECBAgQIAAgUkICKiTWAZFECBAgAABAgQIECBAgICA6h4gQIAAAQIECBAgQIAAgUkICKiTWAZFECBAgAABAgQIECBAgICA6h4gQIAAAQIECBAgQIAAgUkICKiTWAZFECBAgAABAgQIECBAgICA6h4gQIAAAQIECBAgQIAAgUkICKiTWAZFECBAgAABAgQIECBAgICA6h4gQIAAAQIECBAgQIAAgUkICKiTWAZFECBAgAABAgQIECBAgICA6h4gQIAAAQIECBAgQIAAgUkICKiTWAZFECBAgAABAgQIECBAgICA6h4gQIAAAQIECBAgQIAAgUkICKiTWAZFECBAgAABAgQIECBAgICA6h4gQIAAAQIECBAgQIAAgUkICKiTWAZFECBAgAABAgQIECBAgICA6h4gQIAAAQIECBAgQIAAgUkICKiTWAZFECBAgAABAgQIECBAgICA6h4gQIAAAQIECBAgQIAAgUkICKiTWAZFECBAgAABAgQIECBAgICA6h4gQIAAAQIECBAgQIAAgUkICKiTWAZFECBAgAABAgQIECBAgICA6h4gQIAAAQIECBAgQIAAgUkICKiTWAZFECBAgAABAgQIECBAgICA6h4gQIAAAQIECBAgQIAAgUkICKiTWAZFECBAgAABAgQIECBAgICA6h4gQIAAAQIECBAgQIAAgUkICKiTWAZFECBAgAABAgQIECBAgICA6h4gQIAAAQIECBAgQIAAgUkICKiTWAZFECBAgAABAgQIECBAgICA6h4gQIAAAQIECBAgQIAAgUkICKiTWAZFECBAgAABAgQIECBAgICA6h4gQIAAAQIECBAgQIAAgUkICKiTWAZFECBAgAABAgQIECBAgICA6h4gQIAAAQIECBAgQIAAgUkICKiTWAZFECBAgAABAgQIECBAgICA6h4gQIAAAQIECBAgQIAAgUkICKiTWAZFECBAgAABAgQIECBAgICA6h4gQIAAAQIECBAgQIAAgUkICKiTWAZFECBAgAABAgQIECBAgICA6h4gQIAAAQIECBAgQIAAgUkICKiTWAZFECBAgAABAgQIECBAgICA6h4gQIAAAQIECBAgQIAAgUkICKiTWAZFECBAgAABAgQIECBAgICA6h4gQIAAAQIECBAgQIAAgUkICKiTWAZFECBAgAABAgQIECBAgICA6h4gQIAAAQIECBAgQIAAgUkICKiTWAZFECBAgAABAgQIECBAgICA6h4gQIAAAQIECBAgQIAAgUkICKiTWAZFECBAgAABAgQIECBAgICA6h4gQIAAAQIECBAgQIAAgUkICKiTWAZFECBAgAABAgQIECBAgICA6h4gQIAAAQIECBAgQIAAgUkICKiTWAZFECBAgAABAgQIECBAgICA6h4gQIAAAQIECBAgQIAAgUkICKiTWAZFECBAgAABAgQIECBAgICA6h4gQIAAAQIECBAgQIAAgUkICKiTWAZFECBAgAABAgQIECBAgICA6h4gQIAAAQIECBAgQIAAgUkICKiTWAZFECBAgAABAgQIECBAgICA6h4gQIAAAQIECBAgQIAAgUkICKiTWAZFECBAgAABAgQIECBAgICA6h4gQIAAAQIECBAgQIAAgUkICKiTWAZFECBAgAABAgQIECBAgICA6h4gQIAAAQIECBAgQIAAgUkICKiTWAZFECBAgAABAgQIECBAgICA6h4gQIAAAQIECBAgQIAAgUkICKiTWAZFECBAgAABAgQIECBAgICA6h4gQIAAAQIECBAgQIAAgUkICKiTWAZFECBAgAABAgQIECBAgICA6h4gQIAAAQIECBAgQIAAgUkICKiTWAZFECBAgAABAgQIECBAgICA6h4gQIAAAQIECBAgQIAAgUkICKiTWAZFECBAgAABAgQIECBAgICA6h4gQIAAAQIECBAgQIAAgUkICKiTWAZFECBAgAABAgQIECBAgICA6h4gQIAAAQIECBAgQIAAgUkICKiTWAZFECBAgAABAgQIECBAgICA6h4gQIAAAQIECBAgQIAAgUkICKiTWAZFECBAgAABAgQIECBAgICA6h4gQIAAAQIECBAgQIAAgUkICKiTWAZFECBAgAABAgQIECBAgICA6h4gQIAAAQIECBAgQIAAgUkICKiTWAZFECBAgAABAgQIECBAgICA6h4gQIAAAQIECBAgQIAAgUkICKiTWAZFECBAgAABAgQIECBAgICA6h4gQIAAAQIECBAgQIAAgUkICKiTWAZFECBAgAABAgQIECBAgICA6h4gQIAAAQIECBAgQIAAgUkICKiTWAZFECBAgAABAgQIECBAgICA6h4gQIAAAQIECBAgQIAAgUkICKiTWAZFECBAgAABAgQIECBAgICA6h4gQIAAAQIECBAgQIAAgUkICKiTWAZFECBAgAABAgQIECBAgICA6h4gQIAAAQIECBAgQIAAgUkICKiTWAZFECBAgAABAgQIECBAgICA6h4gQIAAAQIECBAgQIAAgUkICKiTWAZFECBAgAABAgQIECBAgICA6h4gQIAAAQIECBAgQIAAgUkICKiTWAZFECBAgAABAgQIECBAgICA6h4gQIAAAQIECBAgQIAAgUkICKiTWAZFECBAgAABAgQIECBAgICA6h4gQIAAAQIECBAgQIAAgUkICKiTWAZFECBAgAABAgQIECBAgICA6h4gQIAAAQIECBAgQIAAgUkICKiTWAZFECBAgAABAgQIECBAgICA6h4gQIAAAQIECBAgQIAAgUkICKiTWAZFECBAgAABAgQIECBAgICA6h4gQIDA+gW+vvqa6u+qF1cfWP+UZiBAgAABAgQIbJ+AgLp9a6ZiAgT+r8Clq/Mv/p9vq96zQZwvrz6vunL12dXXVV9UXWTxr8OU8v7qfdVbqr+oPlG9s/qT6t8OM4BzCBAgQIAAAQK7JCCg7tJq6oXAfARuW92xuuIpLb+gekX13OrNxxDyrlRdu/rf1YUX8120Ou8GqEdwfW31muoPqpduYE5TECBAgAABAgROVEBAPVF+kxMgcEiBEUavUn3lIiyeGkz3G2Y8ibxr9bvVtarLLp54XqG6YHXO6ksOmH88zTzbIevb5Gkfql5V/dni30eff73JAsxFgAABAgQIEFiXgIC6LlnjEiBwXAIjiF31uAbb0XF+urr7jvamLQIECBAgQGBGAgLqjBZbqwS2UOAW1S9vYd0nUfIdqieexMTmJECAAAECBAgcl4CAelySxiFAYB0Cj67uto6Bd3TMB1T339HetEWAAAECBAjMQEBAncEia5HAFguMp6fjKepJH69f7LY7Niz6jMVuu//rNEWN//16sepCi/O+uBo7/677GJsp/VV1r3VPZHwCBAgQIECAwHELCKjHLWo8AgSOU+CFi110TzfmeHJ4/erypztx8fdPVm9ffJbmfy42HBp/GhsjjQ2I/r16V/WOQ453lNNGSB27AI/dgL+susbiUzVHGeMw547Noa5zmBOdQ4AAAQIECBCYioCAOpWVUAcBAvsJvHyxe+9BOqe+1nqr6rrVjU65aHwqZnxfdGy69IzFJ1ympD6etn5p9RWLb6qOb7xe7gwLHK/7Dh8HAQIECBAgQGArBATUrVgmRRKYrcBbq4sf0P0tq19Z8vcRzi5VfWb1puoh1ce3UHJ8Cmd8VuerqvGJnBFcx78Oe4wny8877MnOI0CAAAECBAicpICAepL65iZA4HQCH60+94CTPmdLQ+fp+j7d38fT4Wee7qTF399WjR1+X3TI851GgAABAgQIEDgxAQH1xOhNTIDAIQTGE8+zHXDenP932LWrn1w8XT0EZWPzpPG67/h3BwECBAgQIEBgkgJz/g93k1wQRREg8H8Evqj60AEeH67GOXM/xtPUs/51GIux8dQ3H+ZE5xAgQIAAAQIENi0goG5a3HwECBxW4DLVGw84+c2LXXAPO96unzd2Jj7s8Q/Vt1SvPOwFziNAgAABAgQIbEJAQN2EsjkIEFhF4GuqvzjgwvG3q6wy8I5eMz5f84Yj9nbqDshHvNzpBAgQIECAAIHjFRBQj9fTaAQIHJ/A+I3leB112eE7n58u8zuLJ6NHWYXxFPWPqkdV7z3Khc4lQIAAAQIECBy3gIB63KLGI0DguATG90x/8YDBxrdMb3pck+3IOJeoXlOdY8V+xmvVf7PitS4jQIAAAQIECJyxgIB6xoQGIEBgTQJ3qR5zwNjjb3dd09zbPOznV99U3am68Gm+I3tqn5+ovlpI3eblVzsBAgQIENhuAQF1u9dP9QR2WeDHqgce0OD9TvP3XbY5Sm9fV/3JES54fXX96u1HuMapBAgQIECAAIFjERBQj4XRIAQIrEFg/Cby7geMe4/q0WuYdxeHvHT1hOrqh2zu3dXVqnce8nynESBAgAABAgSORUBAPRZGgxAgsAaBn69ue8C4t6+evIZ5d3nI+1fjt70XPUSTH62uWL3lEOc6hQABAgQIECBwLAIC6rEwGoQAgTUI/Ep18wPG/a7q19cw7xyGHEH1R6v/5zTNjnA6nrq+fw4oeiRAgAABAgROXkBAPfk1UAEBAvsL/N5is59lPt9SjXMcqwl8W/Wc6jNOc/mLqmutNoWrCBAgQIAAAQJHExBQj+blbAIENifwx9V/P2C68bc/3Vw5OznTeDr6+9Vnnaa7h1f32kkBTREgQIAAAQKTEhBQJ7UciiFAYI/Aq6vLHyByuep1xM5YYHxW5g+rc55mpPHpmhFmHQQIECBAgACBtQkIqGujNTABAmco8MbqMgeMMXam/dsznMPl/ykwQup4lfdcB4B8ZPFN1Q9DI0CAAAECBAisS0BAXZescQkQOFOBty4C0bJxLlS970wncf3/Ebhq9ZLqsw8weXx1Z2YECBAgQIAAgXUJCKjrkjUuAQJnKvCu6ksOGOSCdpc9U+JPu/6m1dNO85vUr6r++thnNiABAgQIECBAoBJQ3QYECExV4D3VeEq67Dh/9XdTLX6L67pv9aAD6v+lxbdUt7hFpRMgQIAAAQJTFRBQp7oy6iJA4O3Vlx7AcN7qg5jWIjA2TbrmASPbMGkt7AYlQIAAAQIEBFT3AAECUxV4c3WpA4rziu/6Vu4LqndWX7hkiteeZofl9VVmZAIECBAgQGCnBQTUnV5ezRHYaoHXVONTMsuOi1fjKatjPQJ3qR5zwNDXWuz8u57ZjUqAAAECBAjMUkBAneWya5rAVgic7jXT8WmUEWId6xE4x+IzPhdYMvyfVV+3nqmNSoAAAQIECMxVQECd68rrm8D0BZ5Z3eiAMq9evWz6bWx1hT9Q/cwBHXxz9cKt7lDxBAgQIECAwKQEBNRJLYdiCBDYI/Czp/nm5o2rZxFbq8D4Juobq4stmeVN1ZevtQKDEyBAgAABArMSEFBntdyaJbBVAveqHnpAxXc7zdO9rWp2wsVep3rBAfVdo3rphOtXGgECBAgQILBFAgLqFi2WUgnMTODbq+cc0PPjqu+fmclJtfveauyavN/x/Op6J1WYeQkQIECAAIHdEhBQd2s9dUNglwSuUL3ygIbGbx/HbyAd6xe4fvVbS6b5ZHUJOyqvfxHMQIAAAQIE5iAgoM5hlfVIYDsFzlZ9/IDS31ddaDtb28qq/7n6/CWV/0J1263sStEECBAgQIDApAQE1Ekth2IIEDhF4M3VpQ5QOU/1IWobEXhwdZ8lM/17dcnq3RupxCQECBAgQIDAzgoIqDu7tBojsBMCv1zd4oBOfOZkc8t8vuot1ecumfLR1T02V46ZCBAgQIAAgV0UEFB3cVX1RGB3BO5cjc/NLDt+vHrQ7rQ7+U7G736vvaTKj1YXqf5p8l0okAABAgQIEJisgIA62aVRGAEC1RWrVxwg8aLqWqQ2JnCT6hkHzHa76ikbq8ZEBAgQIECAwM4JCKg7t6QaIrBzAv9anWNJV/9SfcHOdTzdhj5rsVvvss2p/ry66nTLVxkBAgQIECAwdQEBdeorpD4CBJ5d3eAAhq+uXoNpYwIHbZY0PjnzxTau2thamIgAAQIECOycgIC6c0uqIQI7J3C636Heq3r4znU93YYuXf3NAeV9e/Xc6ZavMgIECBAgQGDKAgLqlFdHbQQIDIHTBaLnVddHtVGB91YXXDLj/asHbLQakxEgQIAAAQI7IyCg7sxSaoTATgu8c7FD7H5NfqQ65053P73mnlZ995KyxiZKN51eySoiQIAAAQIEtkFAQN2GVVIjAQJPrG5/AMPY7fdVmDYmcIfq55bM9urqChurxEQECBAgQIDATgkIqDu1nJohsLMC31X92gHd3aN69M52P73GrlK9fElZn6jOPr2SVUSAAAECBAhsg4CAug2rpEYCBM5W/X31+UsofA91s/fIuap/PGDK81Yf3GxJZiNAgAABAgR2QUBA3YVV1AOBeQj8SnXzJa2OsHTueTBMosv/Wv1b9dlLqrlS9cpJVKoIAgQIECBAYKsEBNStWi7FEpi1wEG/exwwX1X99ayFNtv8m6tLLZnSp2Y2uxZmI0CAAAECOyMgoO7MUmqEwM4LXKB63wFd3qf6yZ1XmE6Dr138lwL7VeTbtNNZJ5UQIECAAIGtEhBQt2q5FEtg9gIvra62ROEF1bfOXmhzAG+qvmzJdE+o7ri5UsxEgAABAgQI7IqAgLorK6kPAvMQGE9JH7ykVd9D3ew9cFBAHZ+gudNmyzEbAQIECBAgsAsCAuourKIeCMxH4Cur1x3Q7tdUfzUfjhPt9CXV1ZdUMJ50X+NEqzM5AQIECBAgsJUCAupWLpuiCcxa4B3VRZcI3LV6zKx1Ntf8QQH1T6qv31wpZiJAgAABAgR2RUBA3ZWV1AeB+Qj8bHXnJe0+v7refChOtNODAupHD/hm7YkWbXICBAgQIEBg2gIC6rTXR3UECHy6wLdUv3MAjP+9tpm75qCAOiqwDptZB7MQIECAAIGdEvAfIHZqOTVDYDYCnzyg06tWfz4biZNr9HQBdfwGdfwW1UGAAAECBAgQOLSAgHpoKicSIDAhgd+sbriknntWj5hQrbtayjOrGx3QnIC6qyuvLwIECBAgsEYBAXWNuIYmQGBtAreunrpk9OdW3762mQ18lsD9q/sJqG4IAgQIECBA4DgFBNTj1DQWAQKbErhI9c4lk32wOu+mCpnxPALqjBdf6wQIECBAYF0CAuq6ZI1LgMC6BcanTL5uySRXrF617gJmPr5XfGd+A2ifAAECBAisQ0BAXYeqMQkQ2ITAQU/w7lT93CaKmPEcj6uG87LDb1BnfHNonQABAgQIrCogoK4q5zoCBE5a4BuqFy0p4nXV5U66wB2f/9XV5Q/o8SuqN+64gfYIECBAgACBYxYQUI8Z1HAECGxU4L3VBfeZ8X9Vn7nRSuY32Tuqiy5p+2PVuatPzI9FxwQIECBAgMCZCAioZ6LnWgIETlrgL6srLyniO6pnn3SBOzz/v1VnX9Lfh6rz7HDvWiNAgAABAgTWJCCgrgnWsAQIbETgjtXjl8w0wukIqY71CHyk+oIlQ/9z9YXrmdaoBAgQIECAwC4LCKi7vLp6I7D7Auer3n7Ak7zxFG88zXMcv8D7qgscMOwIr/9y/NMakQABAgQIENhlAQF1l1dXbwTmIfDb1XWXtHqv6uHzYNh4l6+oxud8lh3j1etxjoMAAQIECBAgcGgBAfXQVE4kQGCiAt9WPW9JbWMX2bGbrOP4BZ5Y3f6AYX1m5vjNjUiAAAECBHZeQEDd+SXWIIGdFzhX9bYDfvN4peqVO6+w+QYP+g7tqObOB/w+ePPVmpEAAQIECBDYCgEBdSuWSZEECJxG4MnV7Zac8zPV3Qgeu8DpAur3VL947LMakAABAgQIENhpAQF1p5dXcwRmIzB+C7ns944frT5/NhKba/R0AdUrvptbCzMRIECAAIGdERBQd2YpNUJg9gLj96aXWaJwg+q3Zi90vAAC6vF6Go0AAQIECBCoBFS3AQECuyLwsOqeS5r5leqWu9LoRPp4ZnWjA2rx29+JLJQyCBAgQIDANgkIqNu0WmolQOAggS+p3lydbZ+TPlZdovo7hMcm8JLq6geMNjav+qdjm81ABAgQIECAwCwEBNRZLLMmCcxG4KDQ9EPVI2cjsf5GX3+aT/j4vy/rXwMzECBAgACBnRPwHyB2bkk1RGDWAt9bPWmJwMtO88Rv1nArNP/JA655f3XBFcZ0CQECBAgQIDBzAQF15jeA9gnsmMDZq387oKeLVO/esZ5Pqp2DAuqzqhufVGHmJUCAAAECBLZXQEDd3rVTOQEC+wv8anWzJThPqO4I7lgEPlydc8lIAuqxEBuEAAECBAjMT0BAnd+a65jArgtcr3rukibHJkkXqz6+6wgb6O/fq89aMs+LqmttoAZTECBAgAABAjsmIKDu2IJqhwCB/xB4X3WBJRYjwD6f0xkJXPg0r0o/vbr5Gc3gYgIECBAgQGCWAgLqLJdd0wR2XuCh1b2WdPmM6qY7L7DeBq9TveCAKYb/j6y3BKMTIECAAAECuyggoO7iquqJAIGLV29dwjBe771U9V5MKwvcs3rYAVf7BurKtC4kQIAAAQLzFhBQ573+uiewywK/f8DvIO9XPXCXm19zb/evhuF+x9ik6hZrnt/wBAgQIECAwI4KCKg7urDaIkCgW1W/uMThLYunqJhWE3hO9e1LLr1G9dLVhnUVAQIECBAgMHcBAXXud4D+Cey2wIeqL1rSos2SVl/7v60uuc/lb66+bPVhXUmAAAECBAjMXUBAnfsdoH8Cuy0wXkMdr6Pud/xOdd3dbn8t3X3rAbsgP+AA77UUY1ACBAgQIEBgtwQE1N1aT90QIPCpAl9eveEAlPH3N0E7ksAzqxvtc8X7qwseaSQnEyBAgAABAgROERBQ3RIECOy6wEGbJT27+o5dBzjG/kYwHQF1v8PT02OENhQBAgQIEJirgIA615XXN4H5CFyrGiF12fGl1Tvnw3FGnS57ejr8Llt97IxGdzEBAgQIECAwewEBdfa3AAACsxAYr/mO13n3O55Ufd8sFM6syVtXT10yxPAbjg4CBAgQIECAwBkJCKhnxOdiAgS2ROCm1dMPqPXS1diZ1rG/wHmqd1Tn2OfPr6yuBI4AAQIECBAgcBwCAupxKBqDAIFtEPiL6muWFPpb1Q22oYkTqvGO1eOXzP3fqpefUF2mJUCAAAECBHZMQEDdsQXVDgECSwVuVv3qAT5Xq/6I374Cy357eo/q0cwIECBAgAABAsclIKAel6RxCBDYBoERQL9+SaF/U11mG5rYcI3fXj1nnznfV3119Q8brsd0BAgQIECAwA4LCKg7vLhaI0Dg0wSuVz33AJcfqh7J7VMEXlJd/RSTj1Tff5on0hgJECBAgAABAkcWEFCPTOYCAgS2XGB8+3TZ703/ubpU9cEt7/G4yl/23VPfPD0uYeMQIECAAAECnyIgoLohCBCYm8CFqt+rvmJJ4+N11hvODWVJv2Pn3oue8rdnVXetPsCIAAECBAgQIHDcAgLqcYsajwCBbRC4RvXiAwq9ffXkbWhkjTW+fp8Q/9JqPD0d/+4gQIAAAQIECBy7gIB67KQGJEBgSwQb/6lzAAAgAElEQVQeV91pSa0fW4Szd21JL8dZ5iWqn6zG6717j/dWI7j/7nFOZiwCBAgQIECAwF4BAdX9QIDAnAVeV33lEoDxhPUbZoYzXud92D7hdOzUe2NPTmd2N2iXAAECBAicgICAegLopiRAYDIC43eo49Mz51pS0Q9Uj51Mtest5ILVb1eX32ea76uetN7pjU6AAAECBAgQKAHVXUCAwNwFblv9/AEIc/g96gjoT6y+cx+H8eR0bIzkIECAAAECBAisXUBAXTuxCQgQ2AKB8ZR0fNdzv+Pj1VWr125BH6uUePbqZ6rv3efi61fPW2VQ1xAgQIAAAQIEVhEQUFdRcw0BArsmcI7qZdUVlzT2yupKu9Z0//kWzdOqW+7T260Xf9vBtrVEgAABAgQITFVAQJ3qyqiLAIFNC3x+9cZq/BZzv+Mxi+9/brqudc539+pR+0xwHbv1rpPd2AQIECBAgMAyAQHVvUGAAIH/K3CV6kXVeKK63zFegz3o96rbZPk91eOrs+0perzOfIPqhdvUiFoJECBAgACB3REQUHdnLXVCgMDxCFx3sSnQ+G3mqcf4PurXVm84nqlObJQfrh5yyuyjt+tV4/M6DgIECBAgQIDAiQgIqCfCblICBCYu8K3V85fU+M7qCtU/TbyHZeXdo/qp6v/Zc8JHqptWv7elPSmbAAECBAgQ2BEBAXVHFlIbBAgcu8DtqicvGfU3qhsd+4zrH3DU/MxTpvlk9Q3VS9Y/vRkIECBAgAABAgcLCKjuEAIECCwXOOgbqY+uxtPIbTnuuPjN6d5631fdsPrLbWlCnQQIECBAgMBuCwiou72+uiNA4MwFfqW6+ZJhHlDd/8ynWPsID6rue8os76/Gd05fsfbZTUCAAAECBAgQOKSAgHpIKKcRIDBrgcdW37+PwD8sQt7LJ6zz9MXvS/eWOMLp2OzpvROuW2kECBAgQIDADAUE1BkuupYJEFhJYOxue419rnxN9V3Vm1cadX0Xje+6Pq+62p4pxu9NX7YIrH+3vqmNTIAAAQIECBBYTUBAXc3NVQQIzE/gfNWvVtfcp/U/rG5ZfWAiLKPWUdOX76nnf1cPr368+veJ1KkMAgQIECBAgMCnCAiobggCBAgcTeBHFp9pOfWqh1bjbyd9jAA9dh++2J5C/t/qntV4VdlBgAABAgQIEJisgIA62aVRGAECExZ4VHX3feq73gHfT113O+O7prdY7NT72Xsm+2D1ndUfr7sA4xMgQIAAAQIEzlRAQD1TQdcTIDBXgfG67832af7bq+duGOW81VOq654y7wuq76vG52QcBAgQIECAAIHJCwiok18iBRIgMFGBL63GZ2bGb09PPb6ieuOG6r509Yzq8qfM94PVeNLrIECAAAECBAhsjYCAujVLpVACBCYoMELqg5c8SR2/Rx2/S13nca3F09qz75nkz6sRTv9snRMbmwABAgQIECCwDgEBdR2qxiRAYE4CX1c9s7rAPk2PV2zHb1XfcswgI5DeabFZ02ftGfv51V2qdx3zfIYjQIAAAQIECGxEQEDdCLNJCBDYcYHLVY+svmGfPt+9eKL5G8dkcK7qt6ur7hlvfELmgdVDqrFjr4MAAQIECBAgsJUCAupWLpuiCRCYoMB5qidU164+95T63lnd7Rg2T/qO6mGnfELm/6tuWh1XAJ4grZIIECBAgACBuQgIqHNZaX0SILApgVtVj6jOfcqEH1k84Vz1d6m3rp56yph/XY3QetyvEG/KyjwECBAgQIAAgU8REFDdEAQIEDh+gesvXvm9+D5Dj9+r3rX6uyNMO3bpvckp5z+ruvERxnAqAQIECBAgQGDyAgLq5JdIgQQIbKnAeIL6c9V37lP/S6rvrd52mt4uU/1hdf495719sRHS72ypi7IJECBAgAABAksFBFQ3BwECBNYrMILk/6jOcco0b148SX3hkunHE9Px5HTvMV7xvUc1Xhd2ECBAgAABAgR2TkBA3bkl1RABAhMUGL87HZ9/2fu90rPK/K7q1/fU/HnVs6tv3PPP3rcIs785wd6URIAAAQIECBA4NgEB9dgoDUSAAIEDBW5TPWWfMz5aPah6ePXfql+rvmTPea+oxrVjQyQHAQIECBAgQGCnBQTUnV5ezREgMDGBr1i8tnvZfer6y+pr9vzzEVwfvPiszMTaUA4BAgQIECBAYD0CAup6XI1KgACBZQKXrH632m+H37OueV119+rFGAkQIECAAAECcxIQUOe02nolQGAqAueq/qC6wj4FjW+afnX1sakUqw4CBAgQIECAwKYEBNRNSZuHAAECnyrw/Opbl6D8dvVtwAgQIECAAAECcxMQUOe24volQOCkBa5dPaoav0c96PiL6rrVP550weYnQIAAAQIECGxKQEDdlLR5CBCYu8DZqvtU990D8cHqjtXXLb5veqrRcxY7+Pru6dzvHv0TIECAAIGZCAioM1lobRIgcKICF6ietHgielYhT6juVY3desfxc9Ud9qnyZdVNqr8/0Q5MToAAAQIECBDYgICAugFkUxAgMGuBO1WP2yPw/upHql/eR+WHq4fs88/fWH1z9Z5ZS2qeAAECBAgQ2HkBAXXnl1iDBAickMDYqffp1Tftmf/XqttX/3pATXepHrPP39+9CKlvOqF+TEuAAAECBAgQWLuAgLp2YhMQIDAzgfNU91z8tvRzF72/q3pQ9ZRDWoxXf+9Wnf+U88drvjfzfdRDKjqNAAECBAgQ2DoBAXXrlkzBBAhMWOAG1U9Vl95T4y9V4zXfo37XdFxz9+oSp/T7z9UPVGNcBwECBAgQIEBgpwQE1J1aTs0QIHCCAuOp50P3zP/eRZAcO/GuelyuekF1wX0GeGB1v1UHdh0BAgQIECBAYIoCAuoUV0VNBAhsk8Atqp+sLryn6J+pfmzPDr1n0s+Fqt+vLrPPIM+q7lp94EwmcC0BAgQIECBAYCoCAupUVkIdBAhsm8BXVk+trrin8D+sfqh6zTE38znVb1XX2mfct1ffXf3pMc9pOAIECBAgQIDAxgUE1I2Tm5AAgS0XON/iMzHfVZ130curqntXL1xzbw9bbMB06jTj962Pqh5R/cuaazA8AQIECBAgQGBtAgLq2mgNTIDADgqc+k3TsWHRE6uf3uBrtiMYP7k6a4fgvcx/XX19NepyECBAgAABAgS2TkBA3bolUzABAicgcKXqCae8zvvb1T2qt5xAPWNn3/FN1VHXqcc/VvepnlZ94gRqMyUBAgQIECBAYGUBAXVlOhcSIDADgfE673ht9uZ7eh1PKX90sbvuSROMIPrgJUW8rfrx6uknXaT5CRAgQIAAAQKHFRBQDyvlPAIE5iQwXp+9XfXoPU3/7eJ3nuOV3ikdX7F45feqS4oan7m5S/W+KRWtFgIECBAgQIDAfgICqvuCAAECnypw9cXrvJfe84/HZ2MePvGQd6vFd1evsGRBn1SNTZbGk1UHAQIECBAgQGCSAgLqJJdFUQQInIDAN1U/ccrvTP+kum01np5uwzGe/I7vsv5wddF9Cn7X4qnwr1Yf2oaG1EiAAAECBAjMS0BAndd665YAgf0FnlLdZs+fRiAdv+385S0FO//iG60jdO93vKf6scVGSlvaorIJECBAgACBXRQQUHdxVfVEgMBhBM652IX3ptXF91zw+OqnqvceZpCJn/PViw2dbrSkzhcsXmf+w+rjE+9FeQQIECBAgMAMBATUGSyyFgkQ+DSBKy6C23fs+ct4nXdsJvSaHfQa30Yd32pd9vvUl1fjd7a/voO9a4kAAQIECBDYIgEBdYsWS6kECJyxwEUWn17Z+zrvP1S3r37rjEef/gDXrB5TjZ1/9ztesdi9+LXTb0WFBAgQIECAwC4KCKi7uKp6IkBgP4G7Vz9YXXDPHx+y2J33wzMj+8bqftV/36fvP63G91VfNjMT7RIgQIAAAQITEBBQJ7AISiBAYK0C16nuX115zyzPX/yzV6115ukP/lWLjaAuW/3XPeV+crGJ0tjV2EGAAAECBAgQ2JiAgLoxahMRILBhgfE676OrG+yZ9y2LT8k8bcO1TH26yy9+o3q1U0LqYxefrPnE1BtQHwECBAgQILAbAgLqbqyjLggQ+L8CX1x9b3WH6kKLf/wvi02Rxg69jv0FvrR6RHXDU/48XvX97urd4AgQIECAAAEC6xYQUNctbHwCBDYlcPbq5tW9qkvumfQZi6emr99UIVs8z/kWv00d4X7vMT5BM76p+sdb3JvSCRAgQIAAgS0QEFC3YJGUSIDAaQXGZj/jMyrj8zFnHW+ofqB68WmvdsJegc9c7OQ7Xu8d//Pe40eqh+IiQIAAAQIECKxLQEBdl6xxCRDYhMDFq+suvuG5d76xuc99N1HADs9x1ep51blP6fEvFk+q37bDvWuNAAECBAgQOCEBAfWE4E1LgMAZCZyj+r7qntV4LfWs43cX3zR97xmN7uKzBMbmSeN3uyOs7j3+Z3XT6jdRESBAgAABAgSOU0BAPU5NYxEgsAmBEZqeXF1pz2R/s/jG6e9sooCZzfEF1VOr61WfcUrvf1ndrPI0dWY3hXYJECBAgMC6BATUdckalwCB4xY45yKE3rX63D2D/3D1sOOezHifIjD+b8WNq58/xf6sk8bvf+/OjAABAgQIECBwpgIC6pkKup4AgU0I3K66R3WZPZONHWXH50/euYkCzPEfAuP3qL9Qfds+Hu9Z7AA8nrY6CBAgQIAAAQIrCQioK7G5iACBDQlcpHpadbU9872j+snF07wNlWGaPQJjZ9+xCdX4Lwf2/v73rFPG677jO7QvoUaAAAECBAgQOKqAgHpUMecTILAJgXNVP16N13nPOj5aPan6oU0UYI7TCowdlMcGSt9Y/dd9zh4bKD2yevlpR3ICAQIECBAgQGAhIKC6FQgQmJrATRaviu59nffZi6emr5xaserp5tXjqrGZ0n7HeD37l6qx86+DAAECBAgQIHCggIDqBiFAYCoCI5A+uLrhnoL+afHb01+cSpHq2FfgrKep117i8+HFbr+/X32SIQECBAgQIEBgmYCA6t4gQGAKAnep7l+NV3vPOp5S3asa4caxHQK3qh6x2Expv4rHLsDj98Pjd8QOAgQIECBAgMCnCQiobgoCBE5S4LrVT1VfuaeI8Rrv3ao/OcnCzL2ywMWqx1bXrM62zyjjv3B4XfWY6jkrz+JCAgQIECBAYCcFBNSdXFZNEZi8wIUWT9JuuafST1QPXTxJnXwDCjxQYGyadL3FJ2nG92uXHWPjqydWL6heypQAAQIECBAgIKC6BwgQ2LTA+DzJo095nffXqh+p3r3pYsy3VoHzLnZe/pbqs04z07Oq8a8XVeO3xw4CBAgQIEBghgIC6gwXXcsETkjgyovvZ15rz/zvr+5T2QTphBZlA9OeffG5oHtXn3eI+d5Q/cbiiep43Xs8ZXUQIECAAAECMxEQUGey0NokcIIC565usXhqelYZ43Xen128zvuxE6zN1JsTuHz1DdX493E/HOZ4ZzX+9YHFE9i3Vj96mAudQ4AAAQIECGyngIC6neumagLbInCDxVPTvd80/bNqfBvzTdvShDrXIjB2bh67/l5xhdH/R/XHK1znEgIECBAgQGDiAgLqxBdIeQS2VOBSi1d3x+9Nzzo+tNgYafz+1EHgLIEbVbeurnNEkrED8BOq8W1VBwECBAgQILAjAgLqjiykNghMSOC2iyD6xXtqGpsgjSdm/zihOpUyLYERUm9fXfWIZY2NlX66Gk/mHQQIECBAgMCWCwioW76AyicwIYHxLdOnV5fdU9Mbqx+sfm9CdSplugJfWF29+rbqNkcsczxR/fXqjxa/WT3i5U4nQIAAAQIEpiAgoE5hFdRAYLsFxjdNf6La+zrv6Gh80/Rh1Ye3uz3Vn5DARRf/ZccPVVeqznHIOt6++FzN+C9FfFv1kGhOI0CAAAECUxEQUKeyEuogsJ0C31E9ohph4qxjPMG6g02QtnNBJ1z1eAX4qUesbwTUxy8C6xEvdToBAgQIECBwEgIC6kmom5PA9gtcZREWvmxPK39f3a16xva3p4OJClyiuufit6pHLXG8AvzA6j1+C31UOucTIECAAIHNCQiom7M2E4FdEXhcdadTmnlyNV7F/JddaVIfkxYYGyl9U3W/Far8SPVv1Qer5y5eA/Yq8AqQLiFAgAABAusQEFDXoWpMArsp8M3Vk6oL72nvFdX3VK/fzZZ1tQUC918xqO5t7Q3VPyz+wWdUn1V9ZvWn1S9Xr9wCByUSIECAAIGdEBBQd2IZNUFgrQIjkD62uv6eWcbnYsYmSA9f68wGJ3B4gfEb1VstdgE+/FWHO/Ot1a9Wj7Hp1+HAnEWAAAECBFYVEFBXlXMdgXkI7Pd0anzK40erd8yDQJdbJnDzxTd3v3ZNdT+/enb1i2sa37AECBAgQGDWAgLqrJdf8wSWCtykenR1/j1nvHmxCZJvmrpxtkHgXoun/OuqdQTVe1Tj6aqDAAECBAgQOCYBAfWYIA1DYEcExudinrDYgOaslv6p+unqkdXHdqRPbcxD4JLVo6ovry62hpbH/98Yr/2ONw0cBAgQIECAwDEICKjHgGgIAjsgMJ6U3q76vuqCe/p5enXv6l070KMW5i0wfkt92Wq8+nu1Y/6t6oeq88ybV/cECBAgQOB4BATU43E0CoFtFrhh9bDq4nuaePXiszEv3ubG1E7gAIErVt92jGH1WdWNiRMgQIAAAQJnJiCgnpmfqwlss8D4D+jj1cRv3dPEeGVxfOP0GdvcmNoJHFHgRtWVq2tWl6/Gp2ZWOb60eucqF7qGAAECBAgQ+E8BAdWdQGB+AuNVx1tWt68usqf9Jy525x0h1UFg7gLjv7z53uoCR4C4RvXSI5zvVAIECBAgQOAUAQHVLUFgXgLXqX6susqetv+4uo3dSOd1I+j20AJXr+53yN+sXqh636FHdiIBAgQIECDwaQICqpuCwDwEvrr62eq/7Wl3bOxyx+o35kGgSwJnJHDrRVAdO13vdzzAbr5n5OtiAgQIECDwHwICqhuBwO4L/G71P6rPWbT68cX3IcfnNz66++3rkMCxCoxXf8cT1b3HH1TXPtZZDEaAAAECBGYqIKDOdOG1vfMCX1B98z6bHf1+dd/qr3ZeQIME1ifwjYvvqn7m4hNML1jfVEYmQIAAAQLzEhBQ57Xeup2HwPjN3J2r79zT7lur21Z/NA8CXRIgQIAAAQIECGyjgIC6jaumZgL7C3xx9ezqktX4n886HrF4JfHfwBEgQIAAAQIECBCYsoCAOuXVURuBwwmM13nHJ2Medsrp4zemD60+eLhhnEWAAAECBAgQIEDgZAUE1JP1NzuBMxUYG7bcrRoh9azjxdXdq9ed6eCuJ0CAAAECBAgQILBJAQF1k9rmInB8Aleqnlpdds+Q40npXapnHt80RiJAgAABAgQIECCwOQEBdXPWZiJwHAIXqe652ARp73h/Wo2dRT9xHJMYgwABAgQIECBAgMBJCAioJ6FuTgJHF7hQ9VPVLU65dHzT9ImLV3qPPqorCBAgQIAAAQIECExIQECd0GIohcASgbM2QNr7O9Nx6p9X96nGb04dBAgQIECAAAECBLZeQEDd+iXUwA4L3Kh68ikbIJ3V7i9U967+fof71xoBAgQIECBAgMDMBATUmS24dicvcPbqO6sfrC63pNrxtxFcPzr5bhRIgAABAgQIECBA4AgCAuoRsJxKYM0CY2fex1ZXWTLP2KX3v1dvWXMdhidAgAABAgQIECBwIgIC6omwm5TApwhcs7pX9U0HuPzAIryiI0CAAAECBAgQILCzAgLqzi6txrZEYLyqe7vT1Dpe9X3dlvSjTAIECBAgQIAAAQIrCwioK9O5kMAZCdym+vFqfNd02fH26huqd57RTC4mQIAAAQIECBAgsCUCAuqWLJQyd0bgJtWDqkuepqObVb+2M11rhAABAgQIECBAgMAhBATUQyA5hcAxCFy5enw1NkI66Pir6hbV3x7DnIYgQIAAAQIECBAgsFUCAupWLZdit1DgQtUjqvHk9HTHCKXXqt59uhP9nQABAgQIECBAgMAuCgiou7iqepqCwBWqW1Vj993DHA+s7neYE51DgAABAgQIECBAYFcFBNRdXVl9nZTAF1U/Vt31EAV8ovqTxWZJLz/E+U4hQIAAAQIECBAgsNMCAupOL6/mNihw9uqm1U9U5zvkvE+s7nDIc51GgAABAgQIECBAYOcFBNSdX2INbkDg+tXPV+c+5FwfWzw1fdQhz3caAQIECBAgQIAAgVkICKizWGZNrkngAtUzqq8/wvi/Xd2++sARrnEqAQIECBAgQIAAgVkICKizWGZNHrPAuaqHLD4HM17tPexx9+qnD3uy8wgQIECAAAECBAjMTUBAnduK6/dMBMYrvHdZvJ57lHFeU92mevVRLnIuAQIECBAgQIAAgbkJCKhzW3H9ripwo2psanTOIw7wyOq+1dix10GAAAECBAgQIECAwAECAqrbg8DBAl9bPab6miNCvaS6T+XzMUeEczoBAgQIECBAgMB8BQTU+a69zg8WuMjid6bftQLUc6rbVR9e4VqXECBAgAABAgQIEJitgIA626XX+BKBcyyefP7oCkKvrX6zetAK17qEAAECBAgQIECAwOwFBNTZ3wIA9gjcpPrZI3zPdC/e66vvrN5MlAABAgQIECBAgACB1QQE1NXcXLVbAuepfmyxQ+9RO/t49djq/tX4nx0ECBAgQIAAAQIECKwoIKCuCOeynRG4V/WD1Rev0NHrqrG779+ucK1LCBAgQIAAAQIECBA4RUBAdUvMVeDK1QOqb1kR4FnV91QfW/F6lxEgQIAAAQIECBAgIKC6B2YuML5j+ujqVis6vH/xxPUZK17vMgIECBAgQIAAAQIElgh4gurWmJPAeOJ53+piKzT9juql1b2rv1vhepcQIECAAAECBAgQIHAaAQHVLTIHgUtXj6qus2KzH6juUD1vxetdRoAAAQIECBAgQIDAIQQE1EMgOWWrBX5i8dRzlSb+pnphdb/qn1cZwDUECBAgQIAAAQIECBxeQEA9vJUzt0vgMtXTq8uvUPZHqtdU31+9YYXrXUKAAAECBAgQIECAwAoCAuoKaC6ZtMD5qp+tvuMMqhy/Ux1PXh0ECBAgQIAAAQIECGxQQEDdILap1i5w68UOvV+44kwvrm5Q/cuK17uMAAECBAgQIECAAIEzEBBQzwDPpZMRGLvyPqG61ooV/cNiE6Rnr3i9ywgQIECAAAECBAgQOAYBAfUYEA1xogLjsy9n8jruq6ubVG850S5MToAAAQIECBAgQIBAAqqbYFsFvrb6pepSKzYwduW9UfUHK17vMgIECBAgQIAAAQIEjllAQD1mUMNtROCxix12V5ns76tXLa5/+yoDuIYAAQIECBAgQIAAgfUICKjrcTXqegSuWf1MddkVh/9gdZvqBSte7zICBAgQIECAAAECBNYoIKCuEdfQxyrwk9WPrjjiRxevAz+wGiHVQYAAAQIECBAgQIDABAUE1AkuipI+ReDGi0/HXGBFl7+s7lr9+YrXu4wAAQIECBAgQIAAgQ0JCKgbgjbNkQUuXD2outWRr/zPCz5WPaoaT14/seIYLiNAgAABAgQIECBAYIMCAuoGsU11aIGxu+4Tq3Me+opPPfHPqrtX4+mpgwABAgQIECBAgACBLREQULdkoWZS5kWqB1e3WLHf8emY8dT1kSte7zICBAgQIECAAAECBE5QQEA9QXxTf4rAHRa/NT3bii7Pru5Z+XTMioAuI0CAAAECBAgQIHDSAgLqSa+A+b+sekh1/RUp3lHdxadjVtRzGQECBAgQIECAAIEJCQioE1qMGZZy7+onVuz7I9XrFp+eGb85dRAgQIAAAQIECBAgsOUCAuqWL+CWln+J6teqK61Y/wind66evuL1LiNAgAABAgQIECBAYIICAuoEF2WHS/qcRbB82Io9frz6vcVGSK9ecQyXESBAgAABAgQIECAwUQEBdaILs4Nlff1id90rr9jb31TPqn58xetdRoAAAQIECBAgQIDAxAUE1Ikv0I6U9/3VY8+gl5dX31299QzGcCkBAgQIECBAgAABAhMXEFAnvkBbXt5lqqdUV12xj7+vbljZBGlFQJcRIECAAAECBAgQ2CYBAXWbVmt7aj374pum33cGJb+sumX1njMYw6UECBAgQIAAAQIECGyRgIC6RYu1JaWer3pldYEV6v1E9bbFDr+rfn5mhWldQoAAAQIECBAgQIDAFAQE1Cmswu7UcO3qN6rPW7GlJ1T3qMZuvQ4CBAgQIECAAAECBGYmIKDObMHX2O7dqgeuGE5fWN2ueu8a6zM0AQIECBAgQIAAAQITFxBQJ75AW1DehasXVF+5Qq2vr55X/VT1rytc7xICBAgQIECAAAECBHZIQEDdocU8gVZuVv3qivP+1uKJ66tXvN5lBAgQIECAAAECBAjsmICAumMLusF2nljdfsX5XlTdohqfkXEQIECAAAECBAgQIEDgPwQEVDfCUQW+vHp4dZ2jXli9pvre6hUrXOsSAgQIECBAgAABAgR2XEBA3fEFPub2blQ9rRrfOT3K8b+q5y6emtqh9yhyziVAgAABAgQIECAwIwEBdUaLfYatPqT64SOO8YbqSYtw+q4jXut0AgQIECBAgAABAgRmJiCgzmzBV2j3CtUjq6sf4dpPVM+sHlC9/QjXOZUAAQIECBAgQIAAgRkLCKgzXvxDtH7z6lcOcd5Zp4xgOnb1HU9b33qE65xKgAABAgQIECBAgAABmyS5B/YVuGj1sGr85vSwx/ie6X2q8W1TBwECBAgQIECAAAECBI4s4Anqkcl2/oIHVj92yC4/Wv1edW9PTA8p5jQCBAgQIECAAAECBJYKCKhujrMEzl39YfVVhyR5d/XQ6vGHPN9pBKGI0HcAAAaqSURBVAgQIECAAAECBAgQOFBAQHWDnK36nsVT0/MfguMd1e9WP1T5ZMwhwJxCgAABAgQIECBAgMDhBATUwznt6lmXqx5RfeMhG3xc9f2HPNdpBAgQIECAAAECBAgQOJKAgHokrp05+fOqB1c/cMiO/ry6c/WqQ57vNAIECBAgQIAAAQIECBxZQEA9MtnWX3Ct6heqCx2yk/svvmd6yNOdRoAAAQIECBAgQIAAgdUEBNTV3Lb1qldUVzxk8S9evM77pkOe7zQCBAgQIECAAAECBAickYCAekZ8W3XxXaufPkTFf1v9SPWcQ5zrFAIECBAgQIAAAQIECBybgIB6bJSTH+gl1dUPqPJ91e9U96o+MvluFEiAAAECBAgQIECAwM4JCKg7t6RLG3pqdeslfx1PS+9SjZDqIECAAAECBAgQIECAwIkICKgnwn4ik35V9dpTZv7X6ubV806kIpMSIECAAAECBAgQIEBgj4CAOq/b4ZaLz8Vcovqr6gerN86LQLcECBAgQIAAAQIECExVQECd6sqoiwABAgQIECBAgAABAjMTEFBntuDaJUCAAAECBAgQIECAwFQFBNSproy6CBAgQIAAAQIECBAgMDMBAXVmC65dAgQIECBAgAABAgQITFVAQJ3qyqiLAAECBAgQIECAAAECMxMQUGe24NolQIAAAQIECBAgQIDAVAUE1KmujLoIECBAgAABAgQIECAwMwEBdWYLrl0CBAgQIECAAAECBAhMVUBAnerKqIsAAQIECBAgQIAAAQIzExBQZ7bg2iVAgAABAgQIECBAgMBUBQTUqa6MuggQIECAAAECBAgQIDAzAQF1ZguuXQIECBAgQIAAAQIECExVQECd6sqoiwABAgQIECBAgAABAjMTEFBntuDaJUCAAAECBAgQIECAwFQFBNSproy6CBAgQIAAAQIECBAgMDMBAXVmC65dAgQIECBAgAABAgQITFVAQJ3qyqiLAAECBAgQIECAAAECMxMQUGe24NolQIAAAQIECBAgQIDAVAUE1KmujLoIECBAgAABAgQIECAwMwEBdWYLrl0CBAgQIECAAAECBAhMVUBAnerKqIsAAQIECBAgQIAAAQIzExBQZ7bg2iVAgAABAgQIECBAgMBUBQTUqa6MuggQIECAAAECBAgQIDAzAQF1ZguuXQIECBAgQIAAAQIECExVQECd6sqoiwABAgQIECBAgAABAjMTEFBntuDaJUCAAAECBAgQIECAwFQFBNSproy6CBAgQIAAAQIECBAgMDMBAXVmC65dAgQIECBAgAABAgQITFVAQJ3qyqiLAAECBAgQIECAAAECMxMQUGe24NolQIAAAQIECBAgQIDAVAUE1KmujLoIECBAgAABAgQIECAwMwEBdWYLrl0CBAgQIECAAAECBAhMVUBAnerKqIsAAQIECBAgQIAAAQIzExBQZ7bg2iVAgAABAgQIECBAgMBUBQTUqa6MuggQIECAAAECBAgQIDAzAQF1ZguuXQIECBAgQIAAAQIECExVQECd6sqoiwABAgQIECBAgAABAjMTEFBntuDaJUCAAAECBAgQIECAwFQFBNSproy6CBAgQIAAAQIECBAgMDMBAXVmC65dAgQIECBAgAABAgQITFVAQJ3qyqiLAAECBAgQIECAAAECMxMQUGe24NolQIAAAQIECBAgQIDAVAUE1KmujLoIECBAgAABAgQIECAwMwEBdWYLrl0CBAgQIECAAAECBAhMVUBAnerKqIsAAQIECBAgQIAAAQIzExBQZ7bg2iVAgAABAgQIECBAgMBUBQTUqa6MuggQIECAAAECBAgQIDAzAQF1ZguuXQIECBAgQIAAAQIECExVQECd6sqoiwABAgQIECBAgAABAjMTEFBntuDaJUCAAAECBAgQIECAwFQFBNSproy6CBAgQIAAAQIECBAgMDMBAXVmC65dAgQIECBAgAABAgQITFVAQJ3qyqiLAAECBAgQIECAAAECMxMQUGe24NolQIAAAQIECBAgQIDAVAUE1KmujLoIECBAgAABAgQIECAwMwEBdWYLrl0CBAgQIECAAAECBAhMVUBAnerKqIsAAQIECBAgQIAAAQIzExBQZ7bg2iVAgAABAgQIECBAgMBUBQTUqa6MuggQIECAAAECBAgQIDAzAQF1ZguuXQIECBAgQIAAAQIECExVQECd6sqoiwABAgQIECBAgAABAjMTEFBntuDaJUCAAAECBAgQIECAwFQFBNSproy6CBAgQIAAAQIECBAgMDOB/x9kxAhA4EDVzwAAAABJRU5ErkJggg==', '', '');
INSERT INTO `masterpiutang` VALUES ('MPU-2308130001', 'INV/20230801/0001', NULL, '2023-08-13 10:45:46', 'EMP-DD13C4EE9A897673199C3435764C9DF1', NULL, NULL, NULL, 'EMP-2305160001', NULL, NULL, NULL, '0');

-- ----------------------------
-- Table structure for masterpiutangtosupplier
-- ----------------------------
DROP TABLE IF EXISTS `masterpiutangtosupplier`;
CREATE TABLE `masterpiutangtosupplier`  (
  `Id` varchar(50) CHARACTER SET latin1 COLLATE latin1_swedish_ci NOT NULL,
  `KodeSj` varchar(50) CHARACTER SET latin1 COLLATE latin1_swedish_ci NULL DEFAULT NULL,
  `JmlAngsuran` int NULL DEFAULT NULL,
  `SisaBayar` int NULL DEFAULT NULL,
  `BuktiBayar` text CHARACTER SET latin1 COLLATE latin1_swedish_ci NULL,
  `TtdPenerima` text CHARACTER SET latin1 COLLATE latin1_swedish_ci NULL,
  `IsUpdate` bit(1) NULL DEFAULT NULL,
  `Keterangan` varchar(255) CHARACTER SET latin1 COLLATE latin1_swedish_ci NULL DEFAULT NULL COMMENT '<EDIT> <BATAL> <UPDATE>',
  `CreateBy` varchar(50) CHARACTER SET latin1 COLLATE latin1_swedish_ci NULL DEFAULT NULL,
  `CreateDate` timestamp NOT NULL DEFAULT current_timestamp,
  PRIMARY KEY (`Id`) USING BTREE
) ENGINE = InnoDB CHARACTER SET = latin1 COLLATE = latin1_swedish_ci ROW_FORMAT = Dynamic;

-- ----------------------------
-- Records of masterpiutangtosupplier
-- ----------------------------
INSERT INTO `masterpiutangtosupplier` VALUES ('MPS-2309010001', 'sj-009', 5555555, NULL, '', 'data:image/png;base64,iVBORw0KGgoAAAANSUhEUgAAAiIAAAH0CAYAAAAAO0aFAAAAAXNSR0IArs4c6QAAIABJREFUeF7t3QfQdGlZJuBbUAqQIMugIo4kCRJcyQssOQkoLAsuQUZYYVklS8ZFQBEFSQIm8iIoLKlAJEgQUbIgcVDiIDCShyggQbae4vy1/3509xc6POd0X6eKmpr/636f973OM3z3333Oe74vDgIECBAgQIBAk8D3NdVVlgABAgQIECAQQUQTECBAgAABAm0CgkgbvcIECBAgQICAIKIHCBAgQIAAgTYBQaSNXmECBAgQIEBAENEDBAgQIECAQJuAINJGrzABAgQIECAgiOgBAgQIECBAoE1AEGmjV5gAAQIECBAQRPQAAQIECBAg0CYgiLTRK0yAAAECBAgIInqAAAECBAgQaBMQRNroFSZAgAABAgQEET1AgAABAgQItAkIIm30ChMgQIAAAQKCiB4gQIAAAQIE2gQEkTZ6hQkQIECAAAFBRA8QIECAAAECbQKCSBu9wgQIECBAgIAgogcIECBAgACBNgFBpI1eYQIECBAgQEAQ0QMECBAgQIBAm4Ag0kavMAECBAgQICCI6AECBAgQIECgTUAQaaNXmAABAgQIEBBE9AABAgQIECDQJiCItNErTIAAAQIECAgieoAAAQIECBBoExBE2ugVJkCAAAECBAQRPUCAAAECBAi0CQgibfQKEyBAgAABAoKIHiBAgAABAgTaBASRNnqFCRAgQIAAAUFEDxAgQIAAAQJtAoJIG73CBAgQIECAgCCiBwgQIECAAIE2AUGkjV5hAgQIECBAQBDRAwQIECBAgECbgCDSRq8wAQIECBAgIIjoAQIECBAgQKBNQBBpo1eYAAECBAgQEET0AAECBAgQINAmIIi00StMgAABAgQICCJ6gAABAgQIEGgTEETa6BUmQIAAAQIEBBE9QIAAAQIECLQJCCJt9AoTIECAAAECgogeIECAAAECBNoEBJE2eoUJECBAgAABQUQPECBAgAABAm0CgkgbvcIECBAgQICAIKIHCBAgQIAAgTYBQaSNXmECBAgQIEBAENEDBAgQIECAQJuAINJGrzABAgQIECAgiOgBAgQIECBAoE1AEGmjV5gAAQIECBAQRPQAAQIECBAg0CYgiLTRK0yAAAECBAgIInqAAAECBAgQaBMQRNroFSZAgAABAgQEET1AgAABAgQItAkIIm30ChMgQIAAAQKCiB4gQIAAAQIE2gQEkTZ6hQkQIECAAAFBRA8QIECAAAECbQKCSBu9wgQIECBAgIAgogcIECBAgACBNgFBpI1eYQIECBAgQEAQ0QMECBAgQIBAm4Ag0kavMAECBAgQICCI6AECBAgQIECgTUAQaaNXmAABAgQIEBBE9AABAgQIECDQJiCItNErTIAAAQIECAgieoAAAQIECBBoExBE2ugVJkCAAAECBAQRPUCAAAECBAi0CQgibfQKEyBAgAABAoKIHiBAgAABAgTaBASRNnqFCRAgQIAAAUFEDxAgQIAAAQJtAoJIG73CBAgQIECAgCCiBwgQIECAAIE2AUGkjV5hAgQIECBAQBDRAwQIECBAgECbgCDSRq8wAQIECBAgIIjoAQIECBAgQKBNQBBpo1eYAAECBAgQEET0AAECBAgQINAmIIi00StMgAABAgQICCJ6gAABAgQIEGgTEETa6BUmQIAAAQIEBBE9QIAAAQIECLQJCCJt9AoTIECAAAECgogeIECAAAECBNoEBJE2eoUJECBAgAABQUQPECBAgAABAm0CgkgbvcIECBAgQICAIKIHCBAgQIAAgTYBQaSNXmECBAgQIEBAENEDBAgQIECAQJuAINJGrzABAgQIECAgiOgBAgQIECBAoE1AEGmjV5gAAQIECBAQRPQAAQIECBAg0CYgiLTRK0yAAAECBAgIInqAAAECBAgQaBMQRNroFSZAgAABAgQEET1AgAABAgQItAkIIm30ChMgQIAAAQKCiB4gQIAAAQIE2gQEkTZ6hQkQIECAAAFBRA8QIECAAAECbQKCSBu9wgQIECBAgIAgogcIECBAgACBNgFBpI1eYQIECBAgQEAQ0QMECBAgQIBAm4Ag0kavMAECBAgQICCI6AECBAgQIECgTUAQaaNXmAABAgQIEBBE9AABAgQIECDQJiCItNErTIAAAQIECAgieoAAAQIECBBoExBE2ugVJkCAAAECBAQRPUCAAAECBAi0CQgibfQKEyBAgAABAoKIHiBAgAABAgTaBASRNnqFCRAgQIAAAUFEDxAgQIAAAQJtAoJIG73CBAgQIECAgCCiBwgQIECAAIE2AUGkjV5hAgQIECBAQBDRAwQIECBAgECbgCDSRq8wAQIECBAgIIjoAQIECBAgQKBNQBBpo1eYAAECBAgQEET0AAECBAgQINAmIIi00StMgAABAgQICCJ6gAABAgQIEGgTEETa6BUmQIAAAQIEBBE9QIAAAQIECLQJCCJt9AoTIECAAAECgogeIECAAAECBNoEBJE2eoUJECBAgAABQUQPECBAgAABAm0CgkgbvcIECBAgQICAIKIHCBAgQIAAgTYBQaSNXmECBAgQIEBAENEDBAgQIECAQJuAINJGrzABAgQIECAgiOgBAgQIECBAoE1AEGmjV5gAAQIECBAQRPQAAQIECBAg0CYgiLTRK0yAAAECBAgIInqAAAECBAgQaBMQRNroFSZAgAABAgQEET1AgAABAgQItAkIIm30ChMgQIAAAQKCiB4gQIAAAQIE2gQEkTZ6hQkQIECAAAFBRA8QIECAAAECbQKCSBu9wgQIECBAgIAgogcIECBAgACBNgFBpI1eYQIECBAgQEAQ0QMECBAgQIBAm4Ag0kavMAECBAgQICCI6AECBAgQIECgTUAQaaNXmAABAgQIEBBE9AABAgQIECDQJiCItNErTIAAAQIECAgieoAAAQIECBBoExBE2ugVJkCAAAECBAQRPUCAAAECBAi0CQgibfQKEyBAgAABAoKIHiBAgAABAgTaBASRNnqFCRAgQIAAAUFEDxAgQIAAAQJtAoJIG73CBAgQIECAgCCiBwgQIECAAIE2AUGkjV5hAgQIECBAQBDRAwQIECBAgECbgCDSRq8wAQIECBAgIIjoAQIECBAgQKBNQBBpo1eYAAECBAgQEET0AAECBAgQINAmIIi00StMgAABAgQICCJ6gAABAgQIEGgTEETa6BUmQIAAAQIEBBE9QIAAAQIECLQJCCJt9AoTIECAAAECgogeIECAwPgELpPkksO0zpDkx5L8zfDvX05yuST1519KcuYkpyX5QJKzDq95T5LPjm9ZZkTgewUEEV1BgACB9QpcLMlXk5wvydWTnCnJ15KclOR0ST6S5EJJzrPiabwxySuSPCfJe1c8tuEIrExAEFkZpYEIENhSgXMmuWiS+pTi9Em+k+RHkpx/CBhnSXLC8O9fHwJHfWrxueF9Y2B5YpL7JPniGCZjDgSOFxBE9AMBAgS+GzLqE4n6OuRcSa6a5FJbCHPHJH+8heuypAkLCCITPnmmToDAkQR+NMmNk1w+yX9KUl+d7NLx4iSPTfLqXVq0tY5XQBAZ77kxMwIEViNwtSQ/m+TiSa6T5IyrGXbhKF9I8snhq5m6BuQTSa44XHBaX9scuxC1rhvpOh6W5AFJvt01AXUJlIAgog8IENhGgWskuenwycePr2mBb0jyjSSfSvKuJB9O8pUk/5zk3QeseYHhE5nbJfkvSR6Z5GxJ6kLTOiqonHf457mTXOSA4x70ZXUR7Z2S/O+DvsHrCKxaQBBZtajxCBDoEPgPSa6X5PpJbpik/n3Z4/1J/mW44+Qzw+2x70xSt8Z2HScmueDwScvxt+/WXTF1R86x42bDJ0AHmWd9QlNfU/3TQV7sNQRWLSCIrFrUeAQIbEKgvl6pr1zql2993VIXmy5zfDTJK5OcnOTtSU4ZPtlYZszu994rySMOOIn6FOc/J/n4AV/vZQRWJiCIrIzSQAQIrFmgvmqpu1mulOSyS9aqjcBeMASOJw3XcCw55Gjf/rQktz3A7F4/fKJUn5A4CGxMQBDZGLVCBAgcUuASSX4lya2TnP2Q75318tck+fPhK5bXrmC8KQ1xhyR3PcDXNXU3zd2ntDBznb6AIDL9c2gFBLZFoK7xqL+514WmtWHYskdd8Fm3qr5luHj008sOOPH311bw9SlQOS866qLZF018raY/IQFBZEIny1QJbKlA3QlSn1Rcesn11U6m9anHy5K8dLh9dskht/LtzxvuKJq3uLr1uC5erWfXOAisXUAQWTuxAgQIzBG4cpLbJ7nNElsJ1G2zzxz25/h70gcS+KHhDplFnzq9LslVDjSaFxFYUkAQWRLQ2wkQOJRAPUX2Bklq34za1fSwRwWPf0jyF0nePNxee9gxvP679sf2Kpnnccskz4ZFYN0Cgsi6hY1PgMAxgbslecwhP/340HC9Qu2TUbfWvgnnygQqaNRXYvOOCnpHCYsrm6CBdkNAENmN82yVBLoE6pH390hyl0NcgFpbot83Sf2zLjR1rE+g7pKpu2nmHfXgv3esr7yRCdjiXQ8QILAegdpw7ObDJyDnOECJukCy7nB5QpLaz8KxGYGzJnlfkto+ftZRgfD3NjMVVXZVwCciu3rmrZvA+gTqOpAnDlutL6pSzzl5TpJXDf+rZ7Y4Ni/wi8MFv7Mq1228dTuvg8DaBASRtdEamMBOCtSdFn+7z8rro/4/SvKs4SFxOwk1okWfLslnk8z65Kq2fu98QvCImExlXQKCyLpkjUtgtwTq/0tqR84HJqnbQ2cdfzc8XfYvk/z7bvGMfrW10dlNZsyyzlNd51NPGXYQWIuAILIWVoMS2DmBupbgYXNW/cEkD07yZzunMp0FPyDJQ+ZM90JJ6hw6CKxFQBBZC6tBCeyUQD3l9XeS/MCeVX8ryZ8On5R4kNq4W+Law9OHZ82yfvbqcU/f7KYsIIhM+eyZO4F+gfsl+d0Z06iP8uuW3bpo1TF+gQsPd8/Mmmk9/+fp41+CGU5VQBCZ6pkzbwL9AvVU3GfMmEbdiltPe31u/xTN4IAC9WlW3cX0/TNe/9RhJ9wDDuVlBA4nIIgczsurCRD4rsDPD9us7/WoW3CvlOTDoCYnUF+fnWXGrN+QpJ4L5CCwFgFBZC2sBiWw1QI3TVJPcN171BNvb5bka1u9+u1d3EeTnDhjebZ6395zPoqVCSKjOA0mQWAyAtdPUh/V/+ieGdfunPVVzVsnsxIT3StQFxafNIPliwtuyaZIYGkBQWRpQgMQ2BmB2yR5SpLTH7fibw5bstf+IbVPiGO6AndK8gdzpl+flHx8uksz8zELCCJjPjvmRmA8ArdL8tAZD66ra0F+yfNhxnOilpjJolt4r5fkFUuM7a0E5goIIpqDAIH9BCpoPCrJCXteWLfo3ijJX+03gJ9PQqCeEXTqnJneLcnjJrEKk5ycgCAyuVNmwgQ2KnCPIYTsLfpvw50Ub9vobBRbp0D9PjhtzvUgj05yz3UWN/buCggiu3vurZzAfgL3H3ZM3fu6zyS5QpJT9hvAzycnUBcbX2bGrJ8/3BE1uQWZ8PgFBJHxnyMzJNAhULul1q6pe496SutVk/xjx6TUXLvAvIffvXHYH2btE1Bg9wQEkd0751ZMYD+BekDdg2a8qD62v24SX8fsJzjdn9ddUb88Y/rvT3KR6S7LzMcsIIiM+eyYG4HNCzw8yX1mlD05yS2TvHvzU1JxgwLz9hKpu6MuuMF5KLVDAoLIDp1sSyWwj0DdovvkGa95Z5KbuCZkJ/rn7Ul+ZsZK35HkUjshYJEbFxBENk6uIIFRCsy7O6YuXrxGkq+MctYmtUqBn0zy3iT1ALy9x8uS3GCVxYxF4JiAIKIXCBC4d5Lfm/NJSG3p/glEOyFQe8VUIJ11PGbBz3YCxyLXJyCIrM/WyASmIFB/y33JjIl+erhL4kNTWIQ5Li3wg0k+OefpuzV4Peiw7qhxEFi5gCCyclIDEpiMQN0BM2tX1A8mqS296wJFx24I/FaS35iz1H9Pcq5hs7Pd0LDKjQoIIhvlVozAaATOl6T2htj7FN26Nfe2Sd4zmpmayLoF6vdAffJ1/jmFXjxs5b/ueRh/RwUEkR098Za98wL1i+cCMxQunOQDO6+zWwA/l6TCxryjnie06Oe7pWW1KxcQRFZOakACoxd4YZIb75nlvya5YZLXjn72JrhqgfclqQA66/joEFi/veqixiNwTEAQ0QsEdkvgVkn+bM+SP5akniuz9893S2Y3V3tSktrEbN5Ru+z+5m7SWPWmBASRTUmrQ6Bf4NJJXpfkTHum8sAkD+mfnhlsWGDeBnbHT+NySWovGQeBtQkIImujNTCB0QnUg+ouumdW9VXM1Uc3UxNat8DtkzwxyaLfAV9M8kPrnojxCQgieoDAbgg8NMmv71nqKUl+2q6pu9EAx62yLk59fpIz7LPy/5PkFjunY8EbFxBENk6uIIGNC1wyybtmVK0Q4iF2Gz8drQXrq5bXJKkNzBYddXHqxZLUU3cdBNYqIIisldfgBNoFzpnkr4dPPo6fzF2TPL59diawSYHqhTcf4Cm69ZXMXZI8Y5OTU2t3BQSR3T33Vr4bAo9Mcs/jlvr5YavuukbAsTsCV0vynCQ/fIAl32z46uYAL/USAssLCCLLGxqBwFgFrpDkTXsm97XhI/ePjHXS5rVSgcsneUSSqx5w1Dsm+eMDvtbLCKxEQBBZCaNBCIxO4GxJXpWkrgk4/vi1JL8/utma0KoE6gLUKw5h887DPw86tq/rDirldSsVEERWymkwAqMRqF8qj90zmwom1xnNDE1klQJ1m22d8/vN2CfmIHWenOR/HOSFXkNg1QKCyKpFjUegX6D2Cqk9Q/Ye9YC7T/VPzwxWKHCeJH84Y8v+w5Soi1LrQYf1lF0HgY0LCCIbJ1eQwNoF6i6Za+yp8qtJ/mTtlRXYlMA1k9T1HDddsmBtala9IYQsCentRxcQRI5u550Exihw3yQP2zOxuljxPmOcrDkdWuDWSe4943bsww50apLHJam7qoSQw+p5/UoFBJGVchqMQKvAZZO8ZM8tml8f/v3LrTNTfBmBn0hSAeQXD3nx6d6a3xi+squnL/92km8tMynvJbAqAUFkVZLGIdArcN4kr96zWdUnho2pajtvx/QELjBcu3G3JHUX1FGOLyX5h+HBdXXx8sePMoj3EFingCCyTl1jE9iMwI8leUKSeobIsaP+9vvsJLfZzBRUWaHAtYa9Py61xJjvTPKkJM9N8uklxvFWAmsXEETWTqwAgbUL1DUg99pTpT52r82s3r726gqsQuAiSe40XHxawfKoxx8keeawlftRx/A+AhsVEEQ2yq0YgZUL1F0Tz5sxaj0rpH4pOcYtcP0kv5Dkvy8xzc8keXCSpyf51yXG8VYCLQKCSAu7ogRWIlC36NatunuPuiaknhfiGKfAjZP8/LD3xwlLTPF9SV42BM4PLTGOtxJoFRBEWvkVJ3BkgZ9M8oEZ764/+9kkHz7yyN64aoGzJ7ldkmsnqU9Alj1emeRBSd647EDeT2AMAoLIGM6CORA4nEDdTfH6JLVT6vHHaUlOSvLSww3n1WsQqE86KnxcJcmVk9QW7MscXx1uzf6L4RqQZcbyXgKjEhBERnU6TIbAvgLnSPK2JOef8cp3r2Cjq30n4AVzBepTqlsOu9ru3dn2qGx/N9yWXRckVxhxENg6AUFk606pBW25wAuS3GTOGutR7/WLy7EZgTMlKfN6kGB9HXbxFZWtQPmKJE9N8t4VjWkYAqMVEERGe2pMjMD3CDwgyUPmuDxwwc9Qrk7gEsMttrXb6c2T/OAKhq6N505O8obhDqgKIg4COyMgiOzMqbbQiQvUL73aoGzW8dYkl5v4+sY6/br76ApJLpmkNhj74RVN9DXDXh91PY9PsVaEaphpCggi0zxvZr1bAj+14CP62jeirkf4+90iWetq6+LSqye5e5Jlbq89fpJ1cXF94lGbjb1rrbM3OIGJCQgiEzthprtzAnUdQv3tuf5WPuuoT0nqAknH0QXqttqrDXe41D+XPerW6Wck+dskXxie9bLsmN5PYGsFBJGtPbUWtiUC9aj22iV11lHPEDlfkq9tyVo3sYx6OGDt5VEX/NYnH6u4xqM+lXracJ1H7W7qfGziTKqxNQKCyNacSgvZQoFbJHnWgnXVY+H/fAvXvYolnXEIGnVL7U8nucyCT5UOW6+2VK8LSit81BOP62JTBwECRxQQRI4I520E1ixQd2csunuiLnCsW0cdybmSXHPY4K1uoa1baU9cMcwTk7wwyTsEjxXLGm7nBQSRnW8BACMVqOsLalfOWceXklw6yS49X6TCxhWT/Mckpx/+ee4VfspxvPOpw50sdYHpm10IPNL/QkxrawQEka05lRayRQL3SPKoBeup60butkXrPX4p9UC4uo6jtkSvT3zqa5UKIes8Pp+knt9SX7PUhcGznuGzzvrGJrDTAoLITp9+ix+hQG2U9U9J6m6ZWcdHhz0t6lOR7uOCw8We307y9SSnGz6tOEOS+rP6xKb+/PijPtWoZ+XUcbEk9RVU3Z585iTn2cCC6nk8tXfH+4fbaD85fOqxgdJKECAwS0AQ0RcExiVQt33eesGU6hf5m477+R2H/S6+M2y2Vb9Y6yuF+sVej4mvv+3X8ZXhF2+9rr7aqP/2KzjU/+p6igsNrzv2Z/XVz1mS1OvruotjG3lVsPhmkrMekO0jw7UbdfFohZOqvamjHOrC0tq3o67tqE89ysFBgMCIBASREZ0MU9l5gfoq4rULFN6Z5Gf2/PyLSc62w3LlVWGpQtfHhpBW+3icssMmlk5gUgKCyKROl8luuUA94Ky+pph31PUT9Rj4Y0ddrPkvW2pSO8XW/hx11Fc8Hx/CxT8Pf1YXkdqvY0tPvmXtloAgslvn22rHK3DnJI9fML15z5N523AHTcfKak6Lvuo4x3B3y7G51d0on0pS17f8Y5IPJvlckvrzbw23xdYnGw4CBHZIQBDZoZNtqaMVqGsx6iLU+sU976gt3t8y54f1MLazJ6mLR+si13o+Sl3rUdeTfP8hVv3l47Yj/7ehXl3XUdeE1PUWDgIECKxcQBBZOakBCRxaYL/bdetrissfelRvIECAwAQEBJEJnCRT3GqB+iSjHoy26LhpkhdstYLFESCwswKCyM6eegsficB9kzxswVxm3SkzkqmbBgECBJYXEESWNzQCgaMK1G2379nnuSgnJXnmUQt4HwECBMYuIIiM/QyZ3zYL3D/J7yxYYO2HURegOggQILC1AoLI1p5aC5uAQO2NsWhb8/slefgE1mGKBAgQOLKAIHJkOm8ksJTAzZM8e58R6jbc2mfDQYAAga0VEES29tRa2MgFXpXkWgvm+Kwktxr5GkyPAAECSwsIIksTGoDAoQUum6T2Bll01Gtq11QHAQIEtlpAENnq02txIxV4aJJfXzC3Nya50kjnbloECBBYqYAgslJOgxHYV+CsSerBbYu2c79dkqfuO5IXECBAYAsEBJEtOImWMCmBX07ylAUz/nySH0/y1UmtymQJECBwRAFB5Ihw3kbgiAL73bJb+4r8ryOO7W0ECBCYnIAgMrlTZsITFrhRkhftM/+LJnnfhNdo6gQIEDiUgCByKC4vJrCUwKuTXHPBCC9McpOlKngzAQIEJiYgiEzshJnuZAVOTPL+JGdcsIKfS/KSya7QxAkQIHAEAUHkCGjeQuAIArVV+30WvO+UJBc4wrjeQoAAgUkLCCKTPn0mPxGB2qq9btk984L53jvJIyeyHtMkQIDAygQEkZVRGojAXIE7J3n8Ap8vJzlvkrp110GAAIGdEhBEdup0W2yTwHuT/NSC2hVS7to0N2UJECDQKiCItPIrvgMC10vy8n3W+RNJPrYDFpZIgACB7xEQRDQFgfUK/FWS6y4oUbf0Xnu9UzA6AQIExisgiIz33JjZ9AUufYAn6F4lyeumv1QrIECAwNEEBJGjuXkXgYMIPCvJLRa88OQklzjIQF5DgACBbRUQRLb1zFpXt0A9Xfe0fSZx2yRP756o+gQIEOgUEEQ69dXeZoH9NjA7dXjK7jYbWBsBAgT2FRBE9iXyAgJHEvhoktrWfd5Rt+su2lvkSEW9iQABAlMTEESmdsbMdyoCX01ypjmTrQ3M6pbdL0xlMeZJgACBdQkIIuuSNe4uC5w+yTeSnG4OwhuTXGmXgaydAAECxwQEEb1AYPUCF07yvgXD/lqS3199WSMSIEBgegKCyPTOmRmPX+CGSf5ywTQvmOTD41+GGRIgQGD9AoLI+o1V2D2B+sTj0XOW/dkk507yrd1jsWICBAh8r4AgoisIrF7gyUluN2fYv0lyjdWXNCIBAgSmKSCITPO8mfW4BV6/4GLUhyZ5wLinb3YECBDYnIAgsjlrlXZHoG7LPfuc5d4gyct2h8JKCRAgsFhAENEhBFYrcL4kp8wZ8ptJfiTJ51db0mgECBCYroAgMt1zZ+bjFPivSZ4/Z2pvTXK5cU7brAgQINAjIIj0uKu6vQIPTvKgOct7bJK7b+/SrYwAAQKHFxBEDm/mHQQWCbw8yfXmvOBGSV6MjwABAgT+n4AgohsIrFbgtCTnmDHk14frQ7602nJGI0CAwLQFBJFpnz+zH5fAJZK8e86UXpvk6uOartkQIECgX0AQ6T8HZrA9AndO8vg5y/mtBdeObI+AlRAgQOCQAoLIIcG8nMACgWclucWcn185yRvoESBAgMD/LyCI6AgCqxGo/5Y+leRcM4b73HB9yLdXU8ooBAgQ2B4BQWR7zqWV9ApcLMnJc6ZQn5Tcqnd6qhMgQGCcAoLIOM+LWU1P4LZJnjZn2rZ1n975NGMCBDYkIIhsCFqZrRd4epJfmrHKryU5IclXt17AAgkQIHAEAUHkCGjeQmCGQD1fpp4zs/d4aZIbEiNAgACB2QKCiM4gsLzAoutD7pBEpBA8AAAKNklEQVTkScuXMAIBAgS2U0AQ2c7zalWbFbj9nLDxnSQnJjl1s9NRjQABAtMREESmc67MdLwC9YlHhZG9x5uSXHG80zYzAgQI9AsIIv3nwAymL/CeJBefsYzfTvIb01+eFRAgQGB9AoLI+myNvBsCZ0nyxSSnm7Hc6yR51W4wWCUBAgSOJiCIHM3NuwgcE7h8kjfP4PhmkrMnqdt3HQQIECAwR0AQ0RoElhM4KcmfzhjiLUmusNzQ3k2AAIHtFxBEtv8cW+F6BX43yf1mlPjDJPU0XgcBAgQILBAQRLQHgeUEXpTkRjOGqF1Wn7Hc0N5NgACB7RcQRLb/HFvhegXq+pC6TmTvcekkb19vaaMTIEBg+gKCyPTPoRX0Cnw2yTlnTKH+7LTeqalOgACB8QsIIuM/R2Y4XoEzzXmY3ReSnGO80zYzAgQIjEdAEBnPuTCT6QmcN8lHZkz75CSXmN5yzJgAAQKbFxBENm+u4vYIXC5J3aa79/jrJNfanmVaCQECBNYnIIisz9bI2y9wvSQvn7HM5yb5b9u/fCskQIDA8gKCyPKGRthdgZskecGM5f9RkjvtLouVEyBA4OACgsjBrbySwF6B2yZ52gyWxyS5By4CBAgQ2F9AENnfyCsIzBO4Q5InzPhhPXG3nrzrIECAAIF9BAQRLULg6AJ3TfLYGW+/f5KHHX1Y7yRAgMDuCAgiu3OurXT1AvWMmXrWzN7jnkkevfpyRiRAgMD2CQgi23dOrWhzAhU4Hjmj3K/M+cpmczNTiQABAhMREEQmcqJMc5QC90ryiBkzu32Sp4xyxiZFgACBkQkIIiM7IaYzKYH7JHm4IDKpc2ayBAiMTEAQGdkJMZ1JCTwwyW/OmHHtIVJ7iTgIECBAYB8BQUSLEDi6wF2SPG7G2/9nkicefVjvJECAwO4ICCK7c66tdPUCtWnZo2YM+6tJ/mT15YxIgACB7RMQRLbvnFrR5gRekeQ6M8q9Msl1NzcNlQgQIDBdAUFkuufOzPsFfiHJc2ZMo/78ef3TMwMCBAiMX0AQGf85MsPxCpwhyalJTjhuip9OcmKSb4x32mZGgACB8QgIIuM5F2YyTYEfSHL9JHceLlx9eZJvTXMpZk2AAIHNCwgimzdXkQABAgQIEBgEBBGtQIAAAQIECLQJCCJt9AoTIECAAAECgogeIECAAAECBNoEBJE2eoUJECBAgAABQUQPECBAgAABAm0CgkgbvcIECBAgQICAIKIHCBAgQIAAgTYBQaSNXmECBAgQIEBAENEDBAgQIECAQJuAINJGrzABAgQIECAgiOgBAgQIECBAoE1AEGmjV5gAAQIECBAQRPQAAQIECBAg0CYgiLTRK0yAAAECBAgIInqAAAECBAgQaBMQRNroFSZAgAABAgQEET1AgAABAgQItAkIIm30ChMgQIAAAQKCiB4gQIAAAQIE2gQEkTZ6hQkQIECAAAFBRA8QIECAAAECbQKCSBu9wgQIECBAgIAgogcIECBAgACBNgFBpI1eYQIECBAgQEAQ0QMECBAgQIBAm4Ag0kavMAECBAgQICCI6AECBAgQIECgTUAQaaNXmAABAgQIEBBE9AABAgQIECDQJiCItNErTIAAAQIECAgieoAAAQIECBBoExBE2ugVJkCAAAECBAQRPUCAAAECBAi0CQgibfQKEyBAgAABAoKIHiBAgAABAgTaBASRNnqFCRAgQIAAAUFEDxAgQIAAAQJtAoJIG73CBAgQIECAgCCiBwgQIECAAIE2AUGkjV5hAgQIECBAQBDRAwQIECBAgECbgCDSRq8wAQIECBAgIIjoAQIECBAgQKBNQBBpo1eYAAECBAgQEET0AAECBAgQINAmIIi00StMgAABAgQICCJ6gAABAgQIEGgTEETa6BUmQIAAAQIEBBE9QIAAAQIECLQJCCJt9AoTIECAAAECgogeIECAAAECBNoEBJE2eoUJECBAgAABQUQPECBAgAABAm0CgkgbvcIECBAgQICAIKIHCBAgQIAAgTYBQaSNXmECBAgQIEBAENEDBAgQIECAQJuAINJGrzABAgQIECAgiOgBAgQIECBAoE1AEGmjV5gAAQIECBAQRPQAAQIECBAg0CYgiLTRK0yAAAECBAgIInqAAAECBAgQaBMQRNroFSZAgAABAgQEET1AgAABAgQItAkIIm30ChMgQIAAAQKCiB4gQIAAAQIE2gQEkTZ6hQkQIECAAAFBRA8QIECAAAECbQKCSBu9wgQIECBAgIAgogcIECBAgACBNgFBpI1eYQIECBAgQEAQ0QMECBAgQIBAm4Ag0kavMAECBAgQICCI6AECBAgQIECgTUAQaaNXmAABAgQIEBBE9AABAgQIECDQJiCItNErTIAAAQIECAgieoAAAQIECBBoExBE2ugVJkCAAAECBAQRPUCAAAECBAi0CQgibfQKEyBAgAABAoKIHiBAgAABAgTaBASRNnqFCRAgQIAAAUFEDxAgQIAAAQJtAoJIG73CBAgQIECAgCCiBwgQIECAAIE2AUGkjV5hAgQIECBAQBDRAwQIECBAgECbgCDSRq8wAQIECBAgIIjoAQIECBAgQKBNQBBpo1eYAAECBAgQEET0AAECBAgQINAmIIi00StMgAABAgQICCJ6gAABAgQIEGgTEETa6BUmQIAAAQIEBBE9QIAAAQIECLQJCCJt9AoTIECAAAECgogeIECAAAECBNoEBJE2eoUJECBAgAABQUQPECBAgAABAm0CgkgbvcIECBAgQICAIKIHCBAgQIAAgTYBQaSNXmECBAgQIEBAENEDBAgQIECAQJuAINJGrzABAgQIECAgiOgBAgQIECBAoE1AEGmjV5gAAQIECBAQRPQAAQIECBAg0CYgiLTRK0yAAAECBAgIInqAAAECBAgQaBMQRNroFSZAgAABAgQEET1AgAABAgQItAkIIm30ChMgQIAAAQKCiB4gQIAAAQIE2gQEkTZ6hQkQIECAAAFBRA8QIECAAAECbQKCSBu9wgQIECBAgIAgogcIECBAgACBNgFBpI1eYQIECBAgQEAQ0QMECBAgQIBAm4Ag0kavMAECBAgQICCI6AECBAgQIECgTUAQaaNXmAABAgQIEBBE9AABAgQIECDQJiCItNErTIAAAQIECAgieoAAAQIECBBoExBE2ugVJkCAAAECBAQRPUCAAAECBAi0CQgibfQKEyBAgAABAoKIHiBAgAABAgTaBASRNnqFCRAgQIAAAUFEDxAgQIAAAQJtAoJIG73CBAgQIECAgCCiBwgQIECAAIE2AUGkjV5hAgQIECBAQBDRAwQIECBAgECbgCDSRq8wAQIECBAgIIjoAQIECBAgQKBNQBBpo1eYAAECBAgQEET0AAECBAgQINAmIIi00StMgAABAgQICCJ6gAABAgQIEGgTEETa6BUmQIAAAQIEBBE9QIAAAQIECLQJCCJt9AoTIECAAAECgogeIECAAAECBNoE/i+ij8MTCXqLXwAAAABJRU5ErkJggg==', NULL, NULL, 'emp-0001', '2023-09-01 14:42:46');

-- ----------------------------
-- Table structure for masterpph
-- ----------------------------
DROP TABLE IF EXISTS `masterpph`;
CREATE TABLE `masterpph`  (
  `Id` varchar(50) CHARACTER SET latin1 COLLATE latin1_swedish_ci NOT NULL,
  `Pph` int NULL DEFAULT NULL,
  `CreateBy` varchar(50) CHARACTER SET latin1 COLLATE latin1_swedish_ci NULL DEFAULT NULL,
  `CreateDate` timestamp NULL DEFAULT current_timestamp,
  PRIMARY KEY (`Id`) USING BTREE
) ENGINE = InnoDB CHARACTER SET = latin1 COLLATE = latin1_swedish_ci ROW_FORMAT = COMPACT;

-- ----------------------------
-- Records of masterpph
-- ----------------------------
INSERT INTO `masterpph` VALUES ('PPH-001', 11, 'admin', '2022-10-24 20:01:58');
INSERT INTO `masterpph` VALUES ('PPH-230001', 11, 'EMP-55E7B147297B6E1D6CB9C6F336CD69A1', '2023-02-20 15:53:09');
INSERT INTO `masterpph` VALUES ('PPH-230002', 11, 'EMP-55E7B147297B6E1D6CB9C6F336CD69A1', '2023-02-20 15:53:13');
INSERT INTO `masterpph` VALUES ('PPH-230003', 11, 'EMP-55E7B147297B6E1D6CB9C6F336CD69A1', '2023-02-20 16:17:20');
INSERT INTO `masterpph` VALUES ('PPH-2303120001', 0, 'emp-0001', '2023-03-12 17:12:59');
INSERT INTO `masterpph` VALUES ('PPH-2303120002', 0, 'emp-0001', '2023-03-12 17:13:27');
INSERT INTO `masterpph` VALUES ('PPH-2303120003', 11, 'emp-0001', '2023-03-12 17:14:21');
INSERT INTO `masterpph` VALUES ('PPH-2303120004', 11, 'emp-0001', '2023-03-12 17:16:47');
INSERT INTO `masterpph` VALUES ('PPH-2303120005', 11, 'emp-0001', '2023-03-12 17:17:32');
INSERT INTO `masterpph` VALUES ('PPH-2303120006', 11, 'emp-0001', '2023-03-12 17:17:43');
INSERT INTO `masterpph` VALUES ('PPH-2303120007', 0, 'emp-0001', '2023-03-12 17:18:33');
INSERT INTO `masterpph` VALUES ('PPH-2303120008', 10, 'emp-0001', '2023-03-12 17:23:35');
INSERT INTO `masterpph` VALUES ('PPH-2303120009', 0, 'emp-0001', '2023-03-12 17:24:04');
INSERT INTO `masterpph` VALUES ('PPH-2303290001', 0, 'EMP-55E7B147297B6E1D6CB9C6F336CD69A1', '2023-03-29 08:41:11');
INSERT INTO `masterpph` VALUES ('PPH-2303290002', 0, 'EMP-55E7B147297B6E1D6CB9C6F336CD69A1', '2023-03-29 08:41:18');
INSERT INTO `masterpph` VALUES ('PPH-2304040001', 0, 'EMP-55E7B147297B6E1D6CB9C6F336CD69A1', '2023-04-04 16:41:43');
INSERT INTO `masterpph` VALUES ('PPH-2304040002', 0, 'EMP-55E7B147297B6E1D6CB9C6F336CD69A1', '2023-04-04 16:41:48');
INSERT INTO `masterpph` VALUES ('PPH-2304070001', 10, 'EMP-55E7B147297B6E1D6CB9C6F336CD69A1', '2023-04-07 10:53:01');
INSERT INTO `masterpph` VALUES ('PPH-2304070002', 0, 'EMP-55E7B147297B6E1D6CB9C6F336CD69A1', '2023-04-07 10:54:27');
INSERT INTO `masterpph` VALUES ('PPH-2305030001', 0, 'EMP-55E7B147297B6E1D6CB9C6F336CD69A1', '2023-05-03 16:14:00');
INSERT INTO `masterpph` VALUES ('PPH-2308210001', 0, 'emp-0001', '2023-08-21 11:24:40');
INSERT INTO `masterpph` VALUES ('PPH-2BAEA841C0ED469D68F83641F1669F68', 12, 'emp-0002', '2022-10-24 20:19:50');
INSERT INTO `masterpph` VALUES ('PPH-4DDB5CCFBDBA197688FFF1DFDD7F78E7', 11, 'EMP-55E7B147297B6E1D6CB9C6F336CD69A1', '2023-02-03 09:58:16');
INSERT INTO `masterpph` VALUES ('PPH-78C257109E3525609EACF24F7A114C19', 11, 'EMP-55E7B147297B6E1D6CB9C6F336CD69A1', '2023-02-03 09:58:18');
INSERT INTO `masterpph` VALUES ('PPH-E1CDA7F5B332C0A0AF8D2D8087C88430', 11, 'emp-0002', '2022-10-24 20:20:03');

-- ----------------------------
-- Table structure for masterproduct
-- ----------------------------
DROP TABLE IF EXISTS `masterproduct`;
CREATE TABLE `masterproduct`  (
  `Id` varchar(50) CHARACTER SET latin1 COLLATE latin1_swedish_ci NOT NULL,
  `NameProduct` varchar(255) CHARACTER SET latin1 COLLATE latin1_swedish_ci NULL DEFAULT NULL,
  `Supplier` varchar(50) CHARACTER SET latin1 COLLATE latin1_swedish_ci NULL DEFAULT NULL,
  `Satuan` varchar(50) CHARACTER SET latin1 COLLATE latin1_swedish_ci NULL DEFAULT NULL,
  `Harga` decimal(65, 0) NULL DEFAULT NULL,
  `CreateBy` varchar(50) CHARACTER SET latin1 COLLATE latin1_swedish_ci NULL DEFAULT NULL,
  `CreateDate` timestamp NULL DEFAULT current_timestamp,
  `Stok` int NULL DEFAULT NULL,
  `StokRusak` int NULL DEFAULT NULL,
  `OngkosKuli` int NULL DEFAULT NULL,
  `ApproveBy` varchar(50) CHARACTER SET latin1 COLLATE latin1_swedish_ci NULL DEFAULT NULL,
  `ApproveDate` timestamp NULL DEFAULT NULL,
  `Status` varchar(5) CHARACTER SET latin1 COLLATE latin1_swedish_ci NULL DEFAULT '1',
  `CV` varchar(50) CHARACTER SET latin1 COLLATE latin1_swedish_ci NULL DEFAULT NULL,
  `IsBlock` varchar(5) CHARACTER SET latin1 COLLATE latin1_swedish_ci NULL DEFAULT '0',
  PRIMARY KEY (`Id`) USING BTREE
) ENGINE = InnoDB CHARACTER SET = latin1 COLLATE = latin1_swedish_ci ROW_FORMAT = COMPACT;

-- ----------------------------
-- Records of masterproduct
-- ----------------------------
INSERT INTO `masterproduct` VALUES ('PROD-062AD13AB70984A7B0A155B95B4446CB', 'ft86', 'SUP-FCC434C74D0E3B275CCB368450E4C1EC', 'unit', 55000, 'emp-0001', '2022-12-21 13:31:08', 67, 3, 20, 'emp-0001', '2022-11-21 13:51:02', '1', 'MCV-24EFBC8C2D21272B04DC72882DBEE6BB', '0');
INSERT INTO `masterproduct` VALUES ('PROD-0FAAC2BF894C1A31E69B3D24BDB57EEF', 'fortuner', 'SUP-FCC434C74D0E3B275CCB368450E4C1EC', 'unit', 9898, 'emp-0001', '2022-12-27 10:22:56', 0, 1, 10, 'emp-0001', '0000-00-00 00:00:00', '1', 'MCV-24EFBC8C2D21272B04DC72882DBEE6BB', '0');
INSERT INTO `masterproduct` VALUES ('PROD-230001', 'ATAP GALVALUM KR-5 TBL 0.25 AURI UK 4M', 'SUP-230001', 'LMBR', 96000, 'EMP-55E7B147297B6E1D6CB9C6F336CD69A1', '2023-02-17 15:41:54', 101, 0, 350, 'emp-0001', '2023-07-15 11:19:54', '1', 'MCV-AC647D5EB841AC1CC92A46A0B736132E', '0');
INSERT INTO `masterproduct` VALUES ('PROD-230002', 'GYPSUM EBOARD', 'SUP-230002', 'LMBR', 41000, 'EMP-55E7B147297B6E1D6CB9C6F336CD69A1', '2023-02-17 16:02:06', 1, 0, 350, 'emp-0001', '2023-07-15 10:40:35', '1', 'MCV-AC647D5EB841AC1CC92A46A0B736132E', '0');
INSERT INTO `masterproduct` VALUES ('PROD-230003', 'ATAP GALVALUM KR-5 TBL 0.25 AURI UK 3M', 'SUP-230001', 'LEMBAR', 96000, 'EMP-55E7B147297B6E1D6CB9C6F336CD69A1', '2023-02-17 16:05:42', 100, 5, 350, 'emp-0001', '2023-07-31 19:17:03', '1', 'MCV-AC647D5EB841AC1CC92A46A0B736132E', '0');
INSERT INTO `masterproduct` VALUES ('PROD-230004', 'ATAP GALVALUM KR-5 TBL 0.25 AURI UK 5M', 'SUP-230001', 'LEMBAR', 96000, 'EMP-55E7B147297B6E1D6CB9C6F336CD69A1', '2023-02-17 16:06:42', 2, 0, 350, 'EMP-55E7B147297B6E1D6CB9C6F336CD69A1', '2023-01-20 15:45:35', '1', 'MCV-AC647D5EB841AC1CC92A46A0B736132E', '0');
INSERT INTO `masterproduct` VALUES ('PROD-230005', 'ATAP GALVALUM KR-5 TBL 0.25 AURI UK 6M', 'SUP-230001', 'LEMBAR', 96000, 'EMP-55E7B147297B6E1D6CB9C6F336CD69A1', '2023-02-17 16:07:25', 24, 0, 350, 'emp-0001', '2023-07-26 11:45:09', '1', 'MCV-AC647D5EB841AC1CC92A46A0B736132E', '0');
INSERT INTO `masterproduct` VALUES ('PROD-230006', 'ATAP GALVALUM KR-5 TBL 0.25 AURI UK 7M', 'SUP-230001', 'LEMBAR', 96000, 'EMP-55E7B147297B6E1D6CB9C6F336CD69A1', '2023-02-17 16:07:54', NULL, NULL, 350, 'EMP-55E7B147297B6E1D6CB9C6F336CD69A1', '2023-01-20 15:46:36', '1', 'MCV-AC647D5EB841AC1CC92A46A0B736132E', '0');
INSERT INTO `masterproduct` VALUES ('PROD-230008', 'MU 380 PEREKAT BATARINGAN', 'SUP-230004', 'SAK', 98000, 'EMP-55E7B147297B6E1D6CB9C6F336CD69A1', '2023-02-17 16:14:03', 3, 0, 400, 'emp-0001', '2023-01-17 16:33:50', '1', 'MCV-AC647D5EB841AC1CC92A46A0B736132E', '0');
INSERT INTO `masterproduct` VALUES ('PROD-230009', 'TANDON PENGUIN TB 120 X 1200 LTR', 'SUP-230005', 'PCS', 1568000, 'EMP-55E7B147297B6E1D6CB9C6F336CD69A1', '2023-02-17 16:18:47', 1, 1, 2000, 'emp-0001', '2023-01-17 16:33:54', '1', 'MCV-AC647D5EB841AC1CC92A46A0B736132E', '0');
INSERT INTO `masterproduct` VALUES ('PROD-230010', 'TANDON PENGUIN TB 55 X 520 LTR', 'SUP-230005', 'PCS', 928000, 'EMP-55E7B147297B6E1D6CB9C6F336CD69A1', '2023-02-17 16:19:41', 3, 1, 2000, 'emp-0001', '2023-01-17 16:33:58', '1', 'MCV-AC647D5EB841AC1CC92A46A0B736132E', '0');
INSERT INTO `masterproduct` VALUES ('PROD-230011', 'TANDON PENGUIN TB 110 X 1050 LTR', 'SUP-230005', 'PCS', 1440000, 'EMP-55E7B147297B6E1D6CB9C6F336CD69A1', '2023-02-17 16:20:51', 2, 1, 2000, 'EMP-55E7B147297B6E1D6CB9C6F336CD69A1', '2023-01-20 15:49:57', '1', 'MCV-AC647D5EB841AC1CC92A46A0B736132E', '0');
INSERT INTO `masterproduct` VALUES ('PROD-230012', 'TANDON PENGUIN TB 70 X 650 LTR', 'SUP-230005', 'PCS', 1024000, 'EMP-55E7B147297B6E1D6CB9C6F336CD69A1', '2023-02-17 16:21:57', 4, 0, 2000, 'emp-0001', '2023-01-17 16:34:08', '1', 'MCV-AC647D5EB841AC1CC92A46A0B736132E', '0');
INSERT INTO `masterproduct` VALUES ('PROD-230013', 'CANALT KENCANA C75 X 0.60 ', 'SUP-230006', 'BATANG', 0, 'EMP-55E7B147297B6E1D6CB9C6F336CD69A1', '2023-02-17 16:25:00', 51, 0, 250, 'emp-0001', '2023-03-11 20:53:39', '1', 'MCV-AC647D5EB841AC1CC92A46A0B736132E', '0');
INSERT INTO `masterproduct` VALUES ('PROD-230014', 'HCL', 'SUP-230007', 'PETI', 0, 'EMP-55E7B147297B6E1D6CB9C6F336CD69A1', '2023-02-17 16:26:31', 22, 0, 500, 'emp-0001', '2023-01-17 16:34:18', '1', 'MCV-AC647D5EB841AC1CC92A46A0B736132E', '0');
INSERT INTO `masterproduct` VALUES ('PROD-230015', 'TRIPLEK SENGON 4MM', 'SUP-230003', 'LMBR', 0, 'EMP-55E7B147297B6E1D6CB9C6F336CD69A1', '2023-02-17 16:27:11', 36, 0, 250, 'emp-0001', '2023-01-17 16:34:24', '1', 'MCV-AC647D5EB841AC1CC92A46A0B736132E', '0');
INSERT INTO `masterproduct` VALUES ('PROD-230016', 'TRIPLEK SENGON 8MM - B', 'SUP-230003', 'LMBR', 0, 'EMP-55E7B147297B6E1D6CB9C6F336CD69A1', '2023-02-17 16:27:45', 326, 0, 300, 'EMP-55E7B147297B6E1D6CB9C6F336CD69A1', '2023-01-20 15:52:24', '1', 'MCV-AC647D5EB841AC1CC92A46A0B736132E', '0');
INSERT INTO `masterproduct` VALUES ('PROD-230017', 'PAKU NAIL 2000 1', 'SUP-230008', 'DUS', 0, 'EMP-55E7B147297B6E1D6CB9C6F336CD69A1', '2023-02-17 16:29:00', 25, 0, 500, 'emp-0001', '2023-01-17 16:34:32', '1', 'MCV-AC647D5EB841AC1CC92A46A0B736132E', '0');
INSERT INTO `masterproduct` VALUES ('PROD-9B4C813D343F4E73C0812D1683D7B487', 'solar', 'SUP-894D1E0CD838D9106E9EB7DA36112B51', 'liter', 10000, 'emp-0001', '2023-01-07 15:16:10', 959, 4, 100, 'emp-0001', '0000-00-00 00:00:00', '1', 'MCV-AC647D5EB841AC1CC92A46A0B736132E', '0');
INSERT INTO `masterproduct` VALUES ('PROD-C5F5951606E7689BD0C55D622D2B00F1', 'rush', 'SUP-FCC434C74D0E3B275CCB368450E4C1EC', 'unit', 22000, 'emp-0001', '2022-12-20 14:40:56', 72, 1, 10, 'emp-0001', '2022-11-20 14:50:13', '1', 'MCV-C13BD916F6C799114D2BADE8D5389099', '0');
INSERT INTO `masterproduct` VALUES ('PROD-C8ACF6C1ACF8A948C9E755ECA5A8598F', 'ULO', 'SUP-AF0122FA82449C09FD419AEAF574D356', 'LITER', 300000, 'emp-0001', '2023-01-07 17:37:54', 8, 5, 600, 'emp-0001', '0000-00-00 00:00:00', '1', 'MCV-D021D18A919D16EEFE8166B99E3E74EB', '0');

-- ----------------------------
-- Table structure for masterreport
-- ----------------------------
DROP TABLE IF EXISTS `masterreport`;
CREATE TABLE `masterreport`  (
  `Id` varchar(50) CHARACTER SET latin1 COLLATE latin1_swedish_ci NOT NULL,
  `Header` text CHARACTER SET latin1 COLLATE latin1_swedish_ci NULL,
  `Query` text CHARACTER SET latin1 COLLATE latin1_swedish_ci NULL,
  `CreateBy` varchar(50) CHARACTER SET latin1 COLLATE latin1_swedish_ci NULL DEFAULT NULL,
  `CreateDate` timestamp NULL DEFAULT current_timestamp,
  `Nama` varchar(255) CHARACTER SET latin1 COLLATE latin1_swedish_ci NULL DEFAULT NULL,
  PRIMARY KEY (`Id`) USING BTREE
) ENGINE = InnoDB CHARACTER SET = latin1 COLLATE = latin1_swedish_ci ROW_FORMAT = Dynamic;

-- ----------------------------
-- Records of masterreport
-- ----------------------------
INSERT INTO `masterreport` VALUES ('MR-2302220001', 'IdPelanggan, NamaPelanggan, NamaSales, JenisBayar, JatuhTempo, Invoice, NameProduct, Jml, Harga, Disc, SubTotal, StatusClose, CloseBy', 'SELECT mp.Id IdPelanggan, mp.NamaPelanggan, me.Username NamaSales, mjb.JenisBayar, so.JatuhTempo, so.Invoice, \r\n	msp.NameProduct, dso.Jml, dso.Harga, dso.Disc, so.Pph, dso.SubTotal,\r\n	so.CreateDate, CASE IFNULL(so.IsClose,\'\') WHEN \'\' THEN \'Belum Close\' ELSE \'Sudah Close\' END StatusClose,\r\n	mee.Username CloseBy\r\nFROM masterso AS so\r\nLEFT JOIN masterpelanggan AS mp ON mp.Id = so.IdPelanggan\r\nLEFT JOIN masteremploye AS me ON me.Id = so.IdSales\r\nLEFT JOIN masterjenisbayar AS mjb ON mjb.Id = so.MetodeBayar\r\nLEFT JOIN masteremploye AS mee ON mee.Id = so.CreateCloseBy\r\nLEFT JOIN detailso AS dso ON dso.IdSo = so.Id\r\nLEFT JOIN masterproduct AS msp ON msp.Id = dso.IdProduct\r\nWHERE IFNULL(so.StatusBatal,\'\') = \'\' AND IFNULL(so.ApproveDate,\'\') != \'\'\r\n	AND IFNULL(so.Invoice,\'\') != \'\' AND CONVERT(so.TglInvoice, DATE) BETWEEN \r\n		CASE IFNULL(\'2023-01-01\', \'\') WHEN \'\' THEN CURRENT_DATE() \r\n			ELSE \'2023-01-01\' END \r\n	AND CASE IFNULL(\'2023-02-22\', \'\') WHEN \'\' THEN CURRENT_DATE()\r\n			ELSE \'2023-02-22\' END\r\n	AND me.Username LIKE \'%%\'\r\n	AND mp.NamaPelanggan LIKE \'%%\'\r\n	AND IFNULL(msp.ApproveBy, \'\') != \'\' AND msp.Status = \'1\'\r\n	AND msp.NameProduct LIKE \'%%\'', 'admin', '2023-02-22 13:40:18', 'Report Detail Toko');

-- ----------------------------
-- Table structure for mastersetting
-- ----------------------------
DROP TABLE IF EXISTS `mastersetting`;
CREATE TABLE `mastersetting`  (
  `Id` varchar(50) CHARACTER SET latin1 COLLATE latin1_swedish_ci NOT NULL,
  `Nama` varchar(100) CHARACTER SET latin1 COLLATE latin1_swedish_ci NULL DEFAULT NULL,
  `Nilai` varchar(100) CHARACTER SET latin1 COLLATE latin1_swedish_ci NULL DEFAULT NULL,
  `IsAktif` bit(1) NULL DEFAULT b'1',
  `CreateDate` timestamp NOT NULL DEFAULT current_timestamp,
  `CreateBy` varchar(50) CHARACTER SET latin1 COLLATE latin1_swedish_ci NULL DEFAULT 'Admin',
  PRIMARY KEY (`Id`) USING BTREE
) ENGINE = InnoDB CHARACTER SET = latin1 COLLATE = latin1_swedish_ci ROW_FORMAT = Dynamic;

-- ----------------------------
-- Records of mastersetting
-- ----------------------------
INSERT INTO `mastersetting` VALUES ('SET-230826-0001', 'TglPeriode', '24', b'1', '2023-08-26 13:24:21', 'Admin');

-- ----------------------------
-- Table structure for mastersidebar
-- ----------------------------
DROP TABLE IF EXISTS `mastersidebar`;
CREATE TABLE `mastersidebar`  (
  `Id` int NOT NULL,
  `Menu` varchar(200) CHARACTER SET utf8mb4 COLLATE utf8mb4_general_ci NULL DEFAULT NULL,
  `Access` varchar(255) CHARACTER SET utf8mb4 COLLATE utf8mb4_general_ci NULL DEFAULT NULL,
  `Icon` varchar(50) CHARACTER SET utf8mb4 COLLATE utf8mb4_general_ci NULL DEFAULT NULL,
  `CreateDate` timestamp NULL DEFAULT current_timestamp,
  `Link` varchar(255) CHARACTER SET utf8mb4 COLLATE utf8mb4_general_ci NULL DEFAULT NULL,
  `Aktif` bit(1) NULL DEFAULT b'0',
  PRIMARY KEY (`Id`) USING BTREE
) ENGINE = InnoDB CHARACTER SET = utf8mb4 COLLATE = utf8mb4_general_ci ROW_FORMAT = COMPACT;

-- ----------------------------
-- Records of mastersidebar
-- ----------------------------
INSERT INTO `mastersidebar` VALUES (1, 'Dashboard', 'EMP-079C0D1C95E886AFCE18E1A7ACBC8FAA', 'mdi-gauge', '2023-02-16 14:20:22', 'Dashboard', b'1');
INSERT INTO `mastersidebar` VALUES (2, 'Master Akses', 'EMP-A6E622809C1FE3E89BE43FDEA088C81E', 'mdi-gauge', '2022-09-13 19:22:14', 'MasterAkses', b'1');
INSERT INTO `mastersidebar` VALUES (3, 'Report Penjualan', 'EMP-A6E622809C1FE3E89BE43FDEA088C81E,EMP-DD13C4EE9A897673199C3435764C9DF1', 'mdi-gauge', '2023-01-21 09:45:43', 'ReportPenjualan', b'1');
INSERT INTO `mastersidebar` VALUES (4, 'Report Sales', 'EMP-3942E45C735A382B3F8300694B4206EC', 'mdi-gauge', '2023-01-21 13:57:24', 'ReportSales', b'1');
INSERT INTO `mastersidebar` VALUES (5, 'Karyawan', 'EMP-55E7B147297B6E1D6CB9C6F336CD69A1,EMP-A6E622809C1FE3E89BE43FDEA088C81E', 'mdi-gauge', '2022-09-16 05:07:59', 'MasterKaryawan', b'1');
INSERT INTO `mastersidebar` VALUES (6, 'Master Pelanggan', 'EMP-A6E622809C1FE3E89BE43FDEA088C81E', 'mdi-gauge', '2023-01-17 11:29:31', 'MasterPelanggan', b'1');
INSERT INTO `mastersidebar` VALUES (7, 'Master Supplier & Product', 'EMP-55E7B147297B6E1D6CB9C6F336CD69A1', 'mdi-gauge', '2022-09-27 13:04:42', 'MasterSupplier', b'1');
INSERT INTO `mastersidebar` VALUES (8, 'Approve Product', 'EMP-079C0D1C95E886AFCE18E1A7ACBC8FAA,EMP-55E7B147297B6E1D6CB9C6F336CD69A1', 'mdi-gauge', '2022-12-19 11:13:43', 'ApproveProducts', b'1');
INSERT INTO `mastersidebar` VALUES (9, 'Master Kendaraan', 'EMP-55E7B147297B6E1D6CB9C6F336CD69A1', 'mdi-gauge', '2022-09-27 14:48:20', 'MasterVehicle', b'1');
INSERT INTO `mastersidebar` VALUES (10, 'Master Ongkos Sopir', 'EMP-55E7B147297B6E1D6CB9C6F336CD69A1', 'mdi-gauge', '2022-12-22 10:12:39', 'MasterOngkosSopir', b'1');
INSERT INTO `mastersidebar` VALUES (11, 'Stok', 'EMP-55E7B147297B6E1D6CB9C6F336CD69A1', 'mdi-gauge', '2022-09-27 15:12:06', 'DataStok', b'1');
INSERT INTO `mastersidebar` VALUES (12, 'Approve Stok', 'EMP-55E7B147297B6E1D6CB9C6F336CD69A1', 'mdi-gauge', '2022-12-17 14:34:11', 'ApproveStok', b'1');
INSERT INTO `mastersidebar` VALUES (13, 'Sales Order', 'EMP-A6E622809C1FE3E89BE43FDEA088C81E', 'mdi-gauge', '2022-09-30 20:04:06', 'NewSalesOrder', b'1');
INSERT INTO `mastersidebar` VALUES (14, 'Status Order', 'EMP-A6E622809C1FE3E89BE43FDEA088C81E', 'mdi-gauge', '2022-10-05 15:24:30', 'StatusOrder', b'1');
INSERT INTO `mastersidebar` VALUES (15, 'Order Masuk', 'EMP-A6E622809C1FE3E89BE43FDEA088C81E', 'mdi-gauge', '2022-10-07 15:17:12', 'OrderMasuk', b'1');
INSERT INTO `mastersidebar` VALUES (16, 'Create SJ Kolektor', 'EMP-2304040001,EMP-DD13C4EE9A897673199C3435764C9DF1', 'mdi-gauge', '2022-10-10 14:47:03', 'TagihanKolektor', b'1');
INSERT INTO `mastersidebar` VALUES (17, 'Pembayaran', 'EMP-2304040001,EMP-DD13C4EE9A897673199C3435764C9DF1', 'mdi-gauge', '2022-10-10 15:12:16', 'Pembayaran', b'1');
INSERT INTO `mastersidebar` VALUES (18, 'Approve Pembayaran', 'EMP-079C0D1C95E886AFCE18E1A7ACBC8FAA', 'mdi-gauge', '2022-10-18 11:51:16', 'ApprovePembayaran', b'1');
INSERT INTO `mastersidebar` VALUES (19, 'Master Invoice', 'EMP-2304040001,EMP-A6E622809C1FE3E89BE43FDEA088C81E,EMP-DD13C4EE9A897673199C3435764C9DF1', 'mdi-gauge', '2022-10-18 12:38:11', 'MasterInvoice', b'1');
INSERT INTO `mastersidebar` VALUES (20, 'Master Pengiriman', 'EMP-55E7B147297B6E1D6CB9C6F336CD69A1', 'mdi-gauge', '2022-12-20 15:31:51', 'MasterPengiriman', b'1');
INSERT INTO `mastersidebar` VALUES (21, 'Master CV', 'EMP-55E7B147297B6E1D6CB9C6F336CD69A1', 'mdi-gauge', '2022-12-24 14:35:03', 'MasterCv', b'1');
INSERT INTO `mastersidebar` VALUES (22, 'Open Order Toko', 'EMP-A6E622809C1FE3E89BE43FDEA088C81E', 'mdi-gauge', '2023-01-23 12:33:30', 'OpenOrderToko', b'1');
INSERT INTO `mastersidebar` VALUES (23, 'Stok Opname', 'EMP-55E7B147297B6E1D6CB9C6F336CD69A1', 'mdi-gauge', '2023-01-25 09:23:25', 'StokOpname', b'1');
INSERT INTO `mastersidebar` VALUES (24, 'Approve Stok Opname', 'emp-0001', 'mdi-gauge', '2023-01-27 09:29:33', 'AccStokOpname', b'1');
INSERT INTO `mastersidebar` VALUES (25, 'History Product', 'EMP-A6E622809C1FE3E89BE43FDEA088C81E', 'mdi-gauge', '2023-04-10 20:20:52', 'HistoryProduct', b'1');
INSERT INTO `mastersidebar` VALUES (26, 'Aging OutStanding Piutang', 'emp-0001,EMP-DD13C4EE9A897673199C3435764C9DF1', 'mdi-gauge', '2023-04-12 13:48:22', 'HistoryPiutang', b'1');
INSERT INTO `mastersidebar` VALUES (27, 'Return Barang', 'EMP-A6E622809C1FE3E89BE43FDEA088C81E', 'mdi-gauge', '2023-04-14 15:27:09', 'ReturnBarang', b'1');
INSERT INTO `mastersidebar` VALUES (28, 'Rekap Komisi', 'emp-0001', 'mdi-gauge', '2023-04-15 10:50:34', 'RekapKomisi', b'1');
INSERT INTO `mastersidebar` VALUES (29, 'Report Return Barang', 'EMP-A6E622809C1FE3E89BE43FDEA088C81E', 'mdi-gauge', '2023-04-16 19:47:20', 'ReportReturnBarang', b'1');
INSERT INTO `mastersidebar` VALUES (30, 'Report Batal ', 'EMP-3942E45C735A382B3F8300694B4206EC,EMP-A6E622809C1FE3E89BE43FDEA088C81E', 'mdi-gauge', '2023-05-25 19:02:38', 'ReportBatal', b'1');
INSERT INTO `mastersidebar` VALUES (31, 'Report OutStanding SO', 'EMP-A6E622809C1FE3E89BE43FDEA088C81E', 'mdi-gauge', '2023-08-02 19:59:02', 'ReportOutStandSO', b'1');
INSERT INTO `mastersidebar` VALUES (32, 'History Pembayaran', 'emp-0001', 'mdi-gauge', '2023-08-12 21:51:23', 'HistoryPembayaran', b'1');
INSERT INTO `mastersidebar` VALUES (33, 'Master Periode', 'emp-0001', 'mdi-gauge', '2023-08-26 13:27:55', 'MasterPeriode', b'1');
INSERT INTO `mastersidebar` VALUES (34, 'Pembayaran Ke Supplier', 'emp-0001', 'mdi-gauge', '2023-08-31 18:41:54', 'PembayaranKeSupplier', b'1');

-- ----------------------------
-- Table structure for mastersjkolektor
-- ----------------------------
DROP TABLE IF EXISTS `mastersjkolektor`;
CREATE TABLE `mastersjkolektor`  (
  `Id` varchar(50) CHARACTER SET latin1 COLLATE latin1_swedish_ci NOT NULL,
  `IdKolektor` varchar(50) CHARACTER SET latin1 COLLATE latin1_swedish_ci NULL DEFAULT NULL,
  `SisaBayar` int NULL DEFAULT NULL,
  `IsCetak` bit(1) NULL DEFAULT b'0',
  `CetakBy` varchar(50) CHARACTER SET latin1 COLLATE latin1_swedish_ci NULL DEFAULT NULL,
  `CetakDate` timestamp NOT NULL DEFAULT current_timestamp ON UPDATE CURRENT_TIMESTAMP,
  `CreateBy` varchar(50) CHARACTER SET latin1 COLLATE latin1_swedish_ci NULL DEFAULT NULL,
  `CreateDate` timestamp NOT NULL DEFAULT current_timestamp,
  `Keterangan` varchar(255) CHARACTER SET latin1 COLLATE latin1_swedish_ci NULL DEFAULT NULL,
  `IdSo` varchar(50) CHARACTER SET latin1 COLLATE latin1_swedish_ci NULL DEFAULT NULL,
  PRIMARY KEY (`Id`) USING BTREE
) ENGINE = InnoDB CHARACTER SET = latin1 COLLATE = latin1_swedish_ci ROW_FORMAT = Dynamic;

-- ----------------------------
-- Records of mastersjkolektor
-- ----------------------------
INSERT INTO `mastersjkolektor` VALUES ('SJ-2307210001', 'EMP-230001', 175000, b'1', 'emp-0001', '2023-08-13 11:29:30', 'emp-0001', '2023-07-21 21:22:33', 'OK LAH', 'MSO-2307210001');
INSERT INTO `mastersjkolektor` VALUES ('SJ-2307310001', 'EMP-230002', 479000, b'1', 'emp-0001', '2023-07-31 19:52:04', 'emp-0001', '2023-07-31 19:52:04', 'test lagi', 'MSO-2307310001');
INSERT INTO `mastersjkolektor` VALUES ('SJ-2307310002', 'EMP-2305160001', 861000, b'1', 'emp-0001', '2023-07-31 20:48:18', 'emp-0001', '2023-07-31 20:48:18', 'cetak sj mau pulang', 'MSO-2307310002');
INSERT INTO `mastersjkolektor` VALUES ('SJ-2308030001', 'EMP-230002', 202000, b'1', 'emp-0001', '2023-08-03 18:36:44', 'emp-0001', '2023-08-03 18:36:44', 'cetak sj last', 'MSO-2308030001');
INSERT INTO `mastersjkolektor` VALUES ('SJ-2308050001', 'PSP', 3300000, b'1', 'EMP-A6E622809C1FE3E89BE43FDEA088C81E', '2023-08-05 16:52:44', 'EMP-A6E622809C1FE3E89BE43FDEA088C81E', '2023-08-05 16:52:44', 'BARANG DITERIMA SEMUA', 'MSO-2308050001');
INSERT INTO `mastersjkolektor` VALUES ('SJ-2308050002', 'EMP-2305160001', 500000, b'1', 'emp-0001', '2023-08-05 17:18:01', 'emp-0001', '2023-08-05 17:18:01', 'OK', 'MSO-2308050002');
INSERT INTO `mastersjkolektor` VALUES ('SJ-2308080001', 'EMP-2305160001', 2160000, b'1', 'emp-0001', '2023-08-08 17:14:50', 'emp-0001', '2023-08-08 17:14:50', 'OK', 'MSO-2308050004');

-- ----------------------------
-- Table structure for mastersjkolektorOLD
-- ----------------------------
DROP TABLE IF EXISTS `mastersjkolektorOLD`;
CREATE TABLE `mastersjkolektorOLD`  (
  `Id` varchar(50) CHARACTER SET utf8mb4 COLLATE utf8mb4_general_ci NOT NULL,
  `InvSo` varchar(50) CHARACTER SET utf8mb4 COLLATE utf8mb4_general_ci NULL DEFAULT NULL,
  `IdStaff` varchar(50) CHARACTER SET utf8mb4 COLLATE utf8mb4_general_ci NULL DEFAULT NULL,
  `SisaBayar` varchar(50) CHARACTER SET utf8mb4 COLLATE utf8mb4_general_ci NULL DEFAULT NULL,
  `CreateBy` varchar(50) CHARACTER SET utf8mb4 COLLATE utf8mb4_general_ci NULL DEFAULT NULL,
  `CreateDate` timestamp NULL DEFAULT current_timestamp,
  PRIMARY KEY (`Id`) USING BTREE
) ENGINE = InnoDB CHARACTER SET = utf8mb4 COLLATE = utf8mb4_general_ci ROW_FORMAT = DYNAMIC;

-- ----------------------------
-- Records of mastersjkolektorOLD
-- ----------------------------
INSERT INTO `mastersjkolektorOLD` VALUES ('MSJ-2303120001', 'INV/20230312/0001', 'EMP-71F6F1EABB06FA009D8C035702493EF3', '233000', 'emp-0001', '2023-03-12 17:46:22');
INSERT INTO `mastersjkolektorOLD` VALUES ('MSJ-2303120002', 'INV/20230312/0001', 'EMP-71F6F1EABB06FA009D8C035702493EF3', '232000', 'emp-0001', '2023-03-12 17:52:35');
INSERT INTO `mastersjkolektorOLD` VALUES ('MSJ-2303120003', 'INV/20230312/0001', 'EMP-71F6F1EABB06FA009D8C035702493EF3', '232000', 'emp-0001', '2023-03-12 17:54:42');
INSERT INTO `mastersjkolektorOLD` VALUES ('MSJ-2304040001', 'INV/20230313/0001', '', '106560', 'EMP-DD13C4EE9A897673199C3435764C9DF1', '2023-04-04 16:41:30');
INSERT INTO `mastersjkolektorOLD` VALUES ('MSJ-2304070001', 'INV/20230407/0002', 'EMP-9CE4BDFDF1B9883B16B1BAE3253DBECF', '106560', 'EMP-DD13C4EE9A897673199C3435764C9DF1', '2023-04-07 13:47:49');
INSERT INTO `mastersjkolektorOLD` VALUES ('MSJ-2306130001', 'INV/20230516/0001', 'EMP-9CE4BDFDF1B9883B16B1BAE3253DBECF', '31110000', 'EMP-2304040001', '2023-06-13 09:14:00');
INSERT INTO `mastersjkolektorOLD` VALUES ('MSJ-2306130002', 'INV/20230506/0004', 'EMP-9CE4BDFDF1B9883B16B1BAE3253DBECF', '10200000', 'EMP-2304040001', '2023-06-13 09:14:09');
INSERT INTO `mastersjkolektorOLD` VALUES ('MSJ-2306130003', 'INV/20230506/0003', 'EMP-9CE4BDFDF1B9883B16B1BAE3253DBECF', '10500000', 'EMP-2304040001', '2023-06-13 09:14:44');
INSERT INTO `mastersjkolektorOLD` VALUES ('MSJ-2306130004', 'INV/20230506/0001', 'EMP-9CE4BDFDF1B9883B16B1BAE3253DBECF', '55000', 'EMP-2304040001', '2023-06-13 09:14:51');
INSERT INTO `mastersjkolektorOLD` VALUES ('MSJ-2306130005', 'INV/20230504/0006', 'EMP-9CE4BDFDF1B9883B16B1BAE3253DBECF', '8903000', 'EMP-2304040001', '2023-06-13 09:15:00');
INSERT INTO `mastersjkolektorOLD` VALUES ('MSJ-2306130006', 'INV/20230504/0005', 'EMP-9CE4BDFDF1B9883B16B1BAE3253DBECF', '3488000', 'EMP-2304040001', '2023-06-13 09:15:07');
INSERT INTO `mastersjkolektorOLD` VALUES ('MSJ-2306130007', 'INV/20230504/0004', 'EMP-9CE4BDFDF1B9883B16B1BAE3253DBECF', '5660000', 'EMP-2304040001', '2023-06-13 09:15:14');
INSERT INTO `mastersjkolektorOLD` VALUES ('MSJ-2306130008', 'INV/20230504/0003', 'EMP-9CE4BDFDF1B9883B16B1BAE3253DBECF', 'null', 'EMP-2304040001', '2023-06-13 09:16:15');
INSERT INTO `mastersjkolektorOLD` VALUES ('MSJ-2306130009', 'INV/20230504/0001', 'EMP-9CE4BDFDF1B9883B16B1BAE3253DBECF', '7457500', 'EMP-2304040001', '2023-06-13 09:16:24');
INSERT INTO `mastersjkolektorOLD` VALUES ('MSJ-2306130010', 'INV/20230420/0001', 'EMP-230001', '382000', 'EMP-2304040001', '2023-06-13 09:16:30');
INSERT INTO `mastersjkolektorOLD` VALUES ('MSJ-2306130011', 'INV/20230418/0002', 'EMP-230001', 'null', 'EMP-2304040001', '2023-06-13 09:16:44');
INSERT INTO `mastersjkolektorOLD` VALUES ('MSJ-2306130012', 'INV/20230414/0005', 'EMP-230001', '10000', 'EMP-2304040001', '2023-06-13 09:17:28');
INSERT INTO `mastersjkolektorOLD` VALUES ('MSJ-2306130013', 'INV/20230414/0004', 'EMP-230001', '100000', 'EMP-2304040001', '2023-06-13 09:17:40');
INSERT INTO `mastersjkolektorOLD` VALUES ('MSJ-2306130014', 'INV/20230414/0001', 'EMP-230001', '1568000', 'EMP-2304040001', '2023-06-13 09:17:48');
INSERT INTO `mastersjkolektorOLD` VALUES ('MSJ-2306130015', 'INV/20230414/0001', 'EMP-230001', '1568000', 'EMP-2304040001', '2023-06-13 09:17:51');
INSERT INTO `mastersjkolektorOLD` VALUES ('MSJ-2306130016', 'INV/20230414/0002', 'EMP-230002', '11100', 'EMP-2304040001', '2023-06-13 09:17:59');
INSERT INTO `mastersjkolektorOLD` VALUES ('MSJ-2306130017', 'INV/20230418/0001', 'EMP-230001', '253000', 'EMP-2304040001', '2023-06-13 09:18:08');
INSERT INTO `mastersjkolektorOLD` VALUES ('MSJ-2306130018', 'INV/20230414/0003', 'EMP-9CE4BDFDF1B9883B16B1BAE3253DBECF', '2225550', 'EMP-2304040001', '2023-06-13 09:18:17');
INSERT INTO `mastersjkolektorOLD` VALUES ('MSJ-2306230001', 'INV/20230414/0003', 'EMP-9CE4BDFDF1B9883B16B1BAE3253DBECF', '2225550', 'EMP-DD13C4EE9A897673199C3435764C9DF1', '2023-06-23 16:12:10');
INSERT INTO `mastersjkolektorOLD` VALUES ('MSJ-2306230002', 'INV/20230504/0003', 'EMP-2305160001', 'null', 'EMP-DD13C4EE9A897673199C3435764C9DF1', '2023-06-23 16:14:25');

-- ----------------------------
-- Table structure for masterso
-- ----------------------------
DROP TABLE IF EXISTS `masterso`;
CREATE TABLE `masterso`  (
  `Id` varchar(50) CHARACTER SET latin1 COLLATE latin1_swedish_ci NOT NULL,
  `IdPelanggan` varchar(50) CHARACTER SET latin1 COLLATE latin1_swedish_ci NULL DEFAULT NULL,
  `CreateBy` varchar(50) CHARACTER SET latin1 COLLATE latin1_swedish_ci NULL DEFAULT NULL,
  `CreateDate` timestamp NULL DEFAULT current_timestamp,
  `StatusBatal` bit(1) NULL DEFAULT NULL,
  `KeteranganBatal` varchar(500) CHARACTER SET latin1 COLLATE latin1_swedish_ci NULL DEFAULT NULL,
  `ApproveBy` varchar(50) CHARACTER SET latin1 COLLATE latin1_swedish_ci NULL DEFAULT NULL,
  `ApproveDate` datetime NULL DEFAULT NULL,
  `MetodeBayar` varchar(50) CHARACTER SET latin1 COLLATE latin1_swedish_ci NULL DEFAULT NULL,
  `JatuhTempo` int NULL DEFAULT NULL,
  `Pph` varchar(50) CHARACTER SET latin1 COLLATE latin1_swedish_ci NULL DEFAULT NULL,
  `IdSales` varchar(50) CHARACTER SET latin1 COLLATE latin1_swedish_ci NULL DEFAULT NULL,
  `Dp` int NULL DEFAULT NULL,
  `BatalBy` varchar(50) CHARACTER SET latin1 COLLATE latin1_swedish_ci NULL DEFAULT NULL,
  `BatalDate` timestamp NULL DEFAULT NULL,
  `OpenBlockBy` varchar(50) CHARACTER SET latin1 COLLATE latin1_swedish_ci NULL DEFAULT NULL,
  `OpenBlockDate` timestamp NULL DEFAULT NULL,
  `KeteranganOpenBlock` varchar(255) CHARACTER SET latin1 COLLATE latin1_swedish_ci NULL DEFAULT NULL,
  `PotonganReturnOrSisa` int NULL DEFAULT 0,
  `IsBlocked` bit(1) NULL DEFAULT NULL,
  PRIMARY KEY (`Id`) USING BTREE
) ENGINE = InnoDB CHARACTER SET = latin1 COLLATE = latin1_swedish_ci ROW_FORMAT = COMPACT;

-- ----------------------------
-- Records of masterso
-- ----------------------------
INSERT INTO `masterso` VALUES ('MSO-2307210001', 'CUST-2306270004', 'emp-0001', '2023-07-21 19:58:18', NULL, NULL, 'emp-0001', '2023-06-21 20:42:46', 'MJB-08FDBB0BA319C5A550E103CAAE799D6B', NULL, '0', 'EMP-230001', 1000, NULL, NULL, 'emp-0001', '2023-07-21 20:28:59', 'test buka order', 0, b'0');
INSERT INTO `masterso` VALUES ('MSO-2307310001', 'CUST-2306270004', 'emp-0001', '2023-07-31 19:03:25', b'0', NULL, 'emp-0001', '0000-00-00 00:00:00', 'MJB-43611DCF9FD7F86F49E311F7BCA05CB3', 0, '0', 'EMP-230002', 5000, NULL, NULL, 'emp-0001', '2023-07-31 19:05:43', 'buka order senin', 0, b'0');
INSERT INTO `masterso` VALUES ('MSO-2307310002', 'CUST-2306270004', 'emp-0001', '2023-07-31 20:45:32', NULL, NULL, 'emp-0001', '0000-00-00 00:00:00', 'MJB-7F9858790B5C9E59CB81DFD9E698FF84', 60, '0', 'EMP-2305160001', 0, NULL, NULL, 'emp-0001', '2023-07-31 20:46:12', 'buka aja', 0, b'0');
INSERT INTO `masterso` VALUES ('MSO-2308020001', 'CUST-2306270004', 'emp-0001', '2023-08-02 19:56:17', NULL, NULL, 'EMP-A6E622809C1FE3E89BE43FDEA088C81E', '2023-07-05 16:53:42', 'MJB-230001', 1, '0', 'EMP-230001', 0, NULL, NULL, 'EMP-A6E622809C1FE3E89BE43FDEA088C81E', '2023-08-05 16:53:18', 'CASH', 0, b'0');
INSERT INTO `masterso` VALUES ('MSO-2308030001', 'CUST-2306270005', 'emp-0001', '2023-08-03 18:34:43', NULL, NULL, 'emp-0001', '2023-07-03 18:36:13', 'MJB-08FDBB0BA319C5A550E103CAAE799D6B', 30, '0', 'EMP-230002', 0, NULL, NULL, 'emp-0001', '2023-08-03 18:35:34', 'test buka order last', 0, b'0');
INSERT INTO `masterso` VALUES ('MSO-2308050001', 'CUST-230008', 'EMP-A6E622809C1FE3E89BE43FDEA088C81E', '2023-08-05 16:50:12', NULL, NULL, 'EMP-A6E622809C1FE3E89BE43FDEA088C81E', '2023-07-05 16:53:51', 'MJB-230001', 1, '0', 'PSP', 0, NULL, NULL, 'EMP-A6E622809C1FE3E89BE43FDEA088C81E', '2023-08-05 16:53:05', 'CASH', 0, b'0');
INSERT INTO `masterso` VALUES ('MSO-2308050002', 'CUST-2306270002', 'emp-0001', '2023-08-05 17:15:11', NULL, NULL, 'emp-0001', '2023-07-05 17:30:17', 'MJB-08FDBB0BA319C5A550E103CAAE799D6B', 30, '0', 'EMP-2305160001', 0, NULL, NULL, 'emp-0001', '2023-08-05 17:26:22', 'OK', 0, b'0');
INSERT INTO `masterso` VALUES ('MSO-2308050003', 'CUST-230007', 'emp-0001', '2023-08-05 17:27:11', NULL, NULL, 'emp-0001', '2023-07-05 17:42:29', 'MJB-43611DCF9FD7F86F49E311F7BCA05CB3', 0, '0', 'EMP-2305160001', 0, NULL, NULL, 'emp-0001', '2023-08-05 17:33:03', '-', 0, b'0');
INSERT INTO `masterso` VALUES ('MSO-2308050004', 'CUST-2306270002', 'emp-0001', '2023-08-05 17:43:52', NULL, NULL, 'emp-0001', '2023-07-08 17:11:43', 'MJB-230001', 1, '0', 'EMP-2305160001', 0, NULL, NULL, 'EMP-A6E622809C1FE3E89BE43FDEA088C81E', '2023-08-05 17:51:11', '-', 0, b'0');
INSERT INTO `masterso` VALUES ('MSO-2308050005', 'CUST-230007', 'EMP-A6E622809C1FE3E89BE43FDEA088C81E', '2023-08-05 17:48:55', NULL, NULL, 'emp-0001', '2023-07-08 17:14:36', 'MJB-43611DCF9FD7F86F49E311F7BCA05CB3', 0, '0', 'PSP', 0, NULL, NULL, 'EMP-A6E622809C1FE3E89BE43FDEA088C81E', '2023-08-05 17:51:17', '-', 0, b'0');
INSERT INTO `masterso` VALUES ('MSO-2308050006', 'CUST-230007', 'EMP-A6E622809C1FE3E89BE43FDEA088C81E', '2023-08-05 17:48:55', NULL, NULL, 'EMP-A6E622809C1FE3E89BE43FDEA088C81E', '2023-07-22 08:55:26', 'MJB-43611DCF9FD7F86F49E311F7BCA05CB3', 0, '0', 'PSP', 0, NULL, NULL, 'EMP-A6E622809C1FE3E89BE43FDEA088C81E', '2023-08-05 17:51:04', '-', 0, b'0');
INSERT INTO `masterso` VALUES ('MSO-2308200001', 'CUST-2306270002', 'emp-0001', '2023-08-20 16:02:06', NULL, NULL, 'EMP-A6E622809C1FE3E89BE43FDEA088C81E', '2023-07-22 08:54:47', 'MJB-08FDBB0BA319C5A550E103CAAE799D6B', 30, '0', 'EMP-2305160001', 0, NULL, NULL, 'EMP-A6E622809C1FE3E89BE43FDEA088C81E', '2023-08-22 08:51:54', '.', 0, b'0');
INSERT INTO `masterso` VALUES ('MSO-2308220001', 'CUST-2306270005', 'EMP-A6E622809C1FE3E89BE43FDEA088C81E', '2023-08-22 08:49:15', NULL, NULL, 'EMP-A6E622809C1FE3E89BE43FDEA088C81E', '2023-07-22 08:54:30', '7hari', NULL, '0', 'EMP-2305160001', 0, NULL, NULL, 'EMP-A6E622809C1FE3E89BE43FDEA088C81E', '2023-08-22 08:51:40', '.', 0, b'0');
INSERT INTO `masterso` VALUES ('MSO-2308220002', 'CUST-230010', 'EMP-A6E622809C1FE3E89BE43FDEA088C81E', '2023-08-22 08:53:15', NULL, NULL, NULL, NULL, 'MJB-230001', 1, '0', 'EMP-2306270004', 0, NULL, NULL, NULL, NULL, NULL, 0, b'1');

-- ----------------------------
-- Table structure for mastersoOLD
-- ----------------------------
DROP TABLE IF EXISTS `mastersoOLD`;
CREATE TABLE `mastersoOLD`  (
  `Id` varchar(50) CHARACTER SET latin1 COLLATE latin1_swedish_ci NOT NULL,
  `IdPelanggan` varchar(50) CHARACTER SET latin1 COLLATE latin1_swedish_ci NULL DEFAULT NULL,
  `IdStaff` varchar(50) CHARACTER SET latin1 COLLATE latin1_swedish_ci NULL DEFAULT NULL,
  `CreateDate` timestamp NULL DEFAULT current_timestamp,
  `StatusBatal` varchar(5) CHARACTER SET latin1 COLLATE latin1_swedish_ci NULL DEFAULT NULL,
  `KeteranganBatal` varchar(500) CHARACTER SET latin1 COLLATE latin1_swedish_ci NULL DEFAULT NULL,
  `ApproveBy` varchar(50) CHARACTER SET latin1 COLLATE latin1_swedish_ci NULL DEFAULT NULL,
  `ApproveDate` datetime NULL DEFAULT NULL,
  `MetodeBayar` varchar(50) CHARACTER SET latin1 COLLATE latin1_swedish_ci NULL DEFAULT NULL,
  `JatuhTempo` int NULL DEFAULT NULL,
  `IsCetak` int NULL DEFAULT NULL,
  `TglCetak` timestamp NULL DEFAULT NULL,
  `CetakBy` varchar(50) CHARACTER SET latin1 COLLATE latin1_swedish_ci NULL DEFAULT NULL,
  `Pph` varchar(50) CHARACTER SET latin1 COLLATE latin1_swedish_ci NULL DEFAULT NULL,
  `Invoice` varchar(50) CHARACTER SET latin1 COLLATE latin1_swedish_ci NULL DEFAULT NULL,
  `TglInvoice` timestamp NULL DEFAULT NULL,
  `IdSales` varchar(50) CHARACTER SET latin1 COLLATE latin1_swedish_ci NULL DEFAULT NULL,
  `InvoiceBy` varchar(50) CHARACTER SET latin1 COLLATE latin1_swedish_ci NULL DEFAULT NULL,
  `Dp` int NULL DEFAULT NULL,
  `IsClose` varchar(10) CHARACTER SET latin1 COLLATE latin1_swedish_ci NULL DEFAULT '0',
  `CreateCloseBy` varchar(50) CHARACTER SET latin1 COLLATE latin1_swedish_ci NULL DEFAULT NULL,
  `CreateCloseDate` timestamp NULL DEFAULT NULL,
  `BatalBy` varchar(50) CHARACTER SET latin1 COLLATE latin1_swedish_ci NULL DEFAULT NULL,
  `BatalDate` timestamp NULL DEFAULT NULL,
  `IsBlocked` varchar(5) CHARACTER SET latin1 COLLATE latin1_swedish_ci NULL DEFAULT '0',
  `OpenBlockBy` varchar(50) CHARACTER SET latin1 COLLATE latin1_swedish_ci NULL DEFAULT NULL,
  `OpenBlockDate` timestamp NULL DEFAULT NULL,
  `KeteranganOpenBlock` varchar(255) CHARACTER SET latin1 COLLATE latin1_swedish_ci NULL DEFAULT NULL,
  `KeteranganSJ` varchar(255) CHARACTER SET latin1 COLLATE latin1_swedish_ci NULL DEFAULT NULL,
  `KeteranganInv` varchar(255) CHARACTER SET latin1 COLLATE latin1_swedish_ci NULL DEFAULT NULL,
  `PotonganReturnOrSisa` int NULL DEFAULT 0,
  PRIMARY KEY (`Id`) USING BTREE
) ENGINE = InnoDB CHARACTER SET = latin1 COLLATE = latin1_swedish_ci ROW_FORMAT = COMPACT;

-- ----------------------------
-- Records of mastersoOLD
-- ----------------------------
INSERT INTO `mastersoOLD` VALUES ('MSO-2303120001', 'CUST-230005', 'emp-0001', '2023-03-12 17:03:59', '0', '<EDIT>', 'emp-0001', '2023-02-12 17:08:49', 'MJB-43611DCF9FD7F86F49E311F7BCA05CB3', 30, 1, '2023-03-12 17:11:18', 'emp-0001', '0', 'INV/20230312/0001', '2023-03-12 17:09:17', 'EMP-9CE4BDFDF1B9883B16B1BAE3253DBECF', 'emp-0001', 0, '0', NULL, NULL, 'emp-0001', '2023-03-12 18:20:24', '0', NULL, NULL, NULL, NULL, NULL, NULL);
INSERT INTO `mastersoOLD` VALUES ('MSO-2303120002', 'CUST-230005', 'emp-0001', '2023-03-12 18:20:24', '0', '<EDIT>', 'emp-0001', '2023-02-12 18:23:28', 'MJB-43611DCF9FD7F86F49E311F7BCA05CB3', 30, 1, '2023-03-12 18:26:39', 'emp-0001', '0', 'INV/20230312/0001', '2023-03-12 17:09:17', 'EMP-9CE4BDFDF1B9883B16B1BAE3253DBECF', 'emp-0001', NULL, '0', NULL, NULL, 'emp-0001', '2023-04-12 20:25:47', '0', NULL, NULL, NULL, NULL, NULL, NULL);
INSERT INTO `mastersoOLD` VALUES ('MSO-2303130001', 'CUST-230010', 'emp-0001', '2023-03-13 13:47:23', '0', '<EDIT>', 'emp-0001', '2023-02-13 13:47:40', 'MJB-43611DCF9FD7F86F49E311F7BCA05CB3', 30, 1, '2023-03-13 13:53:05', 'emp-0001', '11', 'INV/20230313/0001', '2023-03-13 13:47:47', 'EMP-230001', 'emp-0001', 0, '0', NULL, NULL, 'emp-0001', '2023-04-12 20:29:25', '0', NULL, NULL, NULL, NULL, NULL, NULL);
INSERT INTO `mastersoOLD` VALUES ('MSO-2303160001', 'CUST-2302240001', 'emp-0001', '2023-03-16 19:59:57', '0', '<EDIT>', 'emp-0001', '2023-02-16 20:03:02', 'MJB-43611DCF9FD7F86F49E311F7BCA05CB3', 30, NULL, NULL, NULL, '11', 'INV/20230316/0001', '2023-03-16 20:03:12', 'EMP-230002', 'emp-0001', 0, '0', NULL, NULL, 'emp-0001', '2023-04-14 14:42:17', '0', NULL, NULL, NULL, NULL, NULL, NULL);
INSERT INTO `mastersoOLD` VALUES ('MSO-2304040001', 'CUST-230007', 'EMP-A6E622809C1FE3E89BE43FDEA088C81E', '2023-04-04 16:57:38', '0', NULL, 'EMP-A6E622809C1FE3E89BE43FDEA088C81E', '2023-03-04 16:57:59', 'MJB-08FDBB0BA319C5A550E103CAAE799D6B', 30, 1, '2023-04-14 20:54:14', 'emp-0001', '11', 'INV/20230414/0003', '2023-04-14 20:54:14', 'EMP-9CE4BDFDF1B9883B16B1BAE3253DBECF', 'emp-0001', 0, '0', NULL, NULL, NULL, NULL, '0', NULL, NULL, NULL, '-', 'test inv', NULL);
INSERT INTO `mastersoOLD` VALUES ('MSO-2304070001', 'CUST-230005', 'EMP-A6E622809C1FE3E89BE43FDEA088C81E', '2023-04-07 11:37:24', '0', '<BATAL>test batal invoice', 'emp-0001', '2023-03-07 11:39:26', 'MJB-43611DCF9FD7F86F49E311F7BCA05CB3', 30, 1, '2023-04-07 11:44:25', 'EMP-A6E622809C1FE3E89BE43FDEA088C81E', '11', 'INV/20230407/0002', '2023-04-07 11:41:21', 'EMP-230001', 'EMP-A6E622809C1FE3E89BE43FDEA088C81E', 0, '0', NULL, NULL, 'emp-0001', '2023-04-17 13:35:21', '0', 'emp-0001', '2023-04-07 11:38:39', 'lhang di tagih', NULL, NULL, NULL);
INSERT INTO `mastersoOLD` VALUES ('MSO-2304070002', 'CUST-230005', 'EMP-A6E622809C1FE3E89BE43FDEA088C81E', '2023-04-07 13:23:17', '0', '<BATAL>test batal invoice', 'EMP-A6E622809C1FE3E89BE43FDEA088C81E', '2023-03-07 13:25:44', 'MJB-43611DCF9FD7F86F49E311F7BCA05CB3', 30, 1, '2023-02-02 00:00:00', 'emp-0001', '11', 'INV/20230407/0002', '2023-04-07 11:41:21', 'EMP-230001', 'EMP-A6E622809C1FE3E89BE43FDEA088C81E', NULL, '0', NULL, NULL, 'emp-0001', '2023-04-17 13:35:21', '0', NULL, NULL, NULL, '-', NULL, NULL);
INSERT INTO `mastersoOLD` VALUES ('MSO-2304120001', 'CUST-230007', 'emp-0001', '2023-04-12 11:06:06', '0', '<EDIT>', 'emp-0001', '2023-03-12 11:08:03', 'MJB-08FDBB0BA319C5A550E103CAAE799D6B', 30, 1, '2023-04-12 13:17:33', 'emp-0001', '0', 'INV/20230412/0001', '2023-04-12 11:25:24', 'EMP-230001', 'emp-0001', 0, '0', NULL, NULL, 'emp-0001', '2023-04-12 20:32:02', '0', NULL, NULL, NULL, 'test', 'oke', NULL);
INSERT INTO `mastersoOLD` VALUES ('MSO-2304120002', 'CUST-230005', 'emp-0001', '2023-04-12 20:21:47', '0', '<BATAL>batalso', 'emp-0001', '2023-03-14 21:08:04', 'MJB-43611DCF9FD7F86F49E311F7BCA05CB3', 30, NULL, NULL, NULL, '0', 'INV/20230312/0001', '2023-03-12 17:09:17', 'EMP-9CE4BDFDF1B9883B16B1BAE3253DBECF', 'emp-0001', NULL, '0', NULL, NULL, 'emp-0001', '2023-04-17 09:57:58', '0', NULL, NULL, NULL, '-', NULL, NULL);
INSERT INTO `mastersoOLD` VALUES ('MSO-2304120006', 'CUST-230010', 'emp-0001', '2023-04-12 20:29:25', '0', '<BATAL>test batal', NULL, NULL, 'MJB-43611DCF9FD7F86F49E311F7BCA05CB3', 30, NULL, NULL, NULL, '11', 'INV/20230313/0001', '2023-03-13 13:47:47', 'EMP-230001', 'emp-0001', NULL, '0', NULL, NULL, 'emp-0001', '2023-04-17 09:59:52', '0', NULL, NULL, NULL, NULL, NULL, NULL);
INSERT INTO `mastersoOLD` VALUES ('MSO-2304120007', 'CUST-230007', 'emp-0001', '2023-04-12 20:32:02', '0', NULL, 'emp-0001', '2023-03-18 10:54:58', 'MJB-08FDBB0BA319C5A550E103CAAE799D6B', 30, 1, '2023-04-18 11:02:58', 'emp-0001', '0', 'INV/20230418/0001', '2023-04-18 11:02:58', 'EMP-230001', 'emp-0001', NULL, '0', NULL, NULL, NULL, NULL, '0', NULL, NULL, NULL, 'tttt', '', NULL);
INSERT INTO `mastersoOLD` VALUES ('MSO-2304140001', 'CUST-2302240001', 'emp-0001', '2023-04-14 14:42:17', '0', NULL, 'emp-0001', '2023-03-14 14:42:50', 'MJB-43611DCF9FD7F86F49E311F7BCA05CB3', 30, 1, '2023-04-14 20:51:55', 'emp-0001', '11', 'INV/20230414/0002', '2023-04-14 20:51:55', 'EMP-230002', 'emp-0001', NULL, '0', NULL, NULL, NULL, NULL, '0', NULL, NULL, NULL, '-', 'test inv', NULL);
INSERT INTO `mastersoOLD` VALUES ('MSO-2304140002', 'CUST-230007', 'emp-0001', '2023-04-14 19:36:55', '0', NULL, 'emp-0001', '2023-03-14 19:37:39', 'MJB-08FDBB0BA319C5A550E103CAAE799D6B', 30, 1, '2023-04-14 20:45:33', 'emp-0001', '0', 'INV/20230414/0001', '2023-04-14 20:45:33', 'EMP-230001', 'emp-0001', 0, '0', NULL, NULL, NULL, NULL, '0', NULL, NULL, NULL, 'test sj', 'keterangan inv', NULL);
INSERT INTO `mastersoOLD` VALUES ('MSO-2304140003', 'CUST-230007', 'emp-0001', '2023-04-14 20:55:55', '0', NULL, 'emp-0001', '2023-03-14 20:56:33', 'MJB-08FDBB0BA319C5A550E103CAAE799D6B', 30, 1, '2023-04-14 20:58:56', 'emp-0001', '0', 'INV/20230414/0004', '2023-04-14 20:58:56', 'EMP-230001', 'emp-0001', 0, '0', NULL, NULL, NULL, NULL, '0', NULL, NULL, NULL, 'cetak sj', 'cetak invoic', NULL);
INSERT INTO `mastersoOLD` VALUES ('MSO-2304140004', 'CUST-230007', 'emp-0001', '2023-04-14 21:01:11', '0', NULL, 'emp-0001', '2023-03-14 21:01:25', 'MJB-08FDBB0BA319C5A550E103CAAE799D6B', 30, 1, '2023-04-14 21:01:38', 'emp-0001', '0', 'INV/20230414/0005', '2023-04-14 21:01:38', 'EMP-230001', 'emp-0001', 0, '0', NULL, NULL, NULL, NULL, '0', NULL, NULL, NULL, '-', 'cetak invoice', NULL);
INSERT INTO `mastersoOLD` VALUES ('MSO-2304140005', 'CUST-230007', 'emp-0001', '2023-04-14 21:11:41', '0', NULL, 'emp-0001', '2023-03-14 21:11:58', 'MJB-08FDBB0BA319C5A550E103CAAE799D6B', 30, 1, '2023-04-18 11:18:00', 'emp-0001', '0', 'INV/20230418/0002', '2023-04-18 11:18:00', 'EMP-230001', 'emp-0001', 0, '0', NULL, NULL, NULL, NULL, '0', NULL, NULL, NULL, 'asdf', '', 100);
INSERT INTO `mastersoOLD` VALUES ('MSO-2304200001', 'CUST-230007', 'emp-0001', '2023-04-20 09:32:00', '0', NULL, 'emp-0001', '2023-03-20 09:32:15', 'MJB-08FDBB0BA319C5A550E103CAAE799D6B', 30, 1, '2023-04-20 09:35:46', 'emp-0001', '0', 'INV/20230420/0001', '2023-04-20 09:35:46', 'EMP-230001', 'emp-0001', 0, '0', NULL, NULL, NULL, NULL, '0', NULL, NULL, NULL, 'tst', 'tst', 0);
INSERT INTO `mastersoOLD` VALUES ('MSO-2305040001', 'CUST-2302240001', 'EMP-A6E622809C1FE3E89BE43FDEA088C81E', '2023-05-04 17:26:41', '0', NULL, 'EMP-A6E622809C1FE3E89BE43FDEA088C81E', '2023-04-04 17:29:31', 'MJB-43611DCF9FD7F86F49E311F7BCA05CB3', 0, 1, '2023-05-04 18:42:57', 'EMP-A6E622809C1FE3E89BE43FDEA088C81E', '0', 'INV/20230504/0001', '2023-05-04 18:42:57', 'EMP-9CE4BDFDF1B9883B16B1BAE3253DBECF', 'EMP-A6E622809C1FE3E89BE43FDEA088C81E', 0, '0', NULL, NULL, NULL, NULL, '0', NULL, NULL, NULL, 'bayar ditempat', '', 0);
INSERT INTO `mastersoOLD` VALUES ('MSO-2305040002', 'CUST-2302240001', 'EMP-A6E622809C1FE3E89BE43FDEA088C81E', '2023-05-04 18:52:31', '0', '<EDIT>', 'EMP-A6E622809C1FE3E89BE43FDEA088C81E', '2023-04-04 18:54:24', 'MJB-08FDBB0BA319C5A550E103CAAE799D6B', 30, 1, '2023-05-04 18:56:08', 'EMP-A6E622809C1FE3E89BE43FDEA088C81E', '0', 'INV/20230504/0002', '2023-05-04 18:56:08', 'EMP-9CE4BDFDF1B9883B16B1BAE3253DBECF', 'EMP-A6E622809C1FE3E89BE43FDEA088C81E', 0, '0', NULL, NULL, 'EMP-A6E622809C1FE3E89BE43FDEA088C81E', '2023-05-04 19:06:34', '0', NULL, NULL, NULL, NULL, 'auri kembali 5', 905000);
INSERT INTO `mastersoOLD` VALUES ('MSO-2305040003', 'CUST-2302240001', 'EMP-A6E622809C1FE3E89BE43FDEA088C81E', '2023-05-04 19:06:34', '0', NULL, 'EMP-A6E622809C1FE3E89BE43FDEA088C81E', '2023-04-04 19:23:30', 'MJB-08FDBB0BA319C5A550E103CAAE799D6B', 30, 1, '2023-05-04 19:24:06', 'EMP-A6E622809C1FE3E89BE43FDEA088C81E', '0', 'INV/20230504/0003', '2023-05-04 19:24:06', 'EMP-9CE4BDFDF1B9883B16B1BAE3253DBECF', 'EMP-A6E622809C1FE3E89BE43FDEA088C81E', NULL, '0', NULL, NULL, NULL, NULL, '0', NULL, NULL, NULL, '.', '', 0);
INSERT INTO `mastersoOLD` VALUES ('MSO-2305040004', 'CUST-230005', 'EMP-A6E622809C1FE3E89BE43FDEA088C81E', '2023-05-04 19:14:15', '0', NULL, 'EMP-A6E622809C1FE3E89BE43FDEA088C81E', '2023-04-04 19:25:14', 'MJB-230001', 1, 1, '2023-05-04 19:26:27', 'EMP-A6E622809C1FE3E89BE43FDEA088C81E', '0', 'INV/20230504/0004', '2023-05-04 19:26:27', 'EMP-9CE4BDFDF1B9883B16B1BAE3253DBECF', 'EMP-A6E622809C1FE3E89BE43FDEA088C81E', 0, '0', NULL, NULL, NULL, NULL, '0', NULL, NULL, NULL, '-', '', 0);
INSERT INTO `mastersoOLD` VALUES ('MSO-2305040005', 'CUST-230005', 'EMP-A6E622809C1FE3E89BE43FDEA088C81E', '2023-05-04 19:15:38', '0', NULL, 'EMP-A6E622809C1FE3E89BE43FDEA088C81E', '2023-04-04 19:25:22', 'MJB-7F9858790B5C9E59CB81DFD9E698FF84', 60, 1, '2023-05-04 19:28:10', 'EMP-A6E622809C1FE3E89BE43FDEA088C81E', '0', 'INV/20230504/0005', '2023-05-04 19:28:10', 'EMP-9CE4BDFDF1B9883B16B1BAE3253DBECF', 'EMP-A6E622809C1FE3E89BE43FDEA088C81E', 0, '0', NULL, NULL, NULL, NULL, '0', NULL, NULL, NULL, NULL, 'Tandon kembali 1', 1024000);
INSERT INTO `mastersoOLD` VALUES ('MSO-2305040006', 'CUST-230005', 'EMP-A6E622809C1FE3E89BE43FDEA088C81E', '2023-05-04 19:22:44', '0', NULL, 'EMP-A6E622809C1FE3E89BE43FDEA088C81E', '2023-04-04 19:25:34', 'MJB-B26ED288D7445C12449FDA050E5E4936', 45, 1, '2023-05-04 19:28:30', 'EMP-A6E622809C1FE3E89BE43FDEA088C81E', '0', 'INV/20230504/0006', '2023-05-04 19:28:30', 'EMP-9CE4BDFDF1B9883B16B1BAE3253DBECF', 'EMP-A6E622809C1FE3E89BE43FDEA088C81E', 0, '0', NULL, NULL, NULL, NULL, '0', NULL, NULL, NULL, 'test', '', 0);
INSERT INTO `mastersoOLD` VALUES ('MSO-2305040007', 'CUST-2302240001', 'EMP-A6E622809C1FE3E89BE43FDEA088C81E', '2023-05-04 19:31:21', '0', '<BATAL>Toko tutup', 'EMP-A6E622809C1FE3E89BE43FDEA088C81E', '2023-04-04 19:31:48', 'MJB-08FDBB0BA319C5A550E103CAAE799D6B', 30, NULL, NULL, NULL, '0', NULL, NULL, 'EMP-9CE4BDFDF1B9883B16B1BAE3253DBECF', NULL, 0, '0', NULL, NULL, 'EMP-A6E622809C1FE3E89BE43FDEA088C81E', '2023-05-04 19:32:12', '0', NULL, NULL, NULL, NULL, NULL, 0);
INSERT INTO `mastersoOLD` VALUES ('MSO-2305040008', 'CUST-230007', 'emp-0001', '2023-05-04 20:00:01', '0', '<BATAL>batal aja', NULL, NULL, 'MJB-08FDBB0BA319C5A550E103CAAE799D6B', 30, NULL, NULL, NULL, '0', NULL, NULL, 'EMP-9CE4BDFDF1B9883B16B1BAE3253DBECF', NULL, 0, '0', NULL, NULL, 'emp-0001', '2023-05-04 20:00:34', '0', NULL, NULL, NULL, NULL, NULL, 0);
INSERT INTO `mastersoOLD` VALUES ('MSO-2305040009', 'CUST-230007', 'emp-0001', '2023-05-04 20:05:45', '0', NULL, 'EMP-A6E622809C1FE3E89BE43FDEA088C81E', '2023-04-06 16:30:28', 'MJB-08FDBB0BA319C5A550E103CAAE799D6B', 30, 1, '2023-05-06 16:43:42', 'EMP-A6E622809C1FE3E89BE43FDEA088C81E', '0', 'INV/20230506/0001', '2023-05-06 16:43:42', 'EMP-9CE4BDFDF1B9883B16B1BAE3253DBECF', 'EMP-A6E622809C1FE3E89BE43FDEA088C81E', 0, '0', NULL, NULL, NULL, NULL, '0', NULL, NULL, NULL, NULL, '', 0);
INSERT INTO `mastersoOLD` VALUES ('MSO-2305060001', 'CUST-2302240001', 'EMP-A6E622809C1FE3E89BE43FDEA088C81E', '2023-05-06 16:29:26', '0', NULL, 'EMP-A6E622809C1FE3E89BE43FDEA088C81E', '2023-04-06 16:43:30', 'MJB-7F9858790B5C9E59CB81DFD9E698FF84', 60, 1, '2023-05-06 16:44:24', 'EMP-A6E622809C1FE3E89BE43FDEA088C81E', '0', 'INV/20230506/0003', '2023-05-06 16:44:24', 'EMP-9CE4BDFDF1B9883B16B1BAE3253DBECF', 'EMP-A6E622809C1FE3E89BE43FDEA088C81E', 0, '0', NULL, NULL, NULL, NULL, '0', 'EMP-A6E622809C1FE3E89BE43FDEA088C81E', '2023-05-06 16:42:56', 'BAYAR', 'S', '', 0);
INSERT INTO `mastersoOLD` VALUES ('MSO-2305060002', 'CUST-230010', 'EMP-A6E622809C1FE3E89BE43FDEA088C81E', '2023-05-06 16:33:29', '0', NULL, 'EMP-A6E622809C1FE3E89BE43FDEA088C81E', '2023-04-06 16:36:40', 'MJB-43611DCF9FD7F86F49E311F7BCA05CB3', 0, 1, '2023-05-06 16:46:40', 'EMP-A6E622809C1FE3E89BE43FDEA088C81E', '0', 'INV/20230506/0004', '2023-05-06 16:46:40', 'EMP-9CE4BDFDF1B9883B16B1BAE3253DBECF', 'EMP-A6E622809C1FE3E89BE43FDEA088C81E', 0, '0', NULL, NULL, NULL, NULL, '0', NULL, NULL, NULL, 'TEMPO 90 HARI', '', 0);
INSERT INTO `mastersoOLD` VALUES ('MSO-2305160001', 'CUST-2302240001', 'EMP-A6E622809C1FE3E89BE43FDEA088C81E', '2023-05-16 15:30:03', '0', '<BATAL>DOBEL', 'EMP-A6E622809C1FE3E89BE43FDEA088C81E', '2023-04-16 15:34:33', 'MJB-43611DCF9FD7F86F49E311F7BCA05CB3', 0, NULL, NULL, NULL, '0', NULL, NULL, 'EMP-9CE4BDFDF1B9883B16B1BAE3253DBECF', NULL, 0, '0', NULL, NULL, 'EMP-A6E622809C1FE3E89BE43FDEA088C81E', '2023-05-16 15:38:41', '0', NULL, NULL, NULL, NULL, NULL, 0);
INSERT INTO `mastersoOLD` VALUES ('MSO-2305160002', 'CUST-2302240001', 'EMP-A6E622809C1FE3E89BE43FDEA088C81E', '2023-05-16 15:30:07', '0', '<BATAL>DOBEL INPUT', 'EMP-A6E622809C1FE3E89BE43FDEA088C81E', '2023-04-16 15:34:27', 'MJB-43611DCF9FD7F86F49E311F7BCA05CB3', 0, NULL, NULL, NULL, '0', NULL, NULL, 'EMP-9CE4BDFDF1B9883B16B1BAE3253DBECF', NULL, 0, '0', NULL, NULL, 'EMP-A6E622809C1FE3E89BE43FDEA088C81E', '2023-05-16 15:37:54', '0', NULL, NULL, NULL, NULL, NULL, 0);
INSERT INTO `mastersoOLD` VALUES ('MSO-2305160003', 'CUST-2302240001', 'EMP-A6E622809C1FE3E89BE43FDEA088C81E', '2023-05-16 15:30:13', '0', NULL, 'EMP-A6E622809C1FE3E89BE43FDEA088C81E', '2023-04-16 15:34:20', 'MJB-43611DCF9FD7F86F49E311F7BCA05CB3', 0, 1, '2023-05-16 15:37:16', 'EMP-A6E622809C1FE3E89BE43FDEA088C81E', '0', 'INV/20230516/0001', '2023-05-16 15:37:16', 'EMP-9CE4BDFDF1B9883B16B1BAE3253DBECF', 'EMP-A6E622809C1FE3E89BE43FDEA088C81E', 0, '0', NULL, NULL, NULL, NULL, '0', NULL, NULL, NULL, 'NO RETUR', 'FULL', 0);
INSERT INTO `mastersoOLD` VALUES ('MSO-2305260001', 'CUST-230012', 'emp-0001', '2023-05-26 15:31:30', '0', NULL, 'emp-0001', '2023-04-26 15:35:51', 'MJB-08FDBB0BA319C5A550E103CAAE799D6B', 30, 1, '2023-06-27 10:33:40', 'EMP-A6E622809C1FE3E89BE43FDEA088C81E', '0', 'INV/20230627/0001', '2023-06-27 10:33:40', 'EMP-9CE4BDFDF1B9883B16B1BAE3253DBECF', 'EMP-A6E622809C1FE3E89BE43FDEA088C81E', 0, '0', NULL, NULL, NULL, NULL, '0', 'emp-0001', '2023-05-26 15:35:18', 'buka ajq', '-', '', 0);
INSERT INTO `mastersoOLD` VALUES ('MSO-2306270001', 'CUST-2306270002', 'EMP-A6E622809C1FE3E89BE43FDEA088C81E', '2023-06-27 10:22:12', '0', NULL, 'EMP-A6E622809C1FE3E89BE43FDEA088C81E', '2023-05-27 10:22:30', 'MJB-7F9858790B5C9E59CB81DFD9E698FF84', 60, 1, '2023-06-27 10:53:34', 'EMP-A6E622809C1FE3E89BE43FDEA088C81E', '0', 'INV/20230627/0002', '2023-06-27 10:53:34', 'EMP-2305160001', 'EMP-A6E622809C1FE3E89BE43FDEA088C81E', 0, '0', NULL, NULL, NULL, NULL, '0', NULL, NULL, NULL, 'segera', 'OK', 0);
INSERT INTO `mastersoOLD` VALUES ('MSO-2306270002', 'CUST-2306270001', 'EMP-A6E622809C1FE3E89BE43FDEA088C81E', '2023-06-27 10:29:30', '0', NULL, 'EMP-A6E622809C1FE3E89BE43FDEA088C81E', '2023-05-27 10:33:26', 'MJB-230001', 1, 1, '2023-06-27 10:54:00', 'EMP-A6E622809C1FE3E89BE43FDEA088C81E', '0', 'INV/20230627/0003', '2023-06-27 10:54:00', 'EMP-9CE4BDFDF1B9883B16B1BAE3253DBECF', 'EMP-A6E622809C1FE3E89BE43FDEA088C81E', 0, '0', NULL, NULL, NULL, NULL, '0', NULL, NULL, NULL, NULL, 'OK', 0);
INSERT INTO `mastersoOLD` VALUES ('MSO-2306270003', 'CUST-2306270004', 'EMP-A6E622809C1FE3E89BE43FDEA088C81E', '2023-06-27 10:30:33', '0', NULL, 'EMP-A6E622809C1FE3E89BE43FDEA088C81E', '2023-05-27 10:33:14', 'MJB-B26ED288D7445C12449FDA050E5E4936', 45, 1, '2023-06-27 10:54:30', 'EMP-A6E622809C1FE3E89BE43FDEA088C81E', '0', 'INV/20230627/0004', '2023-06-27 10:54:30', 'EMP-2305160001', 'EMP-A6E622809C1FE3E89BE43FDEA088C81E', 0, '0', NULL, NULL, NULL, NULL, '0', NULL, NULL, NULL, 'OK', 'OK', 0);
INSERT INTO `mastersoOLD` VALUES ('MSO-2306270004', 'CUST-2306270003', 'EMP-A6E622809C1FE3E89BE43FDEA088C81E', '2023-06-27 10:32:45', '0', NULL, 'EMP-A6E622809C1FE3E89BE43FDEA088C81E', '2023-05-27 10:33:03', 'MJB-B26ED288D7445C12449FDA050E5E4936', 45, 1, '2023-06-27 10:54:44', 'EMP-A6E622809C1FE3E89BE43FDEA088C81E', '0', 'INV/20230627/0005', '2023-06-27 10:54:44', 'EMP-2305160001', 'EMP-A6E622809C1FE3E89BE43FDEA088C81E', 0, '0', NULL, NULL, NULL, NULL, '0', NULL, NULL, NULL, '-', 'OK', 0);
INSERT INTO `mastersoOLD` VALUES ('MSO-2306270005', 'CUST-2306270005', 'EMP-A6E622809C1FE3E89BE43FDEA088C81E', '2023-06-27 10:58:35', '0', NULL, 'EMP-A6E622809C1FE3E89BE43FDEA088C81E', '2023-05-27 10:58:59', 'MJB-08FDBB0BA319C5A550E103CAAE799D6B', 30, 1, '2023-06-27 10:59:21', 'EMP-A6E622809C1FE3E89BE43FDEA088C81E', '0', 'INV/20230627/0006', '2023-06-27 10:59:21', 'EMP-2305160001', 'EMP-A6E622809C1FE3E89BE43FDEA088C81E', 0, '0', NULL, NULL, NULL, NULL, '0', NULL, NULL, NULL, NULL, 'OK', 0);
INSERT INTO `mastersoOLD` VALUES ('MSO-2306270006', 'CUST-2306270005', 'EMP-A6E622809C1FE3E89BE43FDEA088C81E', '2023-06-27 10:58:37', '0', NULL, 'EMP-A6E622809C1FE3E89BE43FDEA088C81E', '2023-05-27 10:59:11', 'MJB-08FDBB0BA319C5A550E103CAAE799D6B', 30, 1, '2023-06-27 10:59:34', 'EMP-A6E622809C1FE3E89BE43FDEA088C81E', '0', 'INV/20230627/0008', '2023-06-27 10:59:34', 'EMP-2305160001', 'EMP-A6E622809C1FE3E89BE43FDEA088C81E', 0, '0', NULL, NULL, NULL, NULL, '0', NULL, NULL, NULL, NULL, 'OK', 0);

-- ----------------------------
-- Table structure for mastersupplier
-- ----------------------------
DROP TABLE IF EXISTS `mastersupplier`;
CREATE TABLE `mastersupplier`  (
  `Id` varchar(50) CHARACTER SET latin1 COLLATE latin1_swedish_ci NOT NULL,
  `NamaSupplier` varchar(100) CHARACTER SET latin1 COLLATE latin1_swedish_ci NULL DEFAULT NULL,
  `Phone` varchar(50) CHARACTER SET latin1 COLLATE latin1_swedish_ci NULL DEFAULT NULL,
  `Email` varchar(100) CHARACTER SET latin1 COLLATE latin1_swedish_ci NULL DEFAULT NULL,
  `Alamat` varchar(255) CHARACTER SET latin1 COLLATE latin1_swedish_ci NULL DEFAULT NULL,
  `CreateBy` varchar(50) CHARACTER SET latin1 COLLATE latin1_swedish_ci NULL DEFAULT NULL,
  `CreateDate` timestamp NULL DEFAULT current_timestamp,
  `Aktif` varchar(5) CHARACTER SET latin1 COLLATE latin1_swedish_ci NULL DEFAULT NULL,
  PRIMARY KEY (`Id`) USING BTREE
) ENGINE = InnoDB CHARACTER SET = latin1 COLLATE = latin1_swedish_ci ROW_FORMAT = COMPACT;

-- ----------------------------
-- Records of mastersupplier
-- ----------------------------
INSERT INTO `mastersupplier` VALUES ('29032301', 'JAWARA ROOF', '-', '-', 'KAPAS, BOJONEGORO', 'EMP-55E7B147297B6E1D6CB9C6F336CD69A1', '2023-03-29 08:42:49', '1');
INSERT INTO `mastersupplier` VALUES ('PT. BIMA INDAH MAKMUR ABADI ', 'BIMA', '0356334869', '-', 'JL. DR. WAHIDIN NO.59 TUBAN JAWA TIMUR', 'EMP-55E7B147297B6E1D6CB9C6F336CD69A1', '2023-05-03 16:15:56', '1');
INSERT INTO `mastersupplier` VALUES ('PT.MEGAH BANGUNAN ABADI', 'PT.MEGAH BANGUNAN ABADI', '0', '0', 'JL. RAYA SUMBERGEMPOL -DSN GEMPOL NO.100 TULUNGAGUNG', 'EMP-55E7B147297B6E1D6CB9C6F336CD69A1', '2023-03-20 10:22:33', '0');
INSERT INTO `mastersupplier` VALUES ('SUP-230001', 'PT. AURI STEEL', '0895424019058', '0', 'SEMARANG', 'EMP-55E7B147297B6E1D6CB9C6F336CD69A1', '2023-02-17 15:40:42', '1');
INSERT INTO `mastersupplier` VALUES ('SUP-230002', 'PT. INTI NIAGA PRANASARI', '0353331122', '0', 'Jl. Raya Balen Km 12 Ds. Margomulyo\nKec. Balen - Bojonegoro', 'EMP-55E7B147297B6E1D6CB9C6F336CD69A1', '2023-02-17 15:59:44', '1');
INSERT INTO `mastersupplier` VALUES ('SUP-230003', 'UD. SEJAHTERA BERSAMA PLYWOOD', '085331962222', '0', 'Ds. Prambon Wetan Kec. Rengel\nKab. Tuban', 'EMP-55E7B147297B6E1D6CB9C6F336CD69A1', '2023-02-17 16:09:31', '1');
INSERT INTO `mastersupplier` VALUES ('SUP-230004', 'PT. CATUR SENTOSA ADIPRANA', '-', '-', 'CABANG BOJONEGORO', 'EMP-55E7B147297B6E1D6CB9C6F336CD69A1', '2023-02-17 16:13:00', '1');
INSERT INTO `mastersupplier` VALUES ('SUP-230005', 'CV. PENDOWO', '-', '-', '-', 'EMP-55E7B147297B6E1D6CB9C6F336CD69A1', '2023-02-17 16:16:22', '1');
INSERT INTO `mastersupplier` VALUES ('SUP-230006', 'PT. KENCANA MAJU BERSAMA', '0321-321250', '-', 'JL. RAYA BYPASS KM 54. MOJOKERTO', 'EMP-55E7B147297B6E1D6CB9C6F336CD69A1', '2023-02-17 16:23:09', '1');
INSERT INTO `mastersupplier` VALUES ('SUP-230007', 'SRIKAYA EMAS', '-', '-', 'SURABAYA', 'EMP-55E7B147297B6E1D6CB9C6F336CD69A1', '2023-02-17 16:25:55', '1');
INSERT INTO `mastersupplier` VALUES ('SUP-230008', 'KAWI', '-', '-', '-', 'EMP-55E7B147297B6E1D6CB9C6F336CD69A1', '2023-02-17 16:28:26', '1');
INSERT INTO `mastersupplier` VALUES ('SUP-230009', 'RUCIKA', '-', '-', '-', 'EMP-55E7B147297B6E1D6CB9C6F336CD69A1', '2023-02-17 16:30:14', '1');
INSERT INTO `mastersupplier` VALUES ('SUP-230010', 'EVANIA JAYA', '-', '-', 'SURABAYA', 'EMP-55E7B147297B6E1D6CB9C6F336CD69A1', '2023-02-17 16:32:47', '1');
INSERT INTO `mastersupplier` VALUES ('SUP-230011', 'PT. PRIMA MANUNGGAL INTI INTERNUSA ', '-', '-', 'SURABAYA', 'EMP-55E7B147297B6E1D6CB9C6F336CD69A1', '2023-02-18 15:48:22', '1');
INSERT INTO `mastersupplier` VALUES ('SUP-230012', 'CV. TAMA RAYA ANUGRAH SEJAHTERA', '-', '-', 'SURABAYA', 'EMP-55E7B147297B6E1D6CB9C6F336CD69A1', '2023-02-18 15:55:24', '1');
INSERT INTO `mastersupplier` VALUES ('SUP-894D1E0CD838D9106E9EB7DA36112B51', 'pertamina', '098098098', 'pertamina@pertamina,com', 'tuban', 'ADMIN', '2022-10-24 21:19:24', '1');
INSERT INTO `mastersupplier` VALUES ('SUP-abcd', 'john', '09090909', 'john@yhoora.com', 'asdf', 'EMP-55E7B147297B6E1D6CB9C6F336CD69A1', '2023-04-07 10:03:08', '1');
INSERT INTO `mastersupplier` VALUES ('SUP-AF0122FA82449C09FD419AEAF574D356', 'KADAL', '57255212162', 'CORO', 'SOKOK', 'emp-0001', '2023-01-07 17:35:50', '1');
INSERT INTO `mastersupplier` VALUES ('SUP-BC08388ACC423A4AFE2E98D7F459D85D', 'PT.ABP', '0', '0', 'TUBAN', 'EMP-55E7B147297B6E1D6CB9C6F336CD69A1', '2023-02-03 09:59:05', '1');
INSERT INTO `mastersupplier` VALUES ('SUP-FCC434C74D0E3B275CCB368450E4C1EC', 'toyota', '0980890', 'toyota@gmail.com', 'sukarno hatta', 'emp-0001', '2022-12-16 20:41:58', '1');

-- ----------------------------
-- Table structure for mastervehicle
-- ----------------------------
DROP TABLE IF EXISTS `mastervehicle`;
CREATE TABLE `mastervehicle`  (
  `Id` varchar(50) CHARACTER SET latin1 COLLATE latin1_swedish_ci NOT NULL,
  `NoPol` varchar(50) CHARACTER SET latin1 COLLATE latin1_swedish_ci NULL DEFAULT NULL,
  `Jenis` varchar(255) CHARACTER SET latin1 COLLATE latin1_swedish_ci NULL DEFAULT NULL,
  `Aktif` varchar(5) CHARACTER SET latin1 COLLATE latin1_swedish_ci NULL DEFAULT NULL,
  `CreateBy` varchar(50) CHARACTER SET latin1 COLLATE latin1_swedish_ci NULL DEFAULT NULL,
  `CreateDate` timestamp NULL DEFAULT current_timestamp,
  PRIMARY KEY (`Id`) USING BTREE
) ENGINE = InnoDB CHARACTER SET = latin1 COLLATE = latin1_swedish_ci ROW_FORMAT = COMPACT;

-- ----------------------------
-- Records of mastervehicle
-- ----------------------------
INSERT INTO `mastervehicle` VALUES ('veh-0002', 'S123NN', 'Truck Engkel', '1', 'ADMIN', '2022-09-27 17:04:58');
INSERT INTO `mastervehicle` VALUES ('VEH-230001', 'S 8971 AD', 'TRAGA', '1', 'EMP-55E7B147297B6E1D6CB9C6F336CD69A1', '2023-02-20 15:53:58');
INSERT INTO `mastervehicle` VALUES ('VEH-2303200001', 'S 9519 A', 'ENGKEL', '1', 'EMP-55E7B147297B6E1D6CB9C6F336CD69A1', '2023-03-20 10:10:23');
INSERT INTO `mastervehicle` VALUES ('VEH-2305030001', 'S 9794 AE', 'DOUBLE', '1', 'EMP-55E7B147297B6E1D6CB9C6F336CD69A1', '2023-05-03 16:17:35');
INSERT INTO `mastervehicle` VALUES ('VEH-2305060001', 'S 9095 AG', 'DOUBLE', '1', 'EMP-55E7B147297B6E1D6CB9C6F336CD69A1', '2023-05-06 16:08:49');
INSERT INTO `mastervehicle` VALUES ('VEH-4940AED9FB2E77B8FA914487503B1E19', 'N0985', 'Truck angkel', '1', 'emp-0001', '2022-12-16 20:43:43');

-- ----------------------------
-- Table structure for reportproduct
-- ----------------------------
DROP TABLE IF EXISTS `reportproduct`;
CREATE TABLE `reportproduct`  (
  `Id` varchar(50) CHARACTER SET latin1 COLLATE latin1_swedish_ci NOT NULL,
  `ProductId` varchar(50) CHARACTER SET latin1 COLLATE latin1_swedish_ci NULL DEFAULT NULL,
  `Jml` varchar(50) CHARACTER SET latin1 COLLATE latin1_swedish_ci NULL DEFAULT NULL,
  `JmlRusak` varchar(50) CHARACTER SET latin1 COLLATE latin1_swedish_ci NOT NULL,
  `Harga` varchar(255) CHARACTER SET latin1 COLLATE latin1_swedish_ci NULL DEFAULT NULL,
  `TotalHarga` varchar(255) CHARACTER SET latin1 COLLATE latin1_swedish_ci NULL DEFAULT NULL,
  `CreateBy` varchar(50) CHARACTER SET latin1 COLLATE latin1_swedish_ci NULL DEFAULT NULL,
  `CreateDate` timestamp NULL DEFAULT current_timestamp,
  `ApproveBy` varchar(50) CHARACTER SET latin1 COLLATE latin1_swedish_ci NULL DEFAULT NULL,
  `ApproveDate` timestamp NULL DEFAULT NULL,
  `Keterangan` varchar(255) CHARACTER SET latin1 COLLATE latin1_swedish_ci NULL DEFAULT NULL,
  `SupplierId` varchar(50) CHARACTER SET latin1 COLLATE latin1_swedish_ci NULL DEFAULT NULL,
  `JmlSebelumnya` varchar(50) CHARACTER SET latin1 COLLATE latin1_swedish_ci NULL DEFAULT NULL,
  `JmlRusakSebelumnya` varchar(50) CHARACTER SET latin1 COLLATE latin1_swedish_ci NULL DEFAULT NULL,
  `SjSupplier` varchar(100) CHARACTER SET latin1 COLLATE latin1_swedish_ci NULL DEFAULT NULL,
  `HargaBeli` int NULL DEFAULT NULL,
  `TotalHargaBeli` int NULL DEFAULT NULL,
  `DpToSupplier` int NULL DEFAULT NULL,
  `KodeJenisBayarToSup` varchar(50) CHARACTER SET latin1 COLLATE latin1_swedish_ci NULL DEFAULT NULL,
  `JatuhTempoToSup` int NULL DEFAULT NULL,
  `TglJatuhTempoToSup` timestamp NOT NULL DEFAULT '0000-00-00 00:00:00',
  PRIMARY KEY (`Id`) USING BTREE
) ENGINE = InnoDB CHARACTER SET = latin1 COLLATE = latin1_swedish_ci ROW_FORMAT = COMPACT;

-- ----------------------------
-- Records of reportproduct
-- ----------------------------
INSERT INTO `reportproduct` VALUES ('REP-230001', 'PROD-230003', '99', '0', '96000', '9600000', 'emp-0001', '2023-02-17 17:54:16', 'emp-0001', '2023-01-18 16:52:28', 'PRODUCT IN', 'SUP-230001', NULL, NULL, NULL, NULL, NULL, NULL, NULL, NULL, '0000-00-00 00:00:00');
INSERT INTO `reportproduct` VALUES ('REP-230002', 'PROD-230002', '200', '0', '41000', '8200000', 'EMP-55E7B147297B6E1D6CB9C6F336CD69A1', '2023-02-17 17:54:49', 'emp-0001', '2023-01-18 16:52:07', 'PRODUCT IN', 'SUP-230002', NULL, NULL, NULL, NULL, NULL, NULL, NULL, NULL, '0000-00-00 00:00:00');
INSERT INTO `reportproduct` VALUES ('REP-230003', 'PROD-230011', '5', '0', '1440000', '7200000', 'EMP-55E7B147297B6E1D6CB9C6F336CD69A1', '2023-02-17 17:55:13', 'emp-0001', '2023-01-18 16:51:57', 'PRODUCT IN', 'SUP-230005', NULL, NULL, NULL, NULL, NULL, NULL, NULL, NULL, '0000-00-00 00:00:00');
INSERT INTO `reportproduct` VALUES ('REP-230004', 'PROD-230016', '450', '0', '0', '0', 'EMP-55E7B147297B6E1D6CB9C6F336CD69A1', '2023-02-17 17:55:36', 'emp-0001', '2023-01-18 16:51:43', 'PRODUCT IN', 'SUP-230003', NULL, NULL, NULL, NULL, NULL, NULL, NULL, NULL, '0000-00-00 00:00:00');
INSERT INTO `reportproduct` VALUES ('REP-2300051', 'PROD-230008', '40', '0', '98000', '3920000', 'EMP-55E7B147297B6E1D6CB9C6F336CD69A1', '2023-02-20 15:38:02', 'emp-0001', '2023-01-20 16:37:37', 'STOK-OPNAME ', 'SUP-230004', '', '', NULL, NULL, NULL, NULL, NULL, NULL, '0000-00-00 00:00:00');
INSERT INTO `reportproduct` VALUES ('REP-23000510', 'PROD-230017', '25', '0', '0', '0', 'EMP-55E7B147297B6E1D6CB9C6F336CD69A1', '2023-02-20 15:38:02', 'emp-0001', '2023-01-20 16:37:41', 'STOK-OPNAME ', 'SUP-230008', '', '', NULL, NULL, NULL, NULL, NULL, NULL, '0000-00-00 00:00:00');
INSERT INTO `reportproduct` VALUES ('REP-2300052', 'PROD-230009', '5', '0', '1568000', '7840000', 'EMP-55E7B147297B6E1D6CB9C6F336CD69A1', '2023-02-20 15:38:02', 'emp-0001', '2023-01-20 16:37:46', 'STOK-OPNAME ', 'SUP-230005', '', '', NULL, NULL, NULL, NULL, NULL, NULL, '0000-00-00 00:00:00');
INSERT INTO `reportproduct` VALUES ('REP-2300053', 'PROD-230010', '5', '0', '928000', '4640000', 'EMP-55E7B147297B6E1D6CB9C6F336CD69A1', '2023-02-20 15:38:02', 'emp-0001', '2023-01-20 16:38:00', 'STOK-OPNAME ', 'SUP-230005', '', '', NULL, NULL, NULL, NULL, NULL, NULL, '0000-00-00 00:00:00');
INSERT INTO `reportproduct` VALUES ('REP-2300054', 'PROD-230011', '5', '0', '1440000', '7200000', 'EMP-55E7B147297B6E1D6CB9C6F336CD69A1', '2023-02-20 15:38:02', 'emp-0001', '2023-01-20 16:38:05', 'STOK-OPNAME ', 'SUP-230005', '4', '0', NULL, NULL, NULL, NULL, NULL, NULL, '0000-00-00 00:00:00');
INSERT INTO `reportproduct` VALUES ('REP-2300055', 'PROD-230012', '6', '0', '1024000', '6144000', 'EMP-55E7B147297B6E1D6CB9C6F336CD69A1', '2023-02-20 15:38:02', 'emp-0001', '2023-01-20 16:38:10', 'STOK-OPNAME ', 'SUP-230005', '', '', NULL, NULL, NULL, NULL, NULL, NULL, '0000-00-00 00:00:00');
INSERT INTO `reportproduct` VALUES ('REP-2300056', 'PROD-230013', '1008', '0', '0', '0', 'EMP-55E7B147297B6E1D6CB9C6F336CD69A1', '2023-02-20 15:38:02', 'emp-0001', '2023-01-20 16:38:17', 'STOK-OPNAME ', 'SUP-230006', '', '', NULL, NULL, NULL, NULL, NULL, NULL, '0000-00-00 00:00:00');
INSERT INTO `reportproduct` VALUES ('REP-2300057', 'PROD-230014', '30', '0', '0', '0', 'EMP-55E7B147297B6E1D6CB9C6F336CD69A1', '2023-02-20 15:38:02', 'emp-0001', '2023-01-20 16:38:38', 'STOK-OPNAME ', 'SUP-230007', '', '', NULL, NULL, NULL, NULL, NULL, NULL, '0000-00-00 00:00:00');
INSERT INTO `reportproduct` VALUES ('REP-2300058', 'PROD-230015', '120', '0', '0', '0', 'EMP-55E7B147297B6E1D6CB9C6F336CD69A1', '2023-02-20 15:38:02', 'emp-0001', '2023-01-20 16:38:44', 'STOK-OPNAME ', 'SUP-230003', '', '', NULL, NULL, NULL, NULL, NULL, NULL, '0000-00-00 00:00:00');
INSERT INTO `reportproduct` VALUES ('REP-2300059', 'PROD-230016', '480', '0', '0', '0', 'EMP-55E7B147297B6E1D6CB9C6F336CD69A1', '2023-02-20 15:38:02', 'emp-0001', '2023-01-20 16:38:51', 'STOK-OPNAME ', 'SUP-230003', '450', '0', NULL, NULL, NULL, NULL, NULL, NULL, '0000-00-00 00:00:00');
INSERT INTO `reportproduct` VALUES ('REP-230052', 'PROD-230013', '1008', '0', '98000', '98784000', 'EMP-55E7B147297B6E1D6CB9C6F336CD69A1', '2023-02-20 15:41:49', 'emp-0001', '2023-01-20 16:38:57', 'PRODUCT IN', 'SUP-230006', NULL, NULL, NULL, NULL, NULL, NULL, NULL, NULL, '0000-00-00 00:00:00');
INSERT INTO `reportproduct` VALUES ('REP-230053', 'PROD-230003', '100', '0', '76500', '7650000', 'EMP-55E7B147297B6E1D6CB9C6F336CD69A1', '2023-02-20 15:44:32', 'emp-0001', '2023-01-20 16:39:05', 'PRODUCT IN', 'SUP-230001', NULL, NULL, NULL, NULL, NULL, NULL, NULL, NULL, '0000-00-00 00:00:00');
INSERT INTO `reportproduct` VALUES ('REP-230054', 'PROD-230001', '100', '0', '102000', '10200000', 'EMP-55E7B147297B6E1D6CB9C6F336CD69A1', '2023-02-20 15:45:10', 'emp-0001', '2023-01-20 16:39:12', 'PRODUCT IN', 'SUP-230001', NULL, NULL, NULL, NULL, NULL, NULL, NULL, NULL, '0000-00-00 00:00:00');
INSERT INTO `reportproduct` VALUES ('REP-230055', 'PROD-230004', '100', '0', '127500', '12750000', 'EMP-55E7B147297B6E1D6CB9C6F336CD69A1', '2023-02-20 15:45:35', 'emp-0001', '2023-01-20 16:39:19', 'PRODUCT IN', 'SUP-230001', NULL, NULL, NULL, NULL, NULL, NULL, NULL, NULL, '0000-00-00 00:00:00');
INSERT INTO `reportproduct` VALUES ('REP-230056', 'PROD-230005', '100', '0', '153000', '15300000', 'EMP-55E7B147297B6E1D6CB9C6F336CD69A1', '2023-02-20 15:46:06', 'emp-0001', '2023-01-20 16:39:26', 'PRODUCT IN', 'SUP-230001', NULL, NULL, NULL, NULL, NULL, NULL, NULL, NULL, '0000-00-00 00:00:00');
INSERT INTO `reportproduct` VALUES ('REP-230057', 'PROD-230006', '100', '0', '178500', '17850000', 'EMP-55E7B147297B6E1D6CB9C6F336CD69A1', '2023-02-20 15:46:36', 'emp-0001', '2023-01-20 16:39:33', 'PRODUCT IN', 'SUP-230001', NULL, NULL, NULL, NULL, NULL, NULL, NULL, NULL, '0000-00-00 00:00:00');
INSERT INTO `reportproduct` VALUES ('REP-230058', 'PROD-230002', '200', '0', '44000', '8800000', 'EMP-55E7B147297B6E1D6CB9C6F336CD69A1', '2023-02-20 15:48:34', 'emp-0001', '2023-01-20 16:39:40', 'PRODUCT IN', 'SUP-230002', NULL, NULL, NULL, NULL, NULL, NULL, NULL, NULL, '0000-00-00 00:00:00');
INSERT INTO `reportproduct` VALUES ('REP-230059', 'PROD-230011', '5', '0', '1395000', '6975000', 'EMP-55E7B147297B6E1D6CB9C6F336CD69A1', '2023-02-20 15:49:57', 'emp-0001', '2023-01-20 16:39:47', 'PRODUCT IN', 'SUP-230005', NULL, NULL, NULL, NULL, NULL, NULL, NULL, NULL, '0000-00-00 00:00:00');
INSERT INTO `reportproduct` VALUES ('REP-230060', 'PROD-230016', '480', '0', '69000', '33120000', 'EMP-55E7B147297B6E1D6CB9C6F336CD69A1', '2023-02-20 15:51:43', 'emp-0001', '2023-01-20 16:39:54', 'PRODUCT IN', 'SUP-230003', NULL, NULL, NULL, NULL, NULL, NULL, NULL, NULL, '0000-00-00 00:00:00');
INSERT INTO `reportproduct` VALUES ('REP-230061', 'PROD-230016', '480', '0', '69000', '33120000', 'EMP-55E7B147297B6E1D6CB9C6F336CD69A1', '2023-02-20 15:52:24', 'emp-0001', '2023-01-20 16:38:30', 'PRODUCT IN', 'SUP-230003', NULL, NULL, NULL, NULL, NULL, NULL, NULL, NULL, '0000-00-00 00:00:00');
INSERT INTO `reportproduct` VALUES ('REP-2304110001', 'PROD-230013', '99', '0', '12000', '1188000', 'emp-0001', '2023-04-11 20:53:36', NULL, NULL, '<EDIT>', 'SUP-230006', NULL, NULL, NULL, NULL, NULL, NULL, NULL, NULL, '0000-00-00 00:00:00');
INSERT INTO `reportproduct` VALUES ('REP-2304110002', 'PROD-230011', '4', '1', '1440000', '5760000', 'emp-0001', '2023-04-11 22:06:05', 'emp-0001', '2023-03-11 22:25:09', '<EDIT>', 'SUP-230005', NULL, NULL, NULL, NULL, NULL, NULL, NULL, NULL, '0000-00-00 00:00:00');
INSERT INTO `reportproduct` VALUES ('REP-2304110003', 'PROD-230010', '5', '1', '928000', '4640000', 'emp-0001', '2023-04-11 22:06:59', 'emp-0001', '2023-03-13 09:41:19', '<EDIT>', 'SUP-230005', NULL, NULL, NULL, NULL, NULL, NULL, NULL, NULL, '0000-00-00 00:00:00');
INSERT INTO `reportproduct` VALUES ('REP-2304110004', 'PROD-230009', '4', '1', '1568000', '6272000', 'emp-0001', '2023-04-11 22:21:20', 'emp-0001', '2023-03-14 13:47:48', '<EDIT>tukar', 'SUP-230005', NULL, NULL, NULL, NULL, NULL, NULL, NULL, NULL, '0000-00-00 00:00:00');
INSERT INTO `reportproduct` VALUES ('REP-2304130001', 'PROD-230011', '3', '1', '1440000', '4320000', 'emp-0001', '2023-04-13 09:39:42', 'emp-0001', '2023-03-14 13:44:13', '<EDIT>Potong manual', 'SUP-230005', NULL, NULL, NULL, NULL, NULL, NULL, NULL, NULL, '0000-00-00 00:00:00');
INSERT INTO `reportproduct` VALUES ('REP-2308150001', 'PROD-230002', '1', '0', '41000', '41000', 'emp-0001', '2023-08-15 10:40:35', NULL, NULL, 'PRODUCT IN', 'SUP-230002', NULL, NULL, 'sj0101', NULL, NULL, NULL, NULL, NULL, '0000-00-00 00:00:00');
INSERT INTO `reportproduct` VALUES ('REP-2308150002', 'PROD-230001', '1', '0', '96000', '96000', 'emp-0001', '2023-08-15 10:42:52', NULL, NULL, 'PRODUCT IN', 'SUP-230001', NULL, NULL, 'sj5555', NULL, NULL, NULL, NULL, NULL, '0000-00-00 00:00:00');
INSERT INTO `reportproduct` VALUES ('REP-2308150003', 'PROD-230001', '100', '0', '96000', '9600000', 'emp-0001', '2023-08-15 11:11:32', NULL, NULL, 'PRODUCT IN', 'SUP-230001', NULL, NULL, 'asdf', NULL, NULL, NULL, NULL, NULL, '0000-00-00 00:00:00');
INSERT INTO `reportproduct` VALUES ('REP-2308150004', 'PROD-230001', '101', '0', '96000', '9696000', 'emp-0001', '2023-08-15 11:19:54', NULL, NULL, 'PRODUCT IN', 'SUP-230001', NULL, NULL, 'asdf', NULL, NULL, NULL, NULL, NULL, '0000-00-00 00:00:00');
INSERT INTO `reportproduct` VALUES ('REP-2308260001', 'PROD-230005', '24', '0', '96000', '2304000', 'emp-0001', '2023-08-26 11:45:08', NULL, NULL, 'PRODUCT IN', 'SUP-230001', NULL, NULL, 's654', 100, 2400, 10, 'MJB-08FDBB0BA319C5A550E103CAAE799D6B', 30, '0000-00-00 00:00:00');
INSERT INTO `reportproduct` VALUES ('REP-2308310001', 'PROD-230003', '100', '5', '96000', '9600000', 'emp-0001', '2023-08-31 19:16:39', 'emp-0001', '2023-07-31 19:20:25', 'PRODUCT IN', 'SUP-230001', NULL, NULL, 'sj-009', 90000, 9000000, 10, 'MJB-08FDBB0BA319C5A550E103CAAE799D6B', 30, '0000-00-00 00:00:00');
INSERT INTO `reportproduct` VALUES ('REP-847EFA9622EB0048F2970F49152859AE1', 'PROD-C8ACF6C1ACF8A948C9E755ECA5A8598F', '100', '5', '300000', '30000000', 'emp-0001', '2023-01-27 13:38:14', 'emp-0001', '2023-01-27 13:38:38', 'STOK-OPNAME test 5', 'SUP-AF0122FA82449C09FD419AEAF574D356', '', '', NULL, NULL, NULL, NULL, NULL, NULL, '0000-00-00 00:00:00');
INSERT INTO `reportproduct` VALUES ('REP-8E9F9EDC7601EB28C1C0AAC0D31BED2A', 'PROD-062AD13AB70984A7B0A155B95B4446CB', '9', '1', '55000', '495000', 'emp-0001', '2022-12-21 13:51:03', 'emp-0001', '2022-11-21 13:51:15', 'PRODUCT IN', 'SUP-FCC434C74D0E3B275CCB368450E4C1EC', NULL, NULL, NULL, NULL, NULL, NULL, NULL, NULL, '0000-00-00 00:00:00');
INSERT INTO `reportproduct` VALUES ('REP-AD7548BDD57BD2AC9E9960E806F0CD26', 'PROD-9B4C813D343F4E73C0812D1683D7B487', '1000', '3', '10000', '10000000', 'emp-0001', '2023-01-07 15:19:40', 'emp-0001', '0000-00-00 00:00:00', 'PRODUCT IN', 'SUP-894D1E0CD838D9106E9EB7DA36112B51', NULL, NULL, NULL, NULL, NULL, NULL, NULL, NULL, '0000-00-00 00:00:00');
INSERT INTO `reportproduct` VALUES ('REP-D986C6CA9FD6D0DE279CD64D0126A9241', 'PROD-062AD13AB70984A7B0A155B95B4446CB', '86', '3', '55000', '4730000', 'emp-0001', '2023-01-26 11:56:53', 'emp-0001', '2023-01-27 13:34:41', 'STOK-OPNAME test 1', 'SUP-FCC434C74D0E3B275CCB368450E4C1EC', '85', '2', NULL, NULL, NULL, NULL, NULL, NULL, '0000-00-00 00:00:00');
INSERT INTO `reportproduct` VALUES ('REP-D986C6CA9FD6D0DE279CD64D0126A9242', 'PROD-0FAAC2BF894C1A31E69B3D24BDB57EEF', '1', '1', '9898', '9898', 'emp-0001', '2023-01-26 11:56:53', 'emp-0001', '2023-01-27 13:34:41', 'STOK-OPNAME test 2', 'SUP-FCC434C74D0E3B275CCB368450E4C1EC', '', '', NULL, NULL, NULL, NULL, NULL, NULL, '0000-00-00 00:00:00');
INSERT INTO `reportproduct` VALUES ('REP-F471311AF7AEB784B6108F1EBC00B9BA', 'PROD-C5F5951606E7689BD0C55D622D2B00F1', '100', '1', '22000', '2200000', 'emp-0001', '2022-12-20 14:50:14', 'emp-0001', '2022-11-20 14:51:39', 'PRODUCT IN', 'SUP-FCC434C74D0E3B275CCB368450E4C1EC', NULL, NULL, NULL, NULL, NULL, NULL, NULL, NULL, '0000-00-00 00:00:00');

-- ----------------------------
-- Table structure for returnbarang
-- ----------------------------
DROP TABLE IF EXISTS `returnbarang`;
CREATE TABLE `returnbarang`  (
  `Id` varchar(50) CHARACTER SET latin1 COLLATE latin1_swedish_ci NOT NULL,
  `IdSo` varchar(50) CHARACTER SET latin1 COLLATE latin1_swedish_ci NULL DEFAULT NULL,
  `IdPelanggan` varchar(50) CHARACTER SET latin1 COLLATE latin1_swedish_ci NULL DEFAULT NULL,
  `StatusReturn` varchar(100) CHARACTER SET latin1 COLLATE latin1_swedish_ci NULL DEFAULT NULL,
  `Keterangan` text CHARACTER SET latin1 COLLATE latin1_swedish_ci NULL,
  `CreateBy` varchar(50) CHARACTER SET latin1 COLLATE latin1_swedish_ci NULL DEFAULT NULL,
  `CreateDate` timestamp NULL DEFAULT current_timestamp,
  PRIMARY KEY (`Id`) USING BTREE
) ENGINE = InnoDB CHARACTER SET = latin1 COLLATE = latin1_swedish_ci ROW_FORMAT = Dynamic;

-- ----------------------------
-- Records of returnbarang
-- ----------------------------
INSERT INTO `returnbarang` VALUES ('RET-2307220001', 'SJ-2307210001', 'CUST-2306270004', 'Return', 'test', 'emp-0001', '2023-07-22 13:25:48');
INSERT INTO `returnbarang` VALUES ('RET-2308010001', 'SJ-2307310002', 'CUST-2306270004', 'Return', 'asdf', 'emp-0001', '2023-08-01 00:09:38');
INSERT INTO `returnbarang` VALUES ('RET-2308030001', 'SJ-2308030001', 'CUST-2306270005', 'Return', 'test return last', 'emp-0001', '2023-08-03 18:37:55');

-- ----------------------------
-- Procedure structure for whileCount
-- ----------------------------
DROP PROCEDURE IF EXISTS `whileCount`;
delimiter ;;
CREATE PROCEDURE `whileCount`()
WHOLEBLOCK:BEGIN
  declare x INT default 1;
	SET @countId = (SELECT COUNT(IFNULL(KodeSJ, 0)) FROM detailso WHERE KodeSJ = 'SJ-2307210002'); 
  WHILE x <= @countId DO
    INSERT INTO tempCount(IdCount) VALUES(x);
    SET x = x + 1;
  END WHILE;
END
;;
delimiter ;

-- ----------------------------
-- Procedure structure for while_example
-- ----------------------------
DROP PROCEDURE IF EXISTS `while_example`;
delimiter ;;
CREATE PROCEDURE `while_example`()
wholeblock:BEGIN
  declare x INT default 1;
  SET x = 1;
	SET @countId = (SELECT COUNT(IFNULL(KodeSJ, 0)) FROM detailso WHERE KodeSJ = 'SJ-2307210002'); 

  WHILE x <= @countId DO
    INSERT INTO tempCount(IdCount) VALUES(x);
    SET x = x + 1;
  END WHILE;

  select * FROM tempCount;
END
;;
delimiter ;

SET FOREIGN_KEY_CHECKS = 1;
